transaction_id,sender_upi,receiver_upi,amount,timestamp,location,device_id,is_new_device,hour_of_day,is_fraud
c77dd5c0-0e52-4e0d-ba34-8aa355bd68ae,amaradutta@upi,ishakuruvilla@upi,4539.06,2026-08-21T19:17:11,Kolkata,aa02a852-3bd,0,19,0
f6b4e346-a583-44b9-a846-0fa2cd794d58,zaidchauhan@upi,jyoti29@upi,4855.08,2026-07-15T22:47:35,Mumbai,f25fae62-8b8,0,22,0
d299c8b8-75c0-4149-8435-02b50fa412fa,modibhavini@upi,balangirik@upi,2929.19,2026-08-09T10:56:33,Bengaluru,2ce18ffb-7ff,0,10,0
185de1b1-c6bf-4199-bb5b-e9eccdabf763,gauriganguly@upi,advika35@upi,194.5,2026-09-20T20:42:25,Pune,c72e7ae4-f85,0,20,0
30edb59f-0689-4d17-9bb2-2d49478e8f24,fsarma@upi,triyagopal@upi,2191.46,2026-09-23T09:44:27,Mumbai,7033c9dc-e9c,0,9,0
703be7a7-bec7-4acb-91bb-136960c77728,yauvanicomar@upi,grewalekapad@upi,331.55,2026-09-13T20:07:41,Delhi,b458f741-708,0,20,0
8302bd51-3945-4e89-89f2-ad2882e42165,udantdewan@upi,nattdominic@upi,4229.92,2026-09-01T16:41:59,Delhi,66e63f8b-6eb,0,16,0
d4f6c716-846d-4ceb-a5c6-6765fcad2cd3,patrickvasa@upi,kgole@upi,749.12,2026-07-28T10:24:15,Chennai,5486ec5a-863,0,10,0
81a5d4ea-2e8b-4cbd-86e5-cac8cc45bec9,patrickvasa@upi,udantbajwa@upi,762.17,2026-07-15T16:09:38,Chennai,5486ec5a-863,0,16,0
f5112c72-d0a8-4662-9f85-bd73eef08b2a,gauriganguly@upi,mkapadia@upi,114.18,2026-08-14T22:54:49,Hyderabad,c72e7ae4-f85,0,22,0
3c8dccf5-6b08-4254-94e8-06de7dee27af,pradhankalpit@upi,darsh64@upi,1654.96,2026-08-18T05:00:54,Bengaluru,4db802c1-9ff,0,17,0
38e6327e-e24f-4d9a-86f4-66fa0a062787,anshbedi@upi,osachdeva@upi,1720.63,2026-07-05T20:05:32,Chennai,a7b3a41a-177,0,20,0
96da74f9-3e1f-44e0-9686-ec8d394d57d9,vamakshi82@upi,atharv13@upi,2782.79,2026-08-05T14:29:33,Hyderabad,54f56fb8-041,0,14,0
61f3ef5f-67f2-4d98-aca4-56620988d875,thamanorinder@upi,sidhudaksha@upi,1764.5,2026-08-14T20:19:15,Kolkata,2a9bc1a4-1d0,0,20,0
6948abe4-60b0-4e3f-aaee-ef15cd797cae,tanvi51@upi,bhavyamandal@upi,2269.21,2026-08-21T08:59:00,Chennai,df69cfd2-a83,0,8,0
1c74c1fd-3143-4a4f-8817-b819bfa5e2d3,finn70@upi,yashodadeshpande@upi,4080.43,2026-09-13T10:52:39,Hyderabad,7646228b-fd5,0,10,0
76d4785f-03a7-4afb-b279-737a32dbb309,khatrinathan@upi,upai@upi,2796.82,2026-07-25T01:24:53,Kolkata,67200f98-d64,0,16,0
6b6529c8-b59a-44fc-b439-40cd46c54ebf,dhaliwalupkaar@upi,sarinanirudh@upi,92.24,2026-09-18T17:21:16,Hyderabad,7a9a9350-e0a,0,17,0
e8c690ac-0978-4a96-b0f7-6519f86f7083,lshere@upi,aarnavrege@upi,2273.56,2026-07-09T18:25:52,Kolkata,39597721-7f3,0,18,0
d329f3c7-977c-4454-9dd7-10e06ab04890,anamikayohannan@upi,nandinibhargava@upi,1162.97,2026-06-30T20:23:17,Hyderabad,588457f2-bbd,0,20,0
0b14a460-1bc7-46b6-9834-ec2bedaba13a,gautammerchant@upi,randhawaanvi@upi,2521.54,2026-09-07T01:48:39,Akola,c39bd9f0-2f5,0,15,0
3f819c59-e495-46bb-849f-fea85a645b88,dayamai55@upi,indira19@upi,3919.18,2026-07-05T12:31:01,Delhi,4e7f1479-d7f,0,12,0
62659548-90e8-4e23-a97b-c1bb707a6e48,beramax@upi,ishaanshenoy@upi,1128.26,2026-08-12T21:55:05,Chennai,66663ca1-cbd,0,21,0
6efb5e40-2034-4191-8cb2-a2840083e946,daksh45@upi,borramanthan@upi,2752.77,2026-07-13T16:30:48,Bengaluru,072ac257-0f0,0,16,0
f7121bc8-8777-46fd-acfe-7fd1e27be5fe,mangalwahab@upi,qpandya@upi,15156.44,2026-08-11T03:30:04,Mumbai,41ef739e-fcd,1,3,1
dc4fbfd8-1844-4b0a-8617-d22f9f337477,vmerchant@upi,qvyas@upi,618.68,2026-09-14T15:23:16,Hyderabad,af2f2527-a1c,0,15,0
d65160f8-d2be-464c-ac3e-8c6a84742b20,mangalwahab@upi,osharamachandran@upi,120.22,2026-07-21T11:39:51,Kolkata,ddfc0db5-5e5,0,11,0
e9465295-fef4-49a9-977c-d93df4aa3cc0,pandeychanchal@upi,mananbakshi@upi,4077.15,2026-09-13T13:14:01,Mumbai,864a2d04-55f,0,13,0
3c85e536-aa6a-4c9b-9f7f-b32d0f68cd86,frederickkhurana@upi,urvashi66@upi,2096.31,2026-09-25T16:00:28,Pune,5469bd7e-cfb,0,16,0
2b87692e-addb-4545-8b86-3fc9b9222cd7,ekapadjohal@upi,patrickvasa@upi,1597.11,2026-09-24T06:41:40,Akola,057e37c4-ccf,0,6,0
0c7ea696-a883-425a-8320-6de1d9fedeb5,bhagatbrinda@upi,chandani64@upi,672.85,2026-07-30T00:29:54,Pune,d766091e-4d5,0,17,0
22cc62c9-ee70-4166-96b8-cefa8555b3f5,ssahni@upi,upmavenkataraman@upi,4499.6,2026-07-26T09:30:05,Kolkata,5a5477fd-633,0,9,0
97a3da0c-02f4-4efa-9288-637ec590e214,yashica40@upi,nandinibhargava@upi,44738.68,2026-09-11T00:09:35,Pune,d6a3b1dc-4fa,1,0,1
63e5fee0-66bd-4e6a-bba0-590d46ccf38e,petersachar@upi,zarnapathak@upi,75194.23,2026-07-03T00:29:34,Chennai,54a6542e-1b7,1,0,1
60f2e867-fc93-4d1c-81b6-09290c017f3b,udantbajwa@upi,balangirik@upi,4394.88,2026-08-06T03:24:38,Delhi,cce36fe7-c93,0,9,0
5e10b3a9-7279-4801-af62-d42135c07b81,ojasvi77@upi,upai@upi,4265.67,2026-08-29T18:25:02,Kolkata,436c8c6f-1ee,0,18,0
f013470b-0954-402d-a237-22ab78cbf0dd,chandani64@upi,charan16@upi,3187.2,2026-07-20T22:12:20,Mumbai,0a20b114-3c9,0,22,0
ae7f36a8-a233-4c88-b3ff-245e79a04e5e,aarnavmalhotra@upi,aradhanaverma@upi,313.31,2026-07-31T00:56:41,Hyderabad,de316df9-cc5,0,7,0
6881d418-f07a-413c-b964-5bb484cd3811,indali23@upi,eyohannan@upi,76352.81,2026-08-18T01:17:10,Chennai,cf1f3228-93a,1,1,1
7998ceba-2020-46c2-930f-5910825b0948,bariaazaan@upi,hyadav@upi,4491.02,2026-07-27T18:46:30,Bengaluru,88c64c48-2d1,0,18,0
63851620-e2cd-499b-b03f-5e83f7db2210,sudiksha89@upi,rudra61@upi,3778.6,2026-09-19T05:38:06,Delhi,06dc236b-954,0,10,0
68844be2-975b-4146-9c24-26866b036b3d,nattdominic@upi,udantdewan@upi,187.7,2026-08-11T20:46:36,Delhi,a40028bd-8ea,0,20,0
5df89b59-e5d1-4892-b521-170a67bf2a89,karnikekansh@upi,qnayar@upi,2693.99,2026-07-29T19:07:09,Pune,9ebe94a8-d7f,0,19,0
c0542139-ed4b-40f4-9cad-edb255a52a91,twalia@upi,petersachar@upi,685.54,2026-09-14T06:11:39,Kolkata,a3de5c1a-f8a,0,6,0
b3dd6740-5538-4db8-9689-34679ef37131,frederickkhurana@upi,janujapradhan@upi,3466.94,2026-09-05T18:04:23,Hyderabad,5469bd7e-cfb,0,18,0
e400593c-ebe3-4b76-8331-b679659f89c2,twalia@upi,karnikekansh@upi,55.99,2026-07-27T04:29:46,Pune,a3de5c1a-f8a,0,7,0
a7ea2b1e-c721-453b-befb-b692dc8818b3,yashawinilanka@upi,trivenipathak@upi,588.04,2026-08-28T09:34:59,Kolkata,f77e4bb1-6bd,0,9,0
7291c9b3-4a4e-4fed-ab7f-0c492dd83564,ishaanshenoy@upi,kabirsoman@upi,4215.08,2026-09-17T13:25:32,Mumbai,d25bdbcf-05d,0,13,0
28a02f17-2604-49f9-92ea-a850eadecc3c,cdatta@upi,ikakar@upi,948.22,2026-09-23T08:24:58,Mumbai,5549160f-884,0,8,0
aacaf0da-a8fa-4625-8ec8-3973f3a3dcb0,janujasankar@upi,amaradeep@upi,2593.64,2026-09-07T16:08:02,Bengaluru,9939ea42-a08,0,16,0
0a2168b5-7a1a-44e9-9b23-4df0acbfe148,kom@upi,amol24@upi,2222.64,2026-08-25T14:18:26,Bengaluru,4bc2a128-c81,0,14,0
5df7aa0a-07ed-489f-a339-dedfbf0f224c,jasmitwali@upi,shivansh53@upi,4329.29,2026-07-08T03:18:48,Hyderabad,c7e0aeac-11c,0,10,0
d51e89b3-6882-49c2-90c0-91fcea0c1575,mangalwahab@upi,kibeharsh@upi,4627.84,2026-08-27T17:32:09,Mumbai,ddfc0db5-5e5,0,17,0
5c00d505-031f-4680-9685-abdc13188593,janujasankar@upi,sudiksha89@upi,1972.93,2026-07-23T23:56:24,Chennai,9939ea42-a08,0,23,0
073a6371-a60a-483a-ad96-c64e0830eb45,sudiksha89@upi,upmavenkataraman@upi,2228.49,2026-08-03T20:45:39,Pune,06dc236b-954,0,20,0
4acde9ec-c693-4798-8e25-041144c45f36,osharaghavan@upi,chandani64@upi,4550.69,2026-08-16T00:59:59,Mumbai,ad326f07-fe5,0,15,0
8d57fe95-d1b3-4e1a-8e6d-4767dd2dad98,urvashi66@upi,uchandran@upi,4815.72,2026-09-12T11:36:02,Chennai,f2baea33-475,0,11,0
1e9b2c77-718e-4a5e-82bd-e42c899ef149,bhavani27@upi,balangirik@upi,58.37,2026-07-02T07:53:13,Pune,527b9e26-830,0,7,0
0af0a001-f2c7-4769-9099-dc7d6f4b947a,bhavyamandal@upi,saumyadey@upi,4264.37,2026-09-04T15:57:04,Kolkata,dc1c0b6c-2bd,0,15,0
99054273-70c8-4d95-a628-9909082cf037,qwadhwa@upi,finn70@upi,604.52,2026-07-16T19:01:33,Bengaluru,d7ea7a98-7ad,0,19,0
5b01d16e-1b3c-4ee1-aa5b-6c98142dcf63,upai@upi,amaradeep@upi,2675.69,2026-08-02T02:19:37,Chennai,eb6db7d5-b4b,0,7,0
ee5bce28-c396-4f32-95b8-f0379062e6ce,ishakuruvilla@upi,indali23@upi,4584.99,2026-07-30T02:16:41,Kolkata,6bc0dd84-3b8,0,19,0
54414237-729b-44e1-8a20-8f10962856dd,ekaraj45@upi,vlanka@upi,1136.92,2026-07-09T19:02:23,Mumbai,9046f951-c5c,0,19,0
69fa3f45-ce56-4b78-b93a-83406256eb56,qwadhwa@upi,devimatthew@upi,56.93,2026-07-04T10:57:26,Akola,d7ea7a98-7ad,0,10,0
9d8db717-7203-46f9-8fd2-6b4d5a6f5676,randhawaanvi@upi,advika35@upi,4283.82,2026-09-02T00:37:40,Delhi,4e527681-5a1,0,19,0
c5201712-3ff2-44cb-b847-38f9db0d5def,othakur@upi,ekbalbhasin@upi,377.27,2026-07-04T00:21:25,Chennai,bba7a234-41e,0,9,0
59b7cf10-50d4-4bf9-951a-e5440c12c0c3,sachdevanikita@upi,osharamachandran@upi,1942.74,2026-07-18T10:49:33,Bengaluru,84a60f35-56b,0,10,0
d076f024-97ed-40fe-8cf0-de3ce997b943,nathanielsami@upi,trivenipathak@upi,1010.38,2026-07-16T02:05:20,Akola,dc6d5618-766,0,22,0
ae94678e-10f4-4369-90f8-7c1f84c57c1a,twalia@upi,hritikpalla@upi,2834.36,2026-09-09T16:12:28,Mumbai,a3de5c1a-f8a,0,16,0
e64b81d7-b0e5-4e47-b0b6-67da9f3e41a5,grewalekapad@upi,kakardivya@upi,2750.66,2026-07-22T12:14:35,Akola,48f0b03d-9d3,0,12,0
212fdade-82b2-4dfe-bb7b-2a77c00b7d7e,yashodadeshpande@upi,trivenipathak@upi,2090.41,2026-07-10T08:35:26,Bengaluru,976e20dc-d26,0,8,0
9409a40b-a3d8-4198-9e07-ecf306e240e0,droy@upi,faqidsavant@upi,1803.77,2026-07-15T11:48:16,Chennai,554ccb59-53a,0,11,0
ee623a5f-fd24-47a9-ba5d-a2c9397accc9,owen10@upi,vedamalhotra@upi,1670.4,2026-08-13T02:53:34,Kolkata,2a881e5f-0a3,0,17,0
0b990ea6-0612-43e8-96c9-ad96dbe051ae,shroffbhavna@upi,patrickvasa@upi,2280.05,2026-09-18T08:40:30,Kolkata,b34f4617-f13,0,8,0
2763230b-1642-42a9-8f04-c30517a4275a,urvibhavsar@upi,michaelborra@upi,2316.42,2026-07-16T19:21:30,Bengaluru,2b85036e-d5d,0,19,0
64809e46-096f-45e6-8fac-e0866c3b931c,theodore28@upi,yashica40@upi,3076.95,2026-08-20T22:27:36,Mumbai,bf68b038-433,0,22,0
1c333661-0fc2-4269-80d5-3eb3dcf6c126,qatwal@upi,uaurora@upi,1021.69,2026-08-20T20:19:16,Hyderabad,cc16e930-bee,0,20,0
1374b6a3-2a4f-4b87-afca-20c9aca90257,pushti49@upi,odhar@upi,4228.4,2026-07-11T11:04:42,Chennai,d8857b1b-100,0,11,0
1805ace5-cd19-4e0e-ab6d-c69ea6b8e37b,karnikekansh@upi,harrisonrai@upi,248.29,2026-08-28T13:14:06,Kolkata,9ebe94a8-d7f,0,13,0
be125dc5-28e9-4551-b1b5-29fde84774fb,aishanibumb@upi,bhavani27@upi,2502.76,2026-08-30T00:09:16,Bengaluru,27a02a93-b8a,0,18,0
3f7c2167-4940-4a6e-a72c-99d8b7d8716d,twalia@upi,bhavyamandal@upi,3965.44,2026-09-20T15:33:56,Delhi,a3de5c1a-f8a,0,15,0
9b8fcc7b-c398-4cf2-beb3-9fa323bbef72,twalia@upi,sahaupkaar@upi,256.87,2026-07-02T23:35:56,Kolkata,a3de5c1a-f8a,0,23,0
4edf1392-6484-45dd-a871-0d79ca0e61ff,yauvanicomar@upi,aarnavrege@upi,3426.55,2026-09-18T07:30:40,Chennai,b458f741-708,0,7,0
a380761b-d6dc-417f-b653-52474f1feaa1,fsamra@upi,aarnavrege@upi,3879.62,2026-07-08T23:57:02,Hyderabad,16d95fa1-3ca,0,23,0
13aaa049-b728-4c5e-b654-a6f4efe7aa53,frederickkhurana@upi,bhavnakaran@upi,1752.04,2026-08-16T08:32:28,Pune,5469bd7e-cfb,0,8,0
9cfba174-518a-4f6f-8d43-a3037825b1b8,ekapadjohal@upi,gauriganguly@upi,2396.78,2026-07-01T05:28:17,Bengaluru,057e37c4-ccf,0,12,0
786c4215-df7f-4abe-b641-c33e5a99bff2,randhawaanvi@upi,alkadewan@upi,2988.94,2026-07-13T01:03:32,Kolkata,4e527681-5a1,0,16,0
2c2801d4-2c97-451a-96b6-10d92c9e9af8,bhatvarenya@upi,modibhavini@upi,3729.37,2026-08-23T06:28:59,Chennai,e7b4cbd8-66d,0,6,0
287ec911-a8d0-4112-b357-1858981b8701,ksehgal@upi,bhandarijyoti@upi,68269.68,2026-08-30T02:32:18,Mumbai,ba7a014b-ec1,1,2,1
9dab92c1-f6dc-45ab-81e0-0522370ce1b2,mray@upi,osharamachandran@upi,2880.89,2026-07-11T16:43:47,Mumbai,4d9d1830-dbb,0,16,0
aaf8eece-8dc8-4d8d-8a22-515755c1e27a,kabirsoman@upi,fswamy@upi,1374.57,2026-09-01T07:03:39,Kolkata,6ef910ee-e62,0,7,0
0255b9ae-2e61-4a6a-b575-4d35df6aec4e,soodyadavi@upi,vedamalhotra@upi,2287.43,2026-07-06T22:17:41,Pune,82f6eeaf-083,0,22,0
3727a5e3-4870-4ab6-b704-937879eb6f2b,onadig@upi,grewalekapad@upi,2022.41,2026-08-18T13:56:22,Hyderabad,2edf66dc-30a,0,13,0
74d455f7-49c3-43dc-9fb3-5258516ad931,shroffbhavna@upi,janujasankar@upi,3883.11,2026-08-21T03:28:22,Akola,b34f4617-f13,0,9,0
5bbdd9c2-13d8-4443-998c-d6d932c57cb2,aarnavrege@upi,tanvi51@upi,1790.65,2026-08-18T03:13:40,Pune,33daedc4-9e0,0,11,0
b979ae40-1493-46a0-9ed1-0b9ce42be219,anshbedi@upi,alkadewan@upi,2840.86,2026-07-14T12:50:52,Bengaluru,a7b3a41a-177,0,12,0
d8b6bc85-300a-4ba5-bea4-ab3d76d22b6b,lshere@upi,soodyadavi@upi,2001.14,2026-08-21T12:33:11,Delhi,39597721-7f3,0,12,0
7105dbcb-5a09-4629-a2f1-15247e7d165e,harrisonrai@upi,raksha87@upi,3267.23,2026-09-08T11:58:02,Akola,e7816626-028,0,11,0
c66801d8-ee8d-48dc-bd6d-a7d90fb372bc,amblesamarth@upi,modibhavini@upi,125.97,2026-07-31T13:50:59,Bengaluru,8afd62cd-bcc,0,13,0
59db1fc9-54b3-4f4f-bfff-3d69a697a379,teerth09@upi,lalpranav@upi,1110.47,2026-08-28T17:51:31,Bengaluru,ffd45e2d-603,0,17,0
7d3a55ad-1ec6-4081-b5d3-ac01a37e2457,pavani85@upi,aryasunder@upi,2822.75,2026-07-01T09:41:11,Kolkata,f45333eb-f0e,0,9,0
0d3ad21d-ebdd-4ecd-9b7c-f61084e2e376,patrickvasa@upi,onadig@upi,3371.34,2026-09-14T11:44:07,Mumbai,5486ec5a-863,0,11,0
d9999ec6-811e-475f-8a30-f0281c5d01a9,aishanibumb@upi,jyoti29@upi,3800.99,2026-09-15T00:16:41,Delhi,27a02a93-b8a,0,12,0
15dc1546-0c07-4372-ae52-73d4aa704c98,upmavenkataraman@upi,urvibhavsar@upi,4273.32,2026-08-22T18:42:37,Hyderabad,38c9fa48-2f9,0,18,0
86a2c842-446e-4451-bb96-8c7b6c9744d8,avarkey@upi,tanvi51@upi,3741.04,2026-07-11T15:30:25,Kolkata,2060d1a2-7a7,0,15,0
f4898503-a581-4631-800e-2abe1e5bf821,devimatthew@upi,alkadewan@upi,1768.66,2026-08-24T03:29:02,Chennai,a1b0f18a-d9c,0,18,0
db73c933-4247-434e-8cf8-41c2a436e429,znori@upi,thamanorinder@upi,961.04,2026-09-01T10:16:00,Mumbai,575ce5f1-951,0,10,0
8f3b7273-4f4c-43e9-8703-4cf4cca47588,ekaraj45@upi,zaidchauhan@upi,3319.96,2026-08-10T05:11:27,Hyderabad,9046f951-c5c,0,14,0
30ca545c-4743-4d72-822d-57e5429cd236,pradhankalpit@upi,triyagopal@upi,4188.2,2026-08-21T04:35:09,Bengaluru,4db802c1-9ff,0,21,0
f1024e00-0f41-456c-8b2a-71866b1cb691,ansh98@upi,anshbedi@upi,810.27,2026-07-04T06:59:21,Akola,996b3a25-6da,0,6,0
e2434dd6-2eab-4ae4-8a99-fc1435a4131f,krishnarama@upi,chandani64@upi,2955.06,2026-08-15T06:48:39,Akola,12ee3893-8c0,0,6,0
551c7e7c-386e-4ea7-9d2f-c85235381f09,pchhabra@upi,gautammerchant@upi,556.96,2026-07-05T18:30:04,Pune,cecd6417-13d,0,18,0
bc15e3dc-c129-4ac7-b45d-aab918110c0c,khatrinathan@upi,koshybalveer@upi,4089.93,2026-08-06T21:15:24,Mumbai,67200f98-d64,0,21,0
d22bd4a7-4604-472f-8597-1d48a428add6,baraldayamai@upi,farhanchada@upi,164.72,2026-09-03T19:11:05,Chennai,3f9b0bda-4d2,0,19,0
f33b3d47-8a1c-4b19-a1f0-4388323d9a1a,ojasvi77@upi,rajanranveer@upi,4207.82,2026-07-11T19:14:05,Bengaluru,436c8c6f-1ee,0,19,0
fbbeedcb-dc3d-4524-b5cf-5edf41fa3042,pushtibal@upi,bariaazaan@upi,4648.57,2026-08-23T06:01:53,Akola,ef54e936-8e0,0,6,0
2af8814a-ad13-46c7-966c-1749322b756e,finn70@upi,ranbir39@upi,2536.51,2026-09-06T16:29:34,Kolkata,7646228b-fd5,0,16,0
5461f1e1-5eb7-462c-91c1-6a49516efd28,suhani46@upi,amol24@upi,4980.17,2026-08-31T09:18:22,Hyderabad,5d0c0d11-0c6,0,9,0
661297a2-87e6-4c9f-85e7-6eb86a7375cf,atharv13@upi,hritikpalla@upi,880.56,2026-09-07T12:04:14,Delhi,42f27329-005,0,12,0
72973677-5f5a-4efe-a127-97f94f8e7bb2,lakshmi51@upi,isha34@upi,3648.51,2026-07-04T18:24:52,Hyderabad,c26b652f-797,0,18,0
c5c91a03-423c-471e-9cb2-20acd81763d4,aryasunder@upi,sahaupkaar@upi,4290.29,2026-08-22T20:18:49,Kolkata,4ceb4c19-40d,0,20,0
4642d6ac-b209-4f0b-8c80-85584a38d70d,choudhuryjanani@upi,baldevika@upi,1974.74,2026-09-24T20:00:08,Pune,4c93c7d1-a58,0,20,0
570d7448-c6c7-4bc4-93ae-13bc8b56995e,cswaminathan@upi,mray@upi,67093.2,2026-07-14T00:04:54,Pune,04072e5c-c12,1,0,1
fff974b9-b8ac-4751-92f7-cfa51643ef15,mkapadia@upi,hyadav@upi,4491.18,2026-08-14T06:50:48,Kolkata,7e9eef66-f41,0,6,0
38981469-b287-4a2a-9908-06edca1c12b8,teerth09@upi,henry25@upi,1447.17,2026-09-19T23:47:03,Akola,ffd45e2d-603,0,23,0
c8b1bd51-a171-4a11-83fb-8141b72516ef,zdeol@upi,pandeychanchal@upi,3522.25,2026-07-30T03:35:07,Pune,500c5ea8-5e7,0,10,0
2241a6d4-feab-4266-88bc-f26f309170ff,petersachar@upi,udantdewan@upi,2846.47,2026-08-24T08:18:43,Akola,dc7609f9-ab8,0,8,0
150fd384-a682-48af-92d5-f61c004ec258,tanvi51@upi,sarinanirudh@upi,59533.35,2026-08-16T02:28:03,Chennai,962f5cbb-c34,1,2,1
6b914375-9378-40fc-a1c1-3d7c74754178,osachdeva@upi,pandeychanchal@upi,4507.85,2026-09-05T09:35:05,Chennai,5fbc55ef-2de,0,9,0
71b93dd0-38b6-42d7-ac16-a381d38a7cb5,sudiksha89@upi,yashodadeshpande@upi,2965.02,2026-09-07T16:25:37,Kolkata,06dc236b-954,0,16,0
9997e9e9-a8b0-4e83-bf69-7fbe3179fde9,hritikpalla@upi,vinayakanda@upi,3421.74,2026-07-12T04:53:34,Pune,72907c22-57a,0,10,0
0a9c98f5-81b1-4c69-9df4-f1ea2cd72597,roak@upi,ssahni@upi,4366.47,2026-09-12T13:54:23,Kolkata,caf157f1-769,0,13,0
84752b43-1e3d-4f16-9322-854cc05c1093,indirakanda@upi,kgole@upi,390.94,2026-09-07T20:06:33,Bengaluru,0b3b9bf5-fe4,0,20,0
3baa1210-1dba-4ce4-ab47-caf596934e3d,maneupasna@upi,yashica46@upi,3939.44,2026-07-24T11:55:27,Akola,e7ceef85-245,0,11,0
b2867117-edb3-4573-8471-753b42c84939,esawhney@upi,fsamra@upi,2012.13,2026-09-15T13:35:45,Chennai,23e5b872-dee,0,13,0
145a57d9-acc7-430d-b4ba-7e92235574f7,krishnarama@upi,twalia@upi,1805.73,2026-09-09T22:30:38,Chennai,12ee3893-8c0,0,22,0
b7d4cb50-404c-43f6-bd9c-d8a2a3250d6b,anshbedi@upi,rsathe@upi,1042.53,2026-07-24T11:58:20,Mumbai,a7b3a41a-177,0,11,0
466fa527-5241-4500-8bdc-b893413c75a4,daksh58@upi,cswaminathan@upi,2231.62,2026-09-13T11:58:51,Delhi,b2da648a-195,0,11,0
457a9d0a-4c78-40bd-bb4e-9b347ed911f2,patrickvasa@upi,raigunbir@upi,937.8,2026-09-03T21:02:00,Akola,5486ec5a-863,0,21,0
3132ab0e-bb8e-4202-91f9-6196ac19c5f9,sidhudaksha@upi,dharazaan@upi,2351.69,2026-07-02T11:25:22,Kolkata,79c4350e-7bd,0,11,0
4ec2e8e3-0ce0-48d4-b8fb-8767ba63f848,lakshmi51@upi,gautammerchant@upi,2030.29,2026-09-09T23:52:35,Delhi,c26b652f-797,0,23,0
0fddf832-48d5-43d6-a747-30e599222b96,yashica40@upi,aarnavrege@upi,1689.5,2026-08-19T15:01:27,Akola,4f00d0f2-cb4,0,15,0
12eac97e-eb86-459d-9b45-ed58c91523c9,nathanielsami@upi,gauriganguly@upi,96183.17,2026-07-04T03:56:56,Chennai,11129442-e10,1,3,1
f7bbce2d-f0bc-4786-ba6a-a218d96b9181,aviramesh@upi,yashica40@upi,4086.55,2026-09-18T09:18:10,Hyderabad,ce2fa891-0b2,0,9,0
f9eb026c-f3dd-49ef-b2ea-e60da9e9ba53,eyohannan@upi,nidhikohli@upi,317.29,2026-07-20T10:53:31,Chennai,0f358453-475,0,10,0
8f3a0b0a-04b4-4c93-9232-7510d8bd4aff,janujasankar@upi,nathanielsami@upi,4891.57,2026-08-03T18:32:02,Chennai,9939ea42-a08,0,18,0
16053669-55b2-4300-aaba-d889e64f9e5d,isha34@upi,amol24@upi,4590.64,2026-08-25T10:32:04,Delhi,8fc07b5e-994,0,10,0
6fc38f1b-95f9-46ae-acce-db69319d48a7,udantbajwa@upi,kashviedwin@upi,4351.58,2026-08-05T06:59:34,Hyderabad,cce36fe7-c93,0,6,0
dad8f98f-eb96-47df-b21f-52f9adba762f,suhaninarain@upi,osharamachandran@upi,1475.41,2026-07-31T22:18:31,Kolkata,eeef38f2-0d4,0,22,0
d33f58f8-5b7a-49c9-9a3b-fb926f25b382,nathanielsami@upi,lalpranav@upi,3701.66,2026-09-05T20:21:14,Mumbai,dc6d5618-766,0,20,0
12d0003f-02e0-4626-ae45-f06b3635fa8c,nathanielsami@upi,uchandran@upi,3402.12,2026-09-10T23:27:33,Chennai,dc6d5618-766,0,23,0
f87b09b3-8623-4626-8638-8cbf2d8e7876,timothy17@upi,khatrinathan@upi,1172.04,2026-07-10T19:24:36,Chennai,7750feff-f48,0,19,0
f8b214cc-fc32-41ea-bf05-a3d28f20c5e7,aarnavmalhotra@upi,chanderwarjas@upi,2703.26,2026-08-21T21:34:06,Delhi,de316df9-cc5,0,21,0
408fa5c5-cda8-460b-ba27-7077b606b625,lshere@upi,bhandarijyoti@upi,75958.59,2026-09-18T23:31:33,Pune,4f437ed0-53d,1,23,1
a4f7eaa9-5dd0-4c1d-ace2-7f07d9bc0364,michaelborra@upi,ekantika31@upi,3937.4,2026-07-28T00:35:32,Hyderabad,b9b15ca7-23c,0,15,0
253e5338-f0a4-4f0b-b4b8-4e5ee9717fec,ekarajbath@upi,maneupasna@upi,1141.18,2026-09-01T11:38:46,Hyderabad,9134902d-876,0,11,0
1352e22a-dae7-447c-be7e-a6e457c86b7b,mray@upi,vamakshi82@upi,1215.65,2026-08-24T10:59:18,Kolkata,4d9d1830-dbb,0,10,0
07905f74-c6a1-48d5-8e9c-a8d050f4075b,onadig@upi,aarnavrege@upi,4641.16,2026-07-08T22:28:02,Hyderabad,2edf66dc-30a,0,22,0
c6ea4bee-3cd6-4154-a908-37f47d0ad877,nathanielsami@upi,rsathe@upi,627.31,2026-09-13T22:41:03,Delhi,dc6d5618-766,0,22,0
15508cdd-98eb-411b-98a7-a8677d4d2bc7,yashica46@upi,xiti28@upi,4870.49,2026-07-09T16:47:33,Bengaluru,44bc0387-f29,0,16,0
4b7446e3-c95f-415c-b138-ffd597188df3,maneupasna@upi,rsathe@upi,4553.19,2026-08-12T12:38:59,Akola,e7ceef85-245,0,12,0
261b98e7-49be-44aa-b836-2340e98f15fb,baraldayamai@upi,yadavinarula@upi,1002.51,2026-07-23T23:12:50,Mumbai,3f9b0bda-4d2,0,23,0
2898bf75-7715-4726-8442-99850c1088f9,aviramesh@upi,grewalekapad@upi,2417.0,2026-07-01T13:52:06,Kolkata,ce2fa891-0b2,0,13,0
00361588-16b0-469a-81f4-8fffb8602576,devimatthew@upi,udantbajwa@upi,512.03,2026-09-15T14:31:29,Akola,a1b0f18a-d9c,0,14,0
2712e43e-13a0-4976-8339-9880672bd443,hritikpalla@upi,suhaninarain@upi,1370.69,2026-07-07T21:11:03,Delhi,72907c22-57a,0,21,0
c8f419a6-d090-4fea-89b9-0cdd2d1ae538,amol24@upi,ishaanshenoy@upi,3684.67,2026-08-29T06:50:57,Hyderabad,8937ded1-b0c,0,6,0
70b440f9-37d7-400d-81b9-4a39e5b70ed2,rudra61@upi,nathanielsami@upi,1197.68,2026-07-18T11:50:22,Chennai,6ae81ea1-31b,0,11,0
4e06360b-4cd2-4b19-b054-181bfb81795f,odhar@upi,aishanibumb@upi,4918.49,2026-09-01T05:03:21,Hyderabad,0fcd6a35-7c5,0,11,0
86792f6a-f334-40c9-8492-826b24a05165,twalia@upi,ekarajbath@upi,1046.63,2026-07-02T11:28:03,Chennai,a3de5c1a-f8a,0,11,0
9e1f1975-7de4-49f1-b260-a33f2159ed37,ekbalbhasin@upi,cdatta@upi,2873.91,2026-07-05T19:31:31,Pune,e8c4512b-b01,0,19,0
8aa5e04b-3c52-481b-8e4e-4af86f242439,karnikazad@upi,bhagatbrinda@upi,1751.11,2026-08-07T17:49:00,Chennai,6f0a5b17-392,0,17,0
c258298a-22ed-44e6-b2a9-d0617eab28bd,pushtibal@upi,bhandarijyoti@upi,2301.06,2026-09-15T19:22:31,Chennai,ef54e936-8e0,0,19,0
8af19872-169a-4e87-b426-4c781f8795ae,qatwal@upi,koshybalveer@upi,3593.27,2026-09-09T13:04:42,Hyderabad,cc16e930-bee,0,13,0
e165e4fd-a78f-46cc-a84a-77da9f1d6191,bhattvamakshi@upi,urvibhavsar@upi,914.84,2026-09-16T00:53:44,Mumbai,b4b08621-6b3,0,9,0
041cdbc3-8959-4d13-9d70-3779d3194be6,bariaazaan@upi,ssahni@upi,351.09,2026-09-07T00:00:48,Kolkata,88c64c48-2d1,0,19,0
c8661c8f-c57a-4c07-8ab4-89113b1559ee,dharazaan@upi,jasmitwali@upi,1233.14,2026-09-10T18:34:35,Akola,f6dfa22f-783,0,18,0
831fe961-7490-480d-b4b9-7a117808dd1b,onadig@upi,yutika95@upi,2129.87,2026-08-28T18:20:34,Bengaluru,2edf66dc-30a,0,18,0
9ed79617-6401-4e50-92e1-c42edd2cf017,twalia@upi,maneupasna@upi,2148.88,2026-07-05T08:01:24,Pune,a3de5c1a-f8a,0,8,0
4a0a8bbb-c9e2-4f70-8c50-61457969c0b5,jkohli@upi,suhaninarain@upi,3636.7,2026-09-08T21:37:02,Hyderabad,009786b3-cbb,0,21,0
ced26aec-dfef-4359-b573-9cc86c214224,bcherian@upi,beramax@upi,3016.82,2026-08-22T14:22:45,Mumbai,c441206e-dd2,0,14,0
bb63a8a5-6b43-402f-b4bb-3f63d4034839,sarinanirudh@upi,bhagatbrinda@upi,4163.64,2026-09-14T03:19:57,Hyderabad,6f6b6ab6-2ba,0,10,0
5b0d83b8-e5bb-4966-8726-ba801f5a6785,ansh98@upi,nathanielsami@upi,993.19,2026-09-16T06:35:06,Hyderabad,996b3a25-6da,0,6,0
352b13aa-92a0-4621-8b75-710c47ae1fe4,ansh98@upi,zdeol@upi,1954.75,2026-08-06T17:09:00,Kolkata,996b3a25-6da,0,17,0
253a7254-d940-4de9-bc3d-fab36ec447f0,krishnanvanya@upi,bcherian@upi,1461.98,2026-07-22T19:13:35,Kolkata,8ff5ffba-9c3,0,19,0
8abe2d13-db09-4819-98cd-e3cf95d6601c,pushti49@upi,janujasankar@upi,1371.33,2026-09-12T12:45:22,Hyderabad,d8857b1b-100,0,12,0
bc5600de-e39f-4df8-8126-a839d4b76467,xiti28@upi,aryasunder@upi,3796.71,2026-07-24T05:51:14,Chennai,4a9d640c-559,0,17,0
754942dc-821a-43e5-bfd2-7c07f99f5950,osharaghavan@upi,twalia@upi,2555.43,2026-09-08T03:32:56,Akola,ad326f07-fe5,0,12,0
da490613-66ca-494c-936d-c7b606c25c0a,dugalnakul@upi,gauriganguly@upi,3899.77,2026-09-04T08:58:43,Chennai,88e8aa3c-ec0,0,8,0
ebc7ecde-cd8c-49db-b9bf-bfc1a3249878,indira19@upi,yashodadeshpande@upi,2526.3,2026-07-06T21:35:33,Akola,068a185b-655,0,21,0
ccd90a52-b4e7-4782-a8f2-a289191c440c,yashodadeshpande@upi,nandinibhargava@upi,559.9,2026-08-25T06:28:05,Delhi,976e20dc-d26,0,6,0
3fffcb68-31da-4487-b1a2-a95804eb7235,lalpranav@upi,amaradeep@upi,3691.59,2026-07-18T04:05:11,Kolkata,4246c913-061,0,19,0
e67d6f5a-d6c7-41d4-b98c-705c4fda7171,anamikayohannan@upi,amaradutta@upi,1441.64,2026-07-01T11:29:21,Delhi,588457f2-bbd,0,11,0
a375781d-57f2-4543-9a69-8da3e0799765,zarnapathak@upi,yashica46@upi,4561.24,2026-07-08T11:38:58,Akola,1812699a-1b3,0,11,0
6488de55-1e35-49f0-91f1-084000b54299,harrisonrai@upi,droy@upi,1344.95,2026-07-11T16:54:01,Akola,e7816626-028,0,16,0
0c2653cf-6100-49bf-95d4-a84fcf23e84b,qvyas@upi,chandani64@upi,4801.13,2026-08-10T10:40:19,Mumbai,e316ffc2-72c,0,10,0
b29feb8a-04dd-49d3-b73d-5e960704640c,vinayakanda@upi,shroffbhavna@upi,871.61,2026-08-08T02:25:49,Bengaluru,23fef535-1f4,0,13,0
9e57678e-6732-4609-9cd4-0810064c5982,rsathe@upi,indali23@upi,2413.4,2026-09-12T22:42:15,Pune,b4287f0f-ef4,0,22,0
b085fa40-9b36-4953-b199-0f822ff115aa,daksh58@upi,ishakuruvilla@upi,3247.91,2026-07-19T21:34:07,Hyderabad,b2da648a-195,0,21,0
8122c586-4f4a-4ee0-b08d-1a7be9354370,vmerchant@upi,chakradevbarad@upi,420.65,2026-08-16T07:56:26,Akola,af2f2527-a1c,0,7,0
e06a6e9c-9d98-45de-ac28-9fe4085bea19,priya51@upi,kibeharsh@upi,104.55,2026-09-13T21:18:35,Hyderabad,5f36b3fa-a9d,0,21,0
3172e1e8-5368-4722-a41e-e3ada1c1ec04,theodore28@upi,aradhanaverma@upi,1950.75,2026-09-02T01:26:19,Delhi,bf68b038-433,0,7,0
12c96263-054e-43cc-9e73-0761554712d0,dateanvi@upi,lakshmi51@upi,2400.72,2026-09-07T00:31:50,Mumbai,61876a84-17b,0,18,0
bc2a2027-db13-48a6-b6a7-1bcca0b20656,kabirsoman@upi,yutika95@upi,4351.25,2026-07-05T18:52:15,Delhi,6ef910ee-e62,0,18,0
05eeaab7-5980-4fe1-941e-602c0d5ef39d,bhagatbrinda@upi,isha34@upi,907.84,2026-09-10T08:24:07,Chennai,d766091e-4d5,0,8,0
654285fe-04ee-4000-931d-0bd2d48fbce9,pandeychanchal@upi,oseth@upi,1488.35,2026-08-02T02:50:01,Pune,864a2d04-55f,0,18,0
f6ff054b-a2dd-4f33-b8e3-299e7ee72313,janujapradhan@upi,utkarsh52@upi,3079.67,2026-08-02T18:46:13,Delhi,9c9396c8-258,0,18,0
ede06451-a7e7-443e-b878-69cb62968912,jasmitwali@upi,anamikayohannan@upi,1297.65,2026-09-11T01:33:35,Hyderabad,c7e0aeac-11c,0,15,0
1a32aa4c-84c4-42b0-b0c6-4da965d5c311,grewalekapad@upi,sudiksha89@upi,3582.23,2026-07-22T19:20:29,Kolkata,48f0b03d-9d3,0,19,0
679efe69-8c9e-4ab3-a079-1c55062fa3b4,alkadewan@upi,twalia@upi,865.88,2026-06-30T16:16:47,Akola,a481934d-88c,0,16,0
38cf7e00-3f67-4550-a494-a4d70d5622d0,beramax@upi,bhattvamakshi@upi,4812.28,2026-07-11T13:43:42,Delhi,66663ca1-cbd,0,13,0
d9a783e3-338c-4905-a8fe-902ebc42de93,dateanvi@upi,shroffbhavna@upi,2538.06,2026-07-06T07:42:53,Mumbai,61876a84-17b,0,7,0
b12c63a2-3cb4-40f8-9bbb-244e90600cd8,maneupasna@upi,dhaliwalupkaar@upi,1295.91,2026-09-23T09:31:15,Pune,e7ceef85-245,0,9,0
a1aba3ec-210f-45f4-8a4b-449cd7e3b8f2,bariaazaan@upi,ksehgal@upi,1810.14,2026-09-06T11:39:42,Kolkata,88c64c48-2d1,0,11,0
534c8056-db01-47c2-a3f4-86a990a89383,pushtibal@upi,lalpranav@upi,3079.65,2026-08-20T00:44:17,Delhi,ef54e936-8e0,0,16,0
b368aa9f-37a3-4cd8-a8f8-d726bcb05f62,onadig@upi,uaurora@upi,1773.02,2026-08-10T18:21:01,Pune,2edf66dc-30a,0,18,0
8f28e3d7-03c0-4098-9eb2-3c680a5de055,farhanchada@upi,qwadhwa@upi,318.91,2026-07-21T16:48:15,Hyderabad,d163c594-7f8,0,16,0
80f18db8-a820-499b-b1d0-193d248dd92c,ekbalbhasin@upi,sachdevanikita@upi,92009.69,2026-09-16T02:06:59,Hyderabad,e512b455-46d,1,2,1
6118846c-59f7-46dd-8d02-97e64b23912d,dharazaan@upi,odhar@upi,4117.92,2026-09-14T14:26:49,Akola,f6dfa22f-783,0,14,0
c18326e0-df1f-4f12-a438-debf5968e789,mkapadia@upi,bhavnakaran@upi,2176.84,2026-07-31T00:33:09,Mumbai,7e9eef66-f41,0,20,0
6dd547e2-f36a-4000-b42f-67fdd5f48f46,ansh98@upi,darsh64@upi,4103.88,2026-08-01T06:26:44,Chennai,996b3a25-6da,0,6,0
b0e89bee-4972-4300-bdb0-9ac036ce64c8,farhanchada@upi,dharazaan@upi,2193.47,2026-09-10T18:37:16,Mumbai,d163c594-7f8,0,18,0
59089205-dd73-4f88-9cda-55b1f7388176,hrattan@upi,kakardivya@upi,656.48,2026-07-06T21:04:57,Kolkata,c3f5975c-ac9,0,21,0
302ec7b0-5a73-4e58-917d-442d4289b5fd,yashawinilanka@upi,sahaupkaar@upi,2901.26,2026-07-03T10:01:23,Pune,f77e4bb1-6bd,0,10,0
ea452eed-9c89-407d-be34-552dfd32ee9d,uaurora@upi,mananbakshi@upi,1875.71,2026-08-05T18:34:24,Mumbai,ee6efdd6-203,0,18,0
2171b561-af0e-4b5f-a31d-40d8dbc839b7,pavani85@upi,yutika95@upi,2108.86,2026-07-22T01:08:10,Chennai,f45333eb-f0e,0,9,0
0204070c-0622-4764-bd85-804570cef5e6,devimatthew@upi,janujasankar@upi,787.46,2026-08-30T18:57:31,Akola,a1b0f18a-d9c,0,18,0
c436a5e2-3507-4b60-954b-040e2c2c4970,nattdominic@upi,isha34@upi,2958.64,2026-06-30T12:18:39,Pune,a40028bd-8ea,0,12,0
c58d0d2b-6d6c-4e2e-b754-5917ea982576,mangalwahab@upi,suhaninarain@upi,457.13,2026-09-25T03:55:34,Kolkata,ddfc0db5-5e5,0,10,0
4e828e42-4472-4952-bead-ab97a4f34650,dateanvi@upi,indira19@upi,1521.9,2026-09-13T09:16:29,Chennai,61876a84-17b,0,9,0
fad1b169-5847-4b81-9d14-7d24d33610e6,qpandya@upi,mangalwahab@upi,4810.6,2026-09-22T20:21:21,Delhi,420fdf64-228,0,20,0
cf9fe26f-18d2-4325-bffc-eb8533481535,dateanvi@upi,upai@upi,1402.42,2026-08-04T17:09:44,Akola,61876a84-17b,0,17,0
9ff8eac8-991b-4020-93bd-327de503cf4a,aishanibumb@upi,cswaminathan@upi,3298.58,2026-08-10T20:21:45,Kolkata,27a02a93-b8a,0,20,0
b855d937-36fa-46d5-8853-df571ae6a532,daksh45@upi,petersachar@upi,656.51,2026-08-05T13:31:09,Kolkata,072ac257-0f0,0,13,0
e97c1857-b19c-4483-b650-b87c6258c7bc,pavani85@upi,utkarsh52@upi,241.1,2026-09-15T01:02:14,Hyderabad,f45333eb-f0e,0,18,0
e6abb71e-1b70-4a60-a444-80af5a3db7b3,darsh64@upi,osharaghavan@upi,1298.74,2026-09-18T23:21:53,Delhi,4991f5c6-f24,0,23,0
2d78e9a2-a075-49cc-8257-bb718915acf1,pradhankalpit@upi,mananbakshi@upi,333.72,2026-07-17T20:30:41,Mumbai,4db802c1-9ff,0,20,0
9a6ff6ee-9987-41e3-804c-43fc62749a2f,lakshmi51@upi,finn70@upi,2191.11,2026-07-04T13:24:02,Chennai,c26b652f-797,0,13,0
7f2e5270-854f-4f1b-9290-b693a07da417,beramax@upi,hritikpalla@upi,3978.8,2026-07-01T23:44:44,Pune,66663ca1-cbd,0,23,0
3fc69548-8fc8-44a7-b091-d675792a0f8a,hyadav@upi,aryasunder@upi,2558.09,2026-08-13T06:01:33,Chennai,7662df68-57c,0,6,0
35683c04-27c4-48ac-947c-081692407c8f,yashodadeshpande@upi,daksh58@upi,30332.26,2026-07-25T00:44:19,Delhi,1ffaa278-688,1,0,1
3fd9e56b-a00e-46ee-9a1a-bf274420595c,karnikekansh@upi,thamanorinder@upi,3790.27,2026-07-15T01:46:13,Bengaluru,9ebe94a8-d7f,0,9,0
55f45e30-7c99-4098-b993-3fc2299a89f7,petersachar@upi,baldevika@upi,2641.25,2026-07-05T13:20:54,Akola,dc7609f9-ab8,0,13,0
1c94e2d6-d74d-434c-859a-1dbfeda72e9a,udantbajwa@upi,amol24@upi,2507.2,2026-07-05T00:53:23,Delhi,cce36fe7-c93,0,21,0
eda54d42-0eeb-4eaf-ae4b-a9932146c117,vlanka@upi,daksh58@upi,4860.14,2026-09-01T23:38:43,Mumbai,a07327ee-ec0,0,23,0
7b96c859-3a1e-4086-a1fb-d99ba67345fa,ekantika31@upi,osharamachandran@upi,1788.59,2026-08-19T08:20:39,Chennai,c10de943-186,0,8,0
f85936d9-b7b8-492d-b3c1-46686fd96785,osharamachandran@upi,henry25@upi,822.18,2026-09-05T05:06:37,Delhi,29194246-377,0,10,0
2c573932-a2b5-4914-a553-b64ec4076984,shivansh53@upi,falak10@upi,3117.84,2026-07-25T06:08:42,Pune,40f069c3-46c,0,6,0
f49ef29c-14ec-4dfa-b5aa-af96c891fe5d,hritikpalla@upi,upmavenkataraman@upi,4265.35,2026-07-11T03:06:28,Kolkata,72907c22-57a,0,15,0
b7e44c07-5ae9-4940-a70c-c9ae2f1367c2,pandeychanchal@upi,jkohli@upi,3926.39,2026-07-26T12:46:44,Bengaluru,864a2d04-55f,0,12,0
0f72f956-cd11-41ec-9641-fc7debf12b89,ekarajbath@upi,bhavani27@upi,4330.9,2026-07-18T21:45:29,Kolkata,9134902d-876,0,21,0
86157af4-28e2-4792-9c3d-0b4c62956c97,upmavenkataraman@upi,amol24@upi,1545.66,2026-09-20T11:37:50,Kolkata,38c9fa48-2f9,0,11,0
31847909-87b9-4467-80f6-1a8ba76120c5,isha34@upi,suhaninarain@upi,4746.07,2026-07-22T13:19:52,Pune,8fc07b5e-994,0,13,0
edd74e7f-2fe1-4be1-a869-2e0cd672105b,lshere@upi,uchandran@upi,1820.62,2026-07-07T05:01:07,Delhi,39597721-7f3,0,16,0
54fd08de-b87e-4b31-9f61-1a4f5bf2e648,uchandran@upi,znori@upi,3326.75,2026-09-04T05:32:58,Mumbai,ea9893d5-713,0,8,0
98bb4f3d-84ab-4bcc-a353-4eebf9eee9d4,ekarajbath@upi,rajanranveer@upi,3513.09,2026-07-31T12:22:50,Akola,9134902d-876,0,12,0
7df271d5-bf25-4aa7-8606-12610d9bbab5,fswamy@upi,balangirik@upi,1241.3,2026-08-03T03:17:22,Delhi,ffe1ecd3-cab,0,10,0
c9b32a04-fb3f-40e9-b742-212504c6b270,uaurora@upi,eyohannan@upi,3193.15,2026-08-22T06:26:32,Akola,ee6efdd6-203,0,6,0
b9b02a54-9a3e-4e63-a538-0eb010867a5e,rsathe@upi,esawhney@upi,1906.56,2026-08-12T09:19:37,Hyderabad,b4287f0f-ef4,0,9,0
1d11fb20-0778-418e-91d2-4783de8f993f,mananbakshi@upi,fsamra@upi,4307.7,2026-07-14T15:16:40,Chennai,bbc34ec7-2f8,0,15,0
9487663d-c28f-4e86-bc42-fa45dd2f7800,pradhankalpit@upi,pandeychanchal@upi,3212.81,2026-09-16T03:00:04,Kolkata,4db802c1-9ff,0,9,0
6fcd5120-0712-41ff-bfcf-62f2dab94b2e,ekarajbath@upi,nidhikohli@upi,1039.52,2026-07-07T13:35:32,Bengaluru,9134902d-876,0,13,0
68815ebb-6ff0-4970-a95c-bab09c7b2d14,ekapadjohal@upi,jonathansolanki@upi,377.75,2026-08-18T16:24:54,Bengaluru,057e37c4-ccf,0,16,0
1db3ddcd-9fbb-451f-b469-d0d21c37170c,baraldayamai@upi,ishaanshenoy@upi,2433.4,2026-09-06T02:18:20,Kolkata,3f9b0bda-4d2,0,17,0
3fbe723c-232e-41ec-a33b-142465f02adc,othakur@upi,yashodadeshpande@upi,4710.06,2026-07-08T15:59:25,Hyderabad,bba7a234-41e,0,15,0
4b126190-3ebd-48af-9eee-edba2c9d2e36,onadig@upi,bariaazaan@upi,2249.36,2026-07-24T17:21:22,Delhi,2edf66dc-30a,0,17,0
85af5f2b-afe2-42c6-b9d1-dcece55b3a35,sudiksha89@upi,isha34@upi,326.76,2026-08-12T07:37:22,Hyderabad,06dc236b-954,0,7,0
0d9fc8fb-e56b-4f62-bdd3-c5e1b4f784b0,eyohannan@upi,faqidsavant@upi,1234.31,2026-08-30T16:34:51,Bengaluru,0f358453-475,0,16,0
8c91b37f-0e55-4cb0-b294-c7283cd0e4de,esawhney@upi,amblesamarth@upi,900.1,2026-09-07T17:14:48,Hyderabad,23e5b872-dee,0,17,0
be5d1d87-b050-4509-b436-1581f33c17ba,rajanranveer@upi,frederickkhurana@upi,192.43,2026-09-27T11:07:27,Hyderabad,d345db24-261,0,11,0
2f618005-0fb0-487d-934f-8b61b71c34b5,aarnavrege@upi,rsathe@upi,3922.81,2026-07-11T20:15:40,Chennai,33daedc4-9e0,0,20,0
a8e76831-aed5-4ec3-bf2f-15c264c70901,aarnavmalhotra@upi,dateanvi@upi,3411.36,2026-09-16T17:16:54,Akola,de316df9-cc5,0,17,0
8ef2ae64-50d9-41b9-b060-9c0c0a594d7a,ishakuruvilla@upi,karnikekansh@upi,1435.28,2026-07-14T19:12:01,Bengaluru,6bc0dd84-3b8,0,19,0
8dafe874-ff6a-48bb-a85d-e0e42b101ce4,dayamai55@upi,hritikpalla@upi,81503.78,2026-08-15T00:08:23,Akola,b613b662-278,1,0,1
23947833-5bc8-4063-a35f-af255bfc4326,lakshmi51@upi,teerth77@upi,1425.46,2026-07-14T08:08:10,Pune,c26b652f-797,0,8,0
fecba4dc-4bfd-4a6c-a6ce-b5bd4ae56332,jkohli@upi,mray@upi,3833.01,2026-08-16T09:52:16,Mumbai,009786b3-cbb,0,9,0
882e86e0-86f1-41d3-9121-90d2a5b051f5,balangirik@upi,kalpit42@upi,3832.29,2026-07-19T03:01:03,Kolkata,1960d8de-cb3,0,10,0
f4568264-357e-4675-ba24-00d34e2c88d5,bariaazaan@upi,timothy17@upi,2123.19,2026-09-09T13:07:13,Delhi,88c64c48-2d1,0,13,0
fc357ad8-b876-4da0-831e-bbb467ce9dbf,urvashi66@upi,kalpit42@upi,3793.7,2026-09-01T13:22:13,Chennai,f2baea33-475,0,13,0
8e64110f-a3c5-46d9-b6f5-60e526f7e917,maneupasna@upi,onikannan@upi,1537.97,2026-08-23T00:22:47,Hyderabad,e7ceef85-245,0,21,0
2aa6283f-720a-41ca-a81e-a524aaac413e,anamikayohannan@upi,chandani64@upi,4942.39,2026-08-27T10:05:56,Akola,588457f2-bbd,0,10,0
0c1ab84c-aa31-4b8f-a6c7-510fcb749a66,chanderwarjas@upi,xiti28@upi,4726.6,2026-09-03T02:38:29,Delhi,803cb4f5-eb2,0,14,0
a9f64a32-d9c5-4e6e-ad86-0784d2b7121a,bnayar@upi,hyadav@upi,3706.8,2026-07-24T20:26:06,Akola,9ae0f61e-249,0,20,0
cd16ee68-1b31-4016-aabe-8264f92158eb,finn70@upi,yashawinilanka@upi,3815.29,2026-08-22T10:50:38,Delhi,7646228b-fd5,0,10,0
a1a36383-bcf5-454d-a5bb-5600d05027f4,triyagopal@upi,borramanthan@upi,723.75,2026-08-21T02:24:06,Delhi,6fa13b38-3c4,0,11,0
5c24547e-7d04-4791-916b-8d76f5980acb,qvyas@upi,udantdewan@upi,878.6,2026-07-26T23:03:28,Mumbai,e316ffc2-72c,0,23,0
c2cad7bc-0bde-4c06-b8b7-b1edaa6c9741,sudiksha89@upi,grewalekapad@upi,2685.75,2026-07-08T09:07:59,Pune,06dc236b-954,0,9,0
1d0f64c3-8c93-405c-a9b2-d5c8f3f6be42,timothy17@upi,theodore28@upi,2346.44,2026-07-17T05:07:40,Kolkata,7750feff-f48,0,13,0
9b908c45-44c0-4ff8-acdc-11b18be9a1a8,pradhankalpit@upi,karnikekansh@upi,3995.28,2026-08-31T01:23:55,Mumbai,4db802c1-9ff,0,11,0
e9961b22-550a-4f48-82b0-f9f001ebb6e0,twalia@upi,balangirik@upi,4989.92,2026-08-22T21:57:37,Kolkata,a3de5c1a-f8a,0,21,0
08de55a8-4afb-4d47-a0be-50d7e6577211,dharazaan@upi,chandani64@upi,4328.02,2026-09-22T00:49:15,Akola,f6dfa22f-783,0,11,0
c3ed2e9b-faad-4987-95c5-69c0fa84eb58,ekapadjohal@upi,ikakar@upi,4068.26,2026-09-06T15:08:40,Mumbai,057e37c4-ccf,0,15,0
771d515b-5979-4a8f-873f-f53313561e3d,tanvi51@upi,vlanka@upi,2408.38,2026-07-21T00:05:44,Chennai,df69cfd2-a83,0,9,0
de0d79f8-cb06-4285-9599-bd17adc78559,baldevika@upi,yashodadeshpande@upi,4307.76,2026-08-10T06:35:09,Chennai,d32ca56c-31d,0,6,0
c66c7203-206c-40f2-b799-eb44abef7028,chakradevbarad@upi,zarnapathak@upi,2878.27,2026-09-21T08:07:48,Delhi,a0208131-c51,0,8,0
8f3853d6-0ac1-4e0b-88a3-b7021a81c274,mangalwahab@upi,jyoti29@upi,1835.18,2026-09-06T03:26:03,Pune,ddfc0db5-5e5,0,11,0
ebd82c92-e0a7-42f2-85a8-21d24b1f9a44,tanvi51@upi,khatrinathan@upi,3475.74,2026-07-30T17:20:06,Akola,df69cfd2-a83,0,17,0
b7ca4d7c-696f-44cc-9d3b-bbc9c0b66d37,sahaupkaar@upi,osharaghavan@upi,3743.45,2026-06-30T15:22:53,Pune,651e1852-8a4,0,15,0
931f6af0-2857-44a8-b76f-edf390b8ed89,yashica40@upi,ishaanshenoy@upi,4918.91,2026-09-03T16:37:24,Bengaluru,4f00d0f2-cb4,0,16,0
5e7648af-674c-44fe-b9a7-8ea486e5881d,saumyadey@upi,henry25@upi,3939.35,2026-08-17T16:24:12,Akola,a9e6a037-41e,0,16,0
13864370-ca42-41a7-95a4-e8ae2d2d0eaf,fchaudhary@upi,onadig@upi,2146.7,2026-09-25T00:18:18,Chennai,062a0cb9-2c4,0,9,0
94f6fc94-3ab6-47ce-8e6c-f02e696dd233,kashviedwin@upi,vedamalhotra@upi,506.88,2026-07-19T03:04:13,Chennai,0696c6bf-850,0,15,0
71eeb0c8-fe77-4c6c-9685-8d0d31670ed3,farhanchada@upi,nathanielsami@upi,2317.31,2026-09-24T23:48:54,Mumbai,d163c594-7f8,0,23,0
8f93a9f3-50c2-497a-a73c-79fca23fe9fb,gautammerchant@upi,urvibhavsar@upi,4410.97,2026-09-01T21:02:46,Hyderabad,c39bd9f0-2f5,0,21,0
6040a850-050d-45de-9337-3b142c8782f3,shroffbhavna@upi,esawhney@upi,4804.58,2026-07-20T19:25:35,Kolkata,b34f4617-f13,0,19,0
8c513f28-f70a-400f-93f4-4366cec53344,raksha87@upi,teerth77@upi,4538.88,2026-07-18T22:31:59,Kolkata,cd38bc87-080,0,22,0
b7a0b533-4349-4c15-9954-d8344259f3be,randhawaanvi@upi,ekapadjohal@upi,2685.84,2026-09-02T16:28:52,Hyderabad,4e527681-5a1,0,16,0
6694a198-60f3-4538-a0bf-f488c0868192,dharazaan@upi,kakardivya@upi,3293.62,2026-08-28T15:11:15,Bengaluru,f6dfa22f-783,0,15,0
3e5e6ee6-8af8-4a61-a3e9-7bc3d3e8f62e,baraldayamai@upi,faqidsavant@upi,3877.29,2026-07-14T03:21:39,Akola,3f9b0bda-4d2,0,17,0
072393a6-6426-4040-b697-88500c7caa2f,aryasunder@upi,falak10@upi,2373.51,2026-08-01T00:33:56,Kolkata,4ceb4c19-40d,0,17,0
bc0d3f9a-11ce-4ff3-b5c5-673ae842ee02,ranbir39@upi,pandeychanchal@upi,2905.43,2026-09-03T01:53:34,Bengaluru,06491864-379,0,16,0
1602fece-2eef-4878-bf2c-7d27873968be,qnayar@upi,devimatthew@upi,2304.39,2026-09-16T06:23:54,Mumbai,4c2a3569-70e,0,6,0
c9951bfb-9471-4ef9-888d-3db8acf07de0,henry25@upi,amaradeep@upi,779.76,2026-08-18T23:07:23,Hyderabad,166aa591-ee1,0,23,0
b8e658a1-d24f-4856-832e-334343428fe2,shagaurang@upi,mkapadia@upi,4245.8,2026-09-24T13:16:21,Hyderabad,f2695b17-da3,0,13,0
dbf222b6-2aa8-4b9a-afce-487bb3296899,ssahni@upi,kabirsoman@upi,27056.54,2026-07-13T04:33:41,Chennai,95ae8620-f33,1,4,1
d7b7df84-a47c-4194-a004-def3253d1be7,petersachar@upi,shroffbhavna@upi,4787.09,2026-09-26T23:31:16,Delhi,dc7609f9-ab8,0,23,0
3d55420d-2e34-4276-9f57-b0ab9bd8ce4f,falak10@upi,kom@upi,737.26,2026-07-03T08:39:08,Hyderabad,ddebfabe-8b8,0,8,0
ee770803-4270-4683-ae5b-ea71f7e86990,yashica46@upi,modibhavini@upi,4599.93,2026-07-31T23:51:48,Hyderabad,44bc0387-f29,0,23,0
94d1775a-80ad-42c3-91c7-3b38cffe8891,bhandarijyoti@upi,bhagatbrinda@upi,1161.38,2026-09-27T02:01:28,Mumbai,32dea559-1cb,0,11,0
0c6c4188-11f4-469c-b2cb-167d06f601ab,oseth@upi,darsh64@upi,25750.47,2026-08-08T01:46:25,Bengaluru,1c506044-b43,1,1,1
d99a0704-6ed2-437f-84b2-8d716c4b1c2f,avarkey@upi,timothy17@upi,2018.45,2026-07-08T12:22:12,Delhi,2060d1a2-7a7,0,12,0
2c460dcf-b7a1-4848-88ec-ea8eb815d18e,harini14@upi,yutika95@upi,28079.45,2026-08-07T03:19:06,Hyderabad,e167fe2a-17e,1,3,1
9aff091d-625b-41f5-b2ab-49692437e6ca,upai@upi,upmavenkataraman@upi,553.59,2026-07-19T00:37:18,Hyderabad,eb6db7d5-b4b,0,18,0
18c0eb90-61fa-4311-8886-d2dbcc45dabe,sawhneyojas@upi,bhandarijyoti@upi,2926.1,2026-09-21T18:33:15,Pune,925a5673-7ea,0,18,0
54cb4d9b-f3fe-4ddb-a302-dfcdb90583e6,pradhankalpit@upi,desaiaishani@upi,3935.18,2026-09-26T22:39:21,Mumbai,4db802c1-9ff,0,22,0
b43b539f-d655-400c-9d50-70d2a7248ff1,koshybalveer@upi,vamakshi82@upi,919.42,2026-07-06T06:24:22,Bengaluru,53981699-769,0,6,0
44ba3cf2-9d58-4de8-a711-250a1d2f59b6,soodyadavi@upi,cswaminathan@upi,474.19,2026-07-19T02:30:25,Hyderabad,82f6eeaf-083,0,14,0
0e56fc89-51f4-477c-8274-70a010593777,charan16@upi,charan16@upi,398.54,2026-07-20T10:11:47,Hyderabad,027eadc5-718,0,10,0
873db615-cd15-4a9b-ab86-45cb5ce942c2,atharv13@upi,droy@upi,3528.36,2026-08-16T16:53:44,Hyderabad,42f27329-005,0,16,0
1e7772b0-4268-4849-a81d-63a3dc0e9c64,baraldayamai@upi,sahaupkaar@upi,1137.82,2026-07-19T19:44:24,Bengaluru,3f9b0bda-4d2,0,19,0
15de81fa-bdd7-4f8a-942a-1399948101d8,vmerchant@upi,karnikazad@upi,2617.16,2026-09-16T21:23:53,Delhi,af2f2527-a1c,0,21,0
f66758e2-8cbe-4ef7-b096-f1071ab6aee1,dharazaan@upi,bhandarijyoti@upi,4969.83,2026-09-02T16:40:32,Mumbai,f6dfa22f-783,0,16,0
7bc84bfc-aae8-461e-95ee-94a2d70ae8ff,chanderwarjas@upi,michaelborra@upi,3675.18,2026-07-03T02:49:42,Delhi,803cb4f5-eb2,0,16,0
9e5f0ffd-a8c0-4c99-a286-b24e82da22ca,vihaan13@upi,kakardivya@upi,3050.25,2026-07-29T07:30:22,Mumbai,dda8abfe-645,0,7,0
20ee9c4b-902b-43f9-aeac-cefb2ddaf501,kalpit42@upi,borramanthan@upi,2507.24,2026-08-13T15:09:38,Akola,25b79fcc-aed,0,15,0
d478c7a0-eaaa-4714-93d3-75ccb89e1678,chandani64@upi,karnikekansh@upi,2023.71,2026-07-27T22:20:03,Delhi,0a20b114-3c9,0,22,0
89d47986-09e8-4405-a17f-4bce904c348a,timothy17@upi,chakradevbarad@upi,3939.73,2026-07-28T17:17:40,Akola,7750feff-f48,0,17,0
ab4c3704-3093-4fc7-829b-6d5494cbce4c,devimatthew@upi,patrickvasa@upi,3270.17,2026-09-25T00:01:12,Hyderabad,a1b0f18a-d9c,0,17,0
1f8e5921-b19e-4953-ae3d-598452bc9b60,fchaudhary@upi,borramanthan@upi,3175.36,2026-09-18T11:01:19,Hyderabad,062a0cb9-2c4,0,11,0
7f96a59a-a6f7-4b5c-ba03-12825d46f12a,shagaurang@upi,ekapadjohal@upi,481.79,2026-09-04T10:03:19,Delhi,f2695b17-da3,0,10,0
e984ed7a-0175-46a5-9657-19ed0ca9c217,onadig@upi,upai@upi,935.86,2026-07-04T03:16:26,Mumbai,2edf66dc-30a,0,20,0
40447cb8-754f-410d-8112-4c8b51417ec0,michaelborra@upi,kibeharsh@upi,2043.33,2026-07-16T14:22:34,Hyderabad,b9b15ca7-23c,0,14,0
58720128-ab7c-4a05-be06-416ef49b8990,qnayar@upi,vedamalhotra@upi,4818.66,2026-09-22T01:06:09,Hyderabad,4c2a3569-70e,0,12,0
cbbac037-3043-446b-9f80-589290074d68,karnikekansh@upi,aishanibumb@upi,344.8,2026-08-11T08:35:55,Bengaluru,9ebe94a8-d7f,0,8,0
e48e7b77-e675-4092-b032-31ab2b06d58a,kibeharsh@upi,saumyadey@upi,2798.13,2026-07-25T16:41:45,Mumbai,ff6d3c99-65e,0,16,0
d7a2005a-7cb3-445a-81be-1e26c06a0adf,nihalshere@upi,yashodadeshpande@upi,4107.04,2026-07-19T01:42:03,Kolkata,fed80d2e-7e6,0,7,0
29b84d43-71a8-4ae9-9374-eec476df5b02,vinayakanda@upi,hrattan@upi,939.18,2026-08-24T06:41:49,Mumbai,23fef535-1f4,0,6,0
a29fb4c3-13af-45da-8d76-9045a65855da,theodore28@upi,henry25@upi,62522.8,2026-09-19T01:20:24,Delhi,d49ed18a-6fc,1,1,1
e1b1de95-5b4d-49bb-99ff-dee521a77a8e,qpandya@upi,dharazaan@upi,4821.14,2026-09-26T11:28:09,Kolkata,420fdf64-228,0,11,0
176ec076-24e2-41e9-984c-36e6cb8aace3,beramax@upi,utkarsh52@upi,3144.89,2026-09-26T23:32:30,Pune,66663ca1-cbd,0,23,0
9a51ac98-61b0-42ec-92ff-ab3399d4ec30,avarkey@upi,ojasvi77@upi,510.98,2026-09-16T13:34:46,Hyderabad,2060d1a2-7a7,0,13,0
2715caa0-5057-47a7-8d37-0120dc6ff05b,xiti28@upi,cdatta@upi,2806.31,2026-09-26T20:35:41,Mumbai,4a9d640c-559,0,20,0
b62bf5d3-f07c-42d6-ad3c-47069dd575ae,sarinanirudh@upi,rudra61@upi,3142.55,2026-07-19T07:40:27,Hyderabad,6f6b6ab6-2ba,0,7,0
a461d1bd-8e49-45e8-90ff-e81c37b4e119,uaurora@upi,amol24@upi,179.01,2026-08-28T10:36:58,Pune,ee6efdd6-203,0,10,0
8948f9cf-11c6-4280-a110-99979932f256,ekantika31@upi,sahaupkaar@upi,4119.47,2026-08-02T22:39:26,Chennai,c10de943-186,0,22,0
bcf78583-8b77-4535-b96a-689a37061bc7,ishaanshenoy@upi,kalpit42@upi,57491.29,2026-08-13T02:34:26,Pune,6e590150-049,1,2,1
58fa735d-e43e-4d23-b490-942395e81e37,nathanielsami@upi,dayamai55@upi,3551.18,2026-09-02T14:47:40,Chennai,dc6d5618-766,0,14,0
3ea104d9-494f-4830-9424-198815beb339,zdeol@upi,kashviedwin@upi,2394.2,2026-08-29T10:18:32,Akola,500c5ea8-5e7,0,10,0
5d1906a2-a6db-4a66-b21f-6c31e83baa87,aarnavrege@upi,dhaliwalupkaar@upi,2516.96,2026-07-17T21:03:24,Hyderabad,33daedc4-9e0,0,21,0
be85def6-e6c5-441e-a4f2-6e9ac7fa6d45,amaradutta@upi,dugalnakul@upi,1708.3,2026-09-07T23:06:21,Chennai,aa02a852-3bd,0,23,0
c97b6d6e-ec1c-4c28-a699-5d4842e35406,vinayakanda@upi,sudiksha89@upi,3521.57,2026-08-02T13:24:21,Delhi,23fef535-1f4,0,13,0
52d92aee-9ebf-4ca6-aa63-6f442e203281,baldevika@upi,aradhanaverma@upi,3745.47,2026-08-05T21:51:23,Akola,d32ca56c-31d,0,21,0
938c1f83-5a87-469e-8bd2-cec8948d5b54,vmerchant@upi,dharazaan@upi,2138.31,2026-09-16T06:56:58,Hyderabad,af2f2527-a1c,0,6,0
09c3e8ea-775e-4201-9263-157acd97dfa9,harini14@upi,amblesamarth@upi,3407.17,2026-07-28T16:57:39,Chennai,5f85b4a0-39c,0,16,0
00367802-1b9c-436b-8d02-a0c41220ea0f,falak10@upi,gautammerchant@upi,4571.1,2026-09-01T10:05:25,Kolkata,ddebfabe-8b8,0,10,0
b8ccac60-c9f6-4b6b-87f3-e43fb6976abb,bhavyamandal@upi,faqidsavant@upi,1848.39,2026-08-28T11:40:28,Bengaluru,dc1c0b6c-2bd,0,11,0
b8b9ea97-12b4-4a02-890f-b9662f8e734a,jonathansolanki@upi,bhavnakaran@upi,1721.79,2026-07-12T09:48:15,Delhi,2744506e-bbb,0,9,0
a98492f8-994f-4983-9c41-1a675aa3a6e9,yashodadeshpande@upi,theodore28@upi,1087.06,2026-08-26T12:17:15,Hyderabad,976e20dc-d26,0,12,0
826f278d-3158-47f1-88c7-d63fbf250730,shivansh53@upi,tanvi51@upi,118.9,2026-08-04T18:09:03,Delhi,40f069c3-46c,0,18,0
77dbed11-7504-44c7-824c-e963a4af5cf7,vamakshi82@upi,aarnavrege@upi,1345.79,2026-07-15T05:02:09,Hyderabad,54f56fb8-041,0,21,0
3cd7ba0f-00c0-42d4-8ae9-b933ed39447c,qnayar@upi,finn70@upi,3521.62,2026-09-14T10:21:40,Bengaluru,4c2a3569-70e,0,10,0
2e0b8a09-4ff5-4fdf-b11a-49147aa2f98b,mangalwahab@upi,uchandran@upi,4251.32,2026-09-13T10:10:09,Bengaluru,ddfc0db5-5e5,0,10,0
63778243-4971-4e74-be29-787b3c663710,karnikekansh@upi,fchaudhary@upi,4787.63,2026-08-14T19:35:54,Akola,9ebe94a8-d7f,0,19,0
3f78619f-7a5a-4b30-bda5-a61cd9c96bd8,baldevika@upi,kgole@upi,4094.66,2026-07-01T06:23:56,Delhi,d32ca56c-31d,0,6,0
2055dc12-421d-4dfc-9d31-7627196a5dc0,anshbedi@upi,modibhavini@upi,3974.88,2026-07-09T14:50:27,Bengaluru,a7b3a41a-177,0,14,0
cf4ac19d-8aaf-4d44-8aa5-3f3bb34828e2,sudiksha89@upi,saumyadey@upi,1889.34,2026-09-26T22:37:39,Hyderabad,06dc236b-954,0,22,0
706b1356-f36f-40fc-af5e-fa66a764b9ff,soodyadavi@upi,farhanchada@upi,2215.23,2026-08-13T07:30:34,Bengaluru,82f6eeaf-083,0,7,0
83564f19-aa03-4546-b8fa-3202ae6093cc,nattdominic@upi,kabirsoman@upi,2685.43,2026-08-16T09:44:02,Akola,a40028bd-8ea,0,9,0
1f772561-cf2a-4945-889e-8fff8fa73b57,ksehgal@upi,modibhavini@upi,2351.13,2026-08-19T13:32:54,Hyderabad,c2d55ab7-5eb,0,13,0
7f17ea91-1fa6-49d0-b868-28d2c74644c7,hritikpalla@upi,kakardivya@upi,3305.13,2026-09-20T08:51:14,Akola,72907c22-57a,0,8,0
20f919b2-34ce-4c7f-b03b-0b70a1b2a908,bhagatbrinda@upi,sidhudaksha@upi,2324.43,2026-08-09T04:24:40,Bengaluru,d766091e-4d5,0,15,0
d794ef6d-6f87-4ec9-9b2a-dbf04be5e4c7,modibhavini@upi,rajanranveer@upi,1185.45,2026-07-21T16:58:44,Bengaluru,2ce18ffb-7ff,0,16,0
0d544df6-0245-460d-9c1d-7b82edaf6824,pushtibal@upi,aradhanaverma@upi,3137.79,2026-07-17T00:04:31,Bengaluru,ef54e936-8e0,0,16,0
c0df7077-da0e-439b-8095-e144c102be6e,aarnavmalhotra@upi,jonathansolanki@upi,931.4,2026-09-27T07:30:25,Akola,de316df9-cc5,0,7,0
74bcefc6-0e1c-49e4-a72f-71ab0387169b,ojasvi77@upi,bcherian@upi,2857.7,2026-08-20T15:02:26,Akola,436c8c6f-1ee,0,15,0
5ee8cdf3-ae43-4896-9d0c-f62a900780e8,kalpit42@upi,ishaanshenoy@upi,855.15,2026-08-08T21:24:23,Delhi,25b79fcc-aed,0,21,0
feecc088-d12f-4718-ba74-b249de17eb21,sudiksha89@upi,teerth09@upi,4754.26,2026-07-26T09:56:01,Akola,06dc236b-954,0,9,0
80cd8921-17df-4bc5-aa3f-eaf7b85caf6d,ekantika31@upi,upai@upi,3173.58,2026-09-20T05:08:39,Pune,c10de943-186,0,18,0
298e2168-7cd4-4211-beca-39b54be3afb8,bariaazaan@upi,uaurora@upi,3458.96,2026-07-19T02:32:22,Chennai,88c64c48-2d1,0,15,0
11d97b36-61fd-41dd-99c3-0f483b2b790c,farhanchada@upi,bhandarijyoti@upi,203.86,2026-09-08T09:46:24,Chennai,d163c594-7f8,0,9,0
606cec2d-51e1-4402-9aa4-e0582c12213b,nathanielsami@upi,sahaupkaar@upi,3718.2,2026-09-07T18:12:42,Pune,dc6d5618-766,0,18,0
da297fb6-b0a7-4dbf-b1cd-d935919496fd,sarinanirudh@upi,janujapradhan@upi,2093.09,2026-08-04T23:00:52,Hyderabad,6f6b6ab6-2ba,0,23,0
410f361c-4361-4fa0-8c52-fee06158a5b1,karnikazad@upi,vihaan13@upi,3595.44,2026-09-04T07:57:17,Delhi,6f0a5b17-392,0,7,0
4223b2a5-eb0e-4fa9-8117-daae073fdeac,ansh98@upi,qatwal@upi,3027.92,2026-07-21T04:27:53,Chennai,996b3a25-6da,0,10,0
4df61805-4b8f-47b0-88f2-66b25d2c9c2e,ishakuruvilla@upi,znori@upi,3579.1,2026-08-21T03:29:53,Chennai,6bc0dd84-3b8,0,18,0
039deb5d-6c55-48cb-9efb-a5849e642a91,znori@upi,aarnavmalhotra@upi,3516.91,2026-07-05T18:52:01,Mumbai,575ce5f1-951,0,18,0
7861456c-8d0a-4c13-b453-85f2a343c19e,sudiksha89@upi,vihaan13@upi,2405.76,2026-08-04T21:42:38,Bengaluru,06dc236b-954,0,21,0
a99187f5-9f6c-4f47-8a5d-7b2f17972159,kashviedwin@upi,dharazaan@upi,4496.49,2026-09-04T04:34:33,Pune,0696c6bf-850,0,17,0
a197d6c0-1b1e-4584-a422-ee55d734e5b8,sahaupkaar@upi,rudra61@upi,3792.0,2026-09-17T10:34:57,Mumbai,651e1852-8a4,0,10,0
efdeb00f-aa7b-442c-89b0-a89caae36a65,karnikekansh@upi,owen10@upi,3229.94,2026-08-20T15:45:39,Pune,9ebe94a8-d7f,0,15,0
fc93bd68-2200-420e-9ba5-6625026450c8,balangirik@upi,randhawaanvi@upi,2961.79,2026-09-20T08:08:56,Chennai,1960d8de-cb3,0,8,0
69c319df-394c-4130-90bb-1514d7a9ac60,ishakuruvilla@upi,koshybalveer@upi,744.47,2026-08-05T23:32:03,Akola,6bc0dd84-3b8,0,23,0
53bd7a95-ecf6-49c3-b584-3c6481a94657,mangalwahab@upi,nidhikohli@upi,1486.09,2026-08-13T01:33:14,Bengaluru,ddfc0db5-5e5,0,21,0
d1240043-d84a-4b8e-989e-0f594e010759,dharazaan@upi,zarnapathak@upi,3867.31,2026-09-18T03:47:42,Pune,f6dfa22f-783,0,22,0
3986d6d9-2baf-444f-b958-f77276951c46,ansh98@upi,ekapadjohal@upi,2395.86,2026-07-25T06:27:30,Hyderabad,996b3a25-6da,0,6,0
f7f8f3ed-3e4a-4f3c-8c5b-0c28cdbfc90a,finn70@upi,patrickvasa@upi,341.12,2026-09-15T22:31:45,Akola,7646228b-fd5,0,22,0
eb7e3193-b023-4f0d-85ae-8df89b0294c0,yashawinilanka@upi,sahaupkaar@upi,1193.02,2026-08-16T11:32:44,Mumbai,f77e4bb1-6bd,0,11,0
11fe4e5b-a8f3-46c7-a2fe-dffe7794ee6d,choudhuryjanani@upi,henry25@upi,3174.8,2026-07-23T05:41:29,Chennai,4c93c7d1-a58,0,9,0
97f31c54-432b-4a46-b800-00cc2c757bb8,vedamalhotra@upi,ekarajbath@upi,4672.92,2026-08-26T16:38:28,Mumbai,e558806d-c5f,0,16,0
e2e8bf5b-54c9-490b-9064-697046a9c3be,ksehgal@upi,karnikekansh@upi,770.57,2026-09-08T07:20:29,Chennai,c2d55ab7-5eb,0,7,0
4ea4b2be-e6c5-4ce9-bcf8-324849ebb254,trivenipathak@upi,amaradeep@upi,3606.99,2026-07-08T16:04:01,Chennai,6011f78b-818,0,16,0
b8c59b04-7133-45b2-b2c2-c46b33107d3b,krishnanvanya@upi,jasmitwali@upi,1984.12,2026-08-12T18:18:53,Delhi,8ff5ffba-9c3,0,18,0
9d4331a8-a4de-492c-b4f5-93c7df90226b,upmavenkataraman@upi,amblesamarth@upi,4797.01,2026-07-08T18:41:28,Akola,38c9fa48-2f9,0,18,0
8f9863b8-a08a-47e6-869b-bfa462bc9e3b,vinayakanda@upi,diya27@upi,110.34,2026-07-09T17:31:37,Akola,23fef535-1f4,0,17,0
a716b1b7-5a44-44eb-8f06-f730bf7b15c2,owen10@upi,urvibhavsar@upi,2843.02,2026-08-05T06:57:25,Bengaluru,2a881e5f-0a3,0,6,0
f2573a22-bbb1-48fb-adbd-bd9291e9bc31,teerth77@upi,ekbalbhasin@upi,3404.93,2026-08-27T17:29:18,Bengaluru,195c66ab-c8b,0,17,0
3948bef1-e509-4bfb-8c81-2650ff42e4a1,jonathansolanki@upi,osachdeva@upi,287.62,2026-09-17T19:05:31,Hyderabad,2744506e-bbb,0,19,0
5f4ea7e1-6275-4b8c-aa4d-44b261f6661b,shagaurang@upi,bhavnakaran@upi,2048.69,2026-08-20T14:04:38,Pune,f2695b17-da3,0,14,0
79a12f2c-ac57-4334-95f9-f215cd2f38cc,dateanvi@upi,anamikayohannan@upi,88975.69,2026-07-16T02:11:28,Akola,e23bc59a-e47,1,2,1
16ff73e9-b421-41da-9c98-6f873dcf5ac1,sidhudaksha@upi,yashica40@upi,1506.02,2026-09-27T03:26:33,Chennai,79c4350e-7bd,0,12,0
39265517-e68e-40b0-8127-b137f7194a17,qpandya@upi,bnayar@upi,1265.65,2026-07-25T11:15:16,Hyderabad,420fdf64-228,0,11,0
d9cba4cd-4341-4134-9f3d-2a11d3f6d8a8,sarinanirudh@upi,baraldayamai@upi,2893.9,2026-09-23T19:14:14,Kolkata,6f6b6ab6-2ba,0,19,0
fdde57ec-74c9-4827-b255-bf774536803a,jyoti29@upi,ansh98@upi,2400.53,2026-07-24T23:58:26,Pune,1b8449aa-325,0,23,0
4c5ace59-5e9e-4c87-b586-ab6ced5765fc,esawhney@upi,upmavenkataraman@upi,879.62,2026-09-03T18:12:57,Chennai,23e5b872-dee,0,18,0
49f9aefe-f23f-4736-8c20-e38ac71dc88d,daksh45@upi,hritikpalla@upi,2286.99,2026-08-02T12:06:13,Kolkata,072ac257-0f0,0,12,0
4819a02f-1429-4376-a939-9beece986cce,bhavani27@upi,daksh45@upi,3879.7,2026-09-12T02:27:47,Hyderabad,527b9e26-830,0,21,0
4fb5b117-7517-4e56-9bb7-543a38095098,thamanorinder@upi,frederickkhurana@upi,30527.44,2026-07-17T02:15:35,Delhi,8db386a7-d43,1,2,1
76cc8f0b-a6ec-4122-b93c-f64b5070b467,jonathansolanki@upi,kashviedwin@upi,1581.87,2026-09-17T20:40:51,Kolkata,2744506e-bbb,0,20,0
80e6a117-527f-4ea0-91a1-3c16f511c5ca,zaidchauhan@upi,bhavani27@upi,4537.31,2026-08-05T16:44:51,Akola,f25fae62-8b8,0,16,0
dd0e0961-0078-4c7c-89cd-1dbb9b7f4f0d,maneupasna@upi,suhaninarain@upi,34792.08,2026-07-21T00:53:48,Bengaluru,40e4ec2d-90d,1,0,1
6b312f99-b6fa-4702-b09b-62e772a5f5cd,gauriganguly@upi,tanvi51@upi,4168.53,2026-08-18T23:16:38,Akola,c72e7ae4-f85,0,23,0
bb5e7442-a332-4511-9036-0e432b243f1e,faqidsavant@upi,thamanorinder@upi,2515.29,2026-09-11T21:39:22,Hyderabad,1ca35c16-a10,0,21,0
aee11a86-417e-46ae-9b68-ed60b5229604,gauriganguly@upi,bhavani27@upi,2235.57,2026-09-26T05:39:31,Akola,c72e7ae4-f85,0,7,0
2224233f-4e7f-4c61-8c85-ccd1308ea805,bhavnakaran@upi,vamakshi82@upi,3087.64,2026-08-30T05:31:16,Kolkata,acdecfc2-24d,0,11,0
98d97b88-07b0-42de-adc9-480ad72f0a80,gautammerchant@upi,rudra61@upi,2697.81,2026-08-22T03:36:57,Pune,c39bd9f0-2f5,0,21,0
57d52658-eae0-4e45-b214-37f5d7fd9255,pushti49@upi,sawhneyojas@upi,3822.06,2026-07-10T19:55:17,Kolkata,d8857b1b-100,0,19,0
1eb2ad54-a8d9-4cc0-a9e7-d05631681a9b,owen10@upi,ekapadjohal@upi,2923.41,2026-09-25T22:14:37,Hyderabad,2a881e5f-0a3,0,22,0
852d0fdf-859e-4a21-9f7c-0d6d7ef2330f,baldevika@upi,urvibhavsar@upi,1404.5,2026-08-30T03:20:41,Mumbai,d32ca56c-31d,0,10,0
6842d492-78d0-478f-bca1-9ecd5b44bd48,yashodadeshpande@upi,vinayakanda@upi,427.64,2026-08-27T20:49:07,Akola,976e20dc-d26,0,20,0
75a1e011-fde4-425a-92f8-f79a9341e922,michaelborra@upi,vmerchant@upi,1554.18,2026-08-05T03:21:03,Pune,b9b15ca7-23c,0,20,0
3cfd15d5-e6cf-4ea4-adf1-ef8d19f3171c,falak10@upi,jkohli@upi,4976.28,2026-08-13T11:56:14,Hyderabad,ddebfabe-8b8,0,11,0
9658dd13-0746-4d38-a708-2cce182c3228,yashica46@upi,yashica46@upi,4073.7,2026-09-19T08:34:18,Mumbai,44bc0387-f29,0,8,0
eca5341f-0686-48b3-8e77-608c9dc8275d,patrickvasa@upi,bariaazaan@upi,3630.6,2026-07-12T11:06:27,Kolkata,5486ec5a-863,0,11,0
5e83480d-aef2-41eb-acdc-ce01f60864ce,ksehgal@upi,indirakanda@upi,1758.87,2026-08-12T18:10:27,Kolkata,c2d55ab7-5eb,0,18,0
d22e6051-53b1-455c-bd54-8bac834a55ad,jyoti29@upi,aarnavmalhotra@upi,2459.96,2026-08-06T13:37:35,Kolkata,1b8449aa-325,0,13,0
3b9390da-ac29-49b4-8bb1-7fac30314d6b,aarnavrege@upi,jasmitwali@upi,410.76,2026-08-20T00:26:29,Akola,33daedc4-9e0,0,14,0
e0e033d6-8cf9-4443-a64c-cd956d4469a1,ranbir39@upi,lshere@upi,3052.5,2026-07-15T12:16:40,Hyderabad,06491864-379,0,12,0
a6d06eb3-5acd-428e-a1b4-de8194422102,jyoti29@upi,eyohannan@upi,729.24,2026-06-29T19:18:59,Chennai,1b8449aa-325,0,19,0
9c5de9be-4f5e-4d28-9698-fed94264467d,oseth@upi,pushti49@upi,542.36,2026-09-11T03:15:27,Hyderabad,d85c553b-6f2,0,12,0
b3e56acf-8695-4f40-a005-4de8b00da47e,osachdeva@upi,zdeol@upi,3634.7,2026-07-04T09:00:19,Kolkata,5fbc55ef-2de,0,9,0
001b2e27-7389-4a16-b382-2449df834224,roak@upi,bhatvarenya@upi,300.41,2026-09-07T18:13:09,Mumbai,caf157f1-769,0,18,0
441b2864-9ec2-4d9e-bbdd-43e81fa20fc0,dateanvi@upi,pavani85@upi,3671.62,2026-07-07T05:19:39,Mumbai,61876a84-17b,0,11,0
3ba2bd1e-efb1-417e-a712-e9974a742bab,udantbajwa@upi,aryasunder@upi,2300.59,2026-07-14T06:26:00,Akola,cce36fe7-c93,0,6,0
be9bf640-41ff-4043-9582-23912d99d621,amol24@upi,osachdeva@upi,2215.7,2026-08-04T10:38:26,Hyderabad,8937ded1-b0c,0,10,0
9044e343-ff5e-46eb-8272-704def26ca1b,isha34@upi,ksehgal@upi,910.0,2026-07-06T19:20:28,Pune,8fc07b5e-994,0,19,0
28e3fcc0-638c-474e-bda1-f4eb4cc69baa,daksh58@upi,sachdevanikita@upi,4235.14,2026-09-20T09:47:04,Delhi,b2da648a-195,0,9,0
d9ed1304-668b-4225-ab56-e66a84811a1d,ikakar@upi,dateanvi@upi,4597.96,2026-08-07T19:05:15,Akola,4e636d14-cda,0,19,0
15a9ec87-e57e-4059-b5e7-38ce28c12a87,vihaan13@upi,rajanranveer@upi,852.51,2026-08-11T14:12:00,Bengaluru,dda8abfe-645,0,14,0
a64aef9c-f4ea-4268-8933-ab71070aae5c,kakardivya@upi,urvibhavsar@upi,1457.19,2026-09-15T14:55:42,Delhi,5f331193-cf1,0,14,0
1227c6ef-c81a-4b9c-9547-e424e9d4982e,trivenipathak@upi,chanderwarjas@upi,3982.0,2026-08-03T13:06:01,Bengaluru,6011f78b-818,0,13,0
7d263be1-f67f-413c-bfd3-53315f9d10a4,rsathe@upi,krishnanvanya@upi,4986.0,2026-08-14T19:36:59,Chennai,b4287f0f-ef4,0,19,0
6bd57e1d-4d13-45e6-94ef-b935ee91c097,sachdevanikita@upi,grewalekapad@upi,195.94,2026-07-23T18:29:09,Chennai,84a60f35-56b,0,18,0
c44d3238-9818-4ec5-8eec-5a07dca750cc,fsamra@upi,dateanvi@upi,351.74,2026-07-18T09:44:56,Bengaluru,16d95fa1-3ca,0,9,0
80f3fd0f-7982-42a1-a804-46f484bd96bf,dugalnakul@upi,othakur@upi,1746.22,2026-09-19T06:27:24,Kolkata,88e8aa3c-ec0,0,6,0
96855647-ee8f-4c03-a000-60bd6153ac7d,shagaurang@upi,aryasunder@upi,4279.46,2026-08-14T23:30:47,Hyderabad,f2695b17-da3,0,23,0
5d12bc9a-920c-4369-9692-e7bfb34c6ed4,amblesamarth@upi,trivenipathak@upi,2542.65,2026-08-10T22:09:41,Chennai,8afd62cd-bcc,0,22,0
39ae70ca-e3f7-4a95-bf99-6c38b7dc5f1a,odhar@upi,onikannan@upi,1923.26,2026-09-06T22:32:50,Mumbai,0fcd6a35-7c5,0,22,0
a71eec46-2400-4100-a40d-0b950041fbaf,uaurora@upi,devimatthew@upi,4906.49,2026-09-21T19:44:33,Chennai,ee6efdd6-203,0,19,0
a4b26f13-b006-417e-abf4-53aa228076d8,krishnanvanya@upi,shivansh53@upi,2476.6,2026-07-13T17:27:43,Chennai,8ff5ffba-9c3,0,17,0
49aec111-884f-4883-adac-8fecf7bacfac,mananbakshi@upi,harini14@upi,15950.42,2026-09-24T00:52:48,Akola,f4108895-5ea,1,0,1
0ce83651-cb8a-4541-97a7-750b2ef8b341,mangalwahab@upi,ishakuruvilla@upi,3291.91,2026-09-25T11:09:26,Pune,ddfc0db5-5e5,0,11,0
f38ceddd-77e9-42d5-9e04-9254c04b5ac6,jkohli@upi,bhandarijyoti@upi,3088.65,2026-09-24T17:01:29,Chennai,009786b3-cbb,0,17,0
f0ec4440-a19c-4e22-95b0-93d5d8017ac5,faqidsavant@upi,sarinanirudh@upi,2423.62,2026-07-21T09:48:00,Hyderabad,1ca35c16-a10,0,9,0
a41d758e-95ac-4874-90a3-7b8584c98047,priya51@upi,kakardivya@upi,3094.29,2026-07-15T11:09:05,Chennai,5f36b3fa-a9d,0,11,0
fd2936db-ca3f-4955-ac8a-d8be76b11e28,othakur@upi,choudhuryjanani@upi,874.8,2026-08-06T21:23:14,Hyderabad,bba7a234-41e,0,21,0
d6781023-b618-4c60-bbae-38789c92304f,advika35@upi,sarinanirudh@upi,1096.27,2026-08-21T14:33:35,Mumbai,c31a4817-673,0,14,0
2e768a29-88ae-48a6-ac3b-ffa237ca02c6,yauvanicomar@upi,pandeychanchal@upi,4304.94,2026-09-17T23:21:42,Delhi,b458f741-708,0,23,0
5cd2bcc8-d3d0-4522-a29d-da2697fa0eb6,raigunbir@upi,nattdominic@upi,354.05,2026-07-09T00:27:07,Mumbai,81bf5faf-76e,0,11,0
cbb6d975-8eb2-4458-8f93-4c0ec8ff056f,dharazaan@upi,znori@upi,2437.09,2026-06-30T22:29:49,Bengaluru,f6dfa22f-783,0,22,0
e046bbd4-b10b-45b6-bfae-8935382b4261,mkapadia@upi,sarinanirudh@upi,1522.3,2026-07-04T03:09:48,Delhi,7e9eef66-f41,0,8,0
f0fa6502-6818-4d88-b262-5991755ccc1e,osharaghavan@upi,baraldayamai@upi,2207.39,2026-07-28T23:28:27,Mumbai,ad326f07-fe5,0,23,0
c92772ae-e41b-41d0-9fd5-cafeb5dc48ae,teerth77@upi,pandeychanchal@upi,4454.08,2026-08-22T19:57:03,Kolkata,195c66ab-c8b,0,19,0
b2e47fb3-2143-4536-8ecb-f8906b32d8ae,nihalshere@upi,henry25@upi,441.02,2026-07-25T09:11:51,Delhi,fed80d2e-7e6,0,9,0
d61a00fe-ef27-4433-a135-fa9e0c75a48c,kgole@upi,jkohli@upi,1935.31,2026-09-20T01:24:53,Mumbai,033b6f25-c1a,0,8,0
36f15b7e-84c1-4e7f-b6c1-582e16710c6e,harini14@upi,finn70@upi,2752.83,2026-07-19T08:14:51,Akola,5f85b4a0-39c,0,8,0
c2d64efe-1363-4b3e-980f-bc375cfc379a,jasmitwali@upi,nathanielsami@upi,2793.07,2026-07-30T02:24:07,Hyderabad,c7e0aeac-11c,0,16,0
f1dd3dfe-d67b-4395-ad86-23af38d922a6,droy@upi,utkarsh52@upi,1942.92,2026-08-31T07:56:31,Kolkata,554ccb59-53a,0,7,0
e46a4ec0-485e-439b-abec-1a44de15eb54,amblesamarth@upi,ekbalbhasin@upi,3791.12,2026-08-19T20:19:35,Delhi,8afd62cd-bcc,0,20,0
e25976ed-8304-484c-8886-f94aa8c43eac,isha34@upi,janujapradhan@upi,4218.34,2026-07-30T14:44:43,Pune,8fc07b5e-994,0,14,0
010ae4e9-b424-4804-aa28-3a61ef9bc5a6,sahaupkaar@upi,dhaliwalupkaar@upi,2103.6,2026-08-22T00:32:51,Akola,651e1852-8a4,0,21,0
998f20e0-ee42-4262-b4d6-ba7d0bb8f478,hyadav@upi,amaradeep@upi,1891.47,2026-07-31T12:43:18,Delhi,7662df68-57c,0,12,0
9517c2ad-30dc-44ce-aba9-0f7a2b083a05,randhawaanvi@upi,mray@upi,2778.76,2026-08-04T09:43:17,Chennai,4e527681-5a1,0,9,0
f1466c9f-a8f3-47cf-b51a-fe0276fc565e,pavani85@upi,ojasvi77@upi,3646.42,2026-07-27T05:19:01,Pune,f45333eb-f0e,0,22,0
21ff8915-b65f-487a-90bb-ccd9a8f429cf,yutika95@upi,michaelborra@upi,4951.65,2026-07-23T06:42:33,Pune,534764bd-7d8,0,6,0
90d94480-0902-4058-8a1d-80ee1f0774ad,bhavani27@upi,odhar@upi,1580.88,2026-08-22T17:12:27,Akola,527b9e26-830,0,17,0
78940ebb-8f61-4b5f-b2fa-f8e1fc9b09cb,ojasvi77@upi,raksha87@upi,4587.89,2026-08-29T10:08:55,Hyderabad,436c8c6f-1ee,0,10,0
e9dd0160-ff23-42d8-8f7d-836c8cc400f7,yashica40@upi,janujasankar@upi,497.71,2026-07-19T21:42:13,Bengaluru,4f00d0f2-cb4,0,21,0
9787db3d-8243-468f-ac9d-6c24e1ffdc7d,patrickvasa@upi,onikannan@upi,2576.89,2026-08-22T06:22:16,Delhi,5486ec5a-863,0,6,0
f59f472f-b746-402e-865c-ad8f96adbaa7,jasmitwali@upi,mray@upi,3540.88,2026-07-17T06:14:06,Chennai,c7e0aeac-11c,0,6,0
712937db-98e8-4e7a-95d7-e9040594e82c,cswaminathan@upi,gautammerchant@upi,77.94,2026-07-31T21:39:28,Kolkata,46baf193-06b,0,21,0
40f1c146-c0dc-42d1-ac3c-4e5b4cd08f08,bhavnakaran@upi,pradhankalpit@upi,923.19,2026-07-19T19:27:35,Bengaluru,acdecfc2-24d,0,19,0
2694b1ea-d352-4677-81d9-617d4748d7c7,grewalekapad@upi,raigunbir@upi,3924.53,2026-08-25T09:34:08,Delhi,48f0b03d-9d3,0,9,0
ea49bc96-1dbd-49b1-9d0a-bc54a0412df5,koshybalveer@upi,amol24@upi,2134.23,2026-08-15T02:09:53,Akola,53981699-769,0,8,0
436d112d-a4e6-4e9b-b665-451a0affc0e6,saumyadey@upi,timothy17@upi,849.83,2026-07-13T04:13:59,Kolkata,a9e6a037-41e,0,20,0
ac541dd6-6d3d-49aa-ad80-049079bb95eb,twalia@upi,yauvanicomar@upi,3541.01,2026-08-21T11:12:36,Akola,a3de5c1a-f8a,0,11,0
6a29e705-86c2-44e6-8b54-690f901a1dea,utkarsh52@upi,ekarajbath@upi,683.32,2026-08-31T17:22:18,Hyderabad,217f4f0c-209,0,17,0
d0212842-a32a-4f56-ba47-8db1b4015191,krishnanvanya@upi,pushtibal@upi,1939.02,2026-08-09T20:20:58,Kolkata,8ff5ffba-9c3,0,20,0
e0eb7255-fe7b-4626-b8d6-f2df3944bb4a,teerth77@upi,chakradevbarad@upi,2535.4,2026-09-20T23:57:26,Bengaluru,195c66ab-c8b,0,23,0
b14fe9a8-a53a-4fd9-9eaa-2e70097dc590,alkadewan@upi,nattdominic@upi,1277.2,2026-08-06T05:59:56,Delhi,a481934d-88c,0,8,0
858e84b9-ddaa-459d-a2b3-c707ebc32c0f,yashica46@upi,ranbir39@upi,107.64,2026-08-30T15:45:24,Bengaluru,44bc0387-f29,0,15,0
2e47238d-bb46-49e0-afac-c1ed4aa22cf8,qnayar@upi,saumyadey@upi,2814.2,2026-08-29T21:11:21,Chennai,4c2a3569-70e,0,21,0
00cccd77-42a5-4806-ab16-4994c2bd04f5,mangalwahab@upi,yashica46@upi,4327.63,2026-09-03T10:40:44,Pune,ddfc0db5-5e5,0,10,0
11710ed9-3ed4-4a29-ba07-5537d5098225,michaelborra@upi,kashviedwin@upi,478.05,2026-08-09T01:46:05,Kolkata,b9b15ca7-23c,0,13,0
cfd9b6a6-a945-4dd3-b703-f6846be1ce11,owen10@upi,indali23@upi,1412.86,2026-08-11T06:44:31,Bengaluru,2a881e5f-0a3,0,6,0
1d201e53-8705-4d01-8094-ff6e6064b5ea,rsathe@upi,alkadewan@upi,363.17,2026-09-27T04:55:26,Chennai,b4287f0f-ef4,0,15,0
0a45cae2-c07d-467a-b42d-14dc335cbe56,mkapadia@upi,diya27@upi,1235.29,2026-07-14T18:47:22,Pune,7e9eef66-f41,0,18,0
c2f88f65-391f-42cd-b13d-faa6879b9dc1,trivenipathak@upi,osharaghavan@upi,4150.98,2026-09-26T16:28:46,Chennai,6011f78b-818,0,16,0
0eb1bb03-b79d-438e-a62d-57eced6247be,indira19@upi,devimatthew@upi,851.73,2026-09-03T11:35:06,Delhi,068a185b-655,0,11,0
802e5541-4732-4cea-9a89-4d8e3a0d6b68,owen10@upi,nidhikohli@upi,2061.75,2026-07-03T23:33:06,Kolkata,2a881e5f-0a3,0,23,0
18e333f6-b123-41aa-a6e5-01e20e353d84,shagaurang@upi,amaradeep@upi,3140.37,2026-07-30T18:26:04,Akola,f2695b17-da3,0,18,0
2ea77f33-e972-47c7-b13a-ce3bd4172c6e,sarinanirudh@upi,yutika95@upi,4037.8,2026-07-28T09:28:08,Pune,6f6b6ab6-2ba,0,9,0
4e1854e0-bdf1-46fd-85e4-9e80e2129cad,vlanka@upi,alkadewan@upi,687.91,2026-07-21T08:41:07,Chennai,a07327ee-ec0,0,8,0
f8535647-8ad8-4d28-8d64-106d9551e9d6,mray@upi,raksha87@upi,178.25,2026-08-25T14:13:13,Pune,4d9d1830-dbb,0,14,0
5f7e8bc1-f1de-4408-ab58-961bc1fad034,bariaazaan@upi,dhaliwalupkaar@upi,1482.2,2026-09-23T22:28:06,Hyderabad,88c64c48-2d1,0,22,0
8018968c-7079-4707-95a4-3707d8625a5f,dhaliwalupkaar@upi,baraldayamai@upi,2325.3,2026-07-22T05:06:41,Mumbai,7a9a9350-e0a,0,12,0
a53c32cb-a428-4714-a991-cf8f201a7fb7,dateanvi@upi,rudra61@upi,3131.67,2026-09-18T07:56:46,Hyderabad,61876a84-17b,0,7,0
c3d7bcdc-de99-4c24-90a6-6926aae7dae4,chanderwarjas@upi,udantbajwa@upi,2902.42,2026-09-16T21:46:29,Bengaluru,803cb4f5-eb2,0,21,0
bc6d74aa-ca43-427d-acda-5445f194764b,nihalshere@upi,jyoti29@upi,2671.34,2026-09-08T15:55:03,Kolkata,fed80d2e-7e6,0,15,0
5a8c29e5-8d97-4a9f-ab8d-e512363bd3e9,upai@upi,randhawaanvi@upi,2827.17,2026-07-20T02:20:29,Delhi,eb6db7d5-b4b,0,9,0
6940cef6-8daf-4459-97c5-ed384216694f,triyagopal@upi,rudra61@upi,4386.23,2026-07-02T09:42:21,Bengaluru,6fa13b38-3c4,0,9,0
1beb770a-993e-42b4-b4a8-7262f3dc3860,bcherian@upi,isha34@upi,63115.31,2026-07-15T04:37:53,Akola,dd0dc826-6a1,1,4,1
5058a276-a259-46c1-9098-7bc926a53856,anamikayohannan@upi,ekbalbhasin@upi,227.52,2026-08-22T04:56:20,Hyderabad,588457f2-bbd,0,12,0
4cd7fa6a-2302-430f-bb5e-158e53664be9,sudiksha89@upi,randhawaanvi@upi,3774.61,2026-07-05T17:38:52,Chennai,06dc236b-954,0,17,0
5afa31fc-e993-4a85-bbc5-d2fadf790a00,nidhikohli@upi,qpandya@upi,1588.45,2026-07-25T02:15:29,Pune,1cd764a8-258,0,19,0
f105ffc3-c61d-4da4-a494-4b99daaed377,shivansh53@upi,cdatta@upi,2484.15,2026-08-21T18:02:43,Mumbai,40f069c3-46c,0,18,0
175843ba-d3fb-452d-85f2-4c25c1cb4074,urvashi66@upi,uaurora@upi,3388.88,2026-07-07T14:02:45,Pune,f2baea33-475,0,14,0
03dcd71b-834a-4553-a770-866dee77f683,aradhanaverma@upi,fsamra@upi,4849.51,2026-08-14T01:13:36,Akola,256a1951-b19,0,21,0
335e2c1f-08f7-4bdc-bb2a-2dbae35b8fbc,krishnarama@upi,modibhavini@upi,4609.75,2026-08-31T02:29:54,Akola,12ee3893-8c0,0,20,0
097082c3-2851-4126-acc8-a7370b28bf6c,soodyadavi@upi,onikannan@upi,4366.11,2026-09-04T04:32:23,Delhi,82f6eeaf-083,0,17,0
a2a6689f-32b4-4d69-835b-618006f0bb4f,advika35@upi,dateanvi@upi,3014.51,2026-09-15T17:08:09,Akola,c31a4817-673,0,17,0
f110b493-5c50-4604-ac8f-e2e4b65404e5,raigunbir@upi,ssahni@upi,92457.02,2026-08-21T01:07:02,Bengaluru,e08f1f1a-009,1,1,1
8a237c98-99b3-404a-892e-b6d17be7d16c,pavani85@upi,balangirik@upi,3084.54,2026-07-01T22:22:06,Akola,f45333eb-f0e,0,22,0
64ce5753-438a-4527-be11-99ac1b502338,borramanthan@upi,rudra61@upi,4347.46,2026-07-19T02:30:42,Bengaluru,e997552c-ae6,0,12,0
453f8234-b8c4-4592-b863-ee965a7e72e4,bhatvarenya@upi,jonathansolanki@upi,4266.76,2026-08-28T14:20:08,Bengaluru,e7b4cbd8-66d,0,14,0
9aa1ef2e-d764-4cc3-b8f0-3a5564491d16,beramax@upi,ekantika31@upi,777.16,2026-09-15T16:26:24,Mumbai,66663ca1-cbd,0,16,0
0d2f15a6-24a7-4adf-86c5-7c44b2b85ac3,bhattvamakshi@upi,ansh98@upi,940.53,2026-08-04T00:16:45,Akola,b4b08621-6b3,0,20,0
07073e0a-6a6a-4dbc-9166-67cf2ce68f32,ishaanshenoy@upi,kakardivya@upi,2172.53,2026-07-08T04:31:49,Chennai,d25bdbcf-05d,0,13,0
170c03d2-8865-4bfa-bf90-040966fab36f,gauriganguly@upi,yutika95@upi,2471.63,2026-08-14T22:17:06,Pune,c72e7ae4-f85,0,22,0
f978648e-f59b-41b5-86c6-8fa63338d769,chanderwarjas@upi,aradhanaverma@upi,2265.03,2026-09-04T17:19:51,Bengaluru,803cb4f5-eb2,0,17,0
8a3fc362-2862-43cf-9cd9-3940183ce736,sawhneyojas@upi,amaradeep@upi,772.06,2026-09-12T01:25:34,Mumbai,925a5673-7ea,0,17,0
0f590f9a-d2c0-4368-8d58-4343d782e811,qnayar@upi,amaradeep@upi,4740.96,2026-08-25T02:44:43,Kolkata,4c2a3569-70e,0,13,0
73362981-296d-4fec-a27d-2ea655ee8f2f,triyagopal@upi,pavani85@upi,1203.9,2026-08-14T17:14:28,Mumbai,6fa13b38-3c4,0,17,0
7f8235c7-f298-40c5-b42e-111b1ac1c959,droy@upi,avarkey@upi,4119.01,2026-08-16T18:30:38,Bengaluru,554ccb59-53a,0,18,0
aa60d609-a146-402b-b365-71ac82e949c5,janujapradhan@upi,baraldayamai@upi,3210.03,2026-08-11T05:41:25,Mumbai,9c9396c8-258,0,14,0
f03a9a02-9b3a-44f2-a4c3-834a0b6e3fe6,hritikpalla@upi,oseth@upi,2567.02,2026-07-16T02:41:28,Mumbai,72907c22-57a,0,18,0
21883863-64f6-4f0d-ba54-1f82bebeac98,frederickkhurana@upi,ssahni@upi,4527.86,2026-08-28T13:18:09,Mumbai,5469bd7e-cfb,0,13,0
c3d55817-2217-4cd2-b1a2-aea6936e3807,isha34@upi,othakur@upi,980.28,2026-08-05T08:36:23,Pune,8fc07b5e-994,0,8,0
9f78c9ee-464f-4975-8c52-b97b2d2a9925,nandinibhargava@upi,shroffbhavna@upi,2340.49,2026-09-08T00:43:37,Kolkata,48e3bd88-2ee,0,7,0
7b1f6bde-dd6b-4a37-ad8b-94ebbc515dad,zarnapathak@upi,nihalshere@upi,54143.8,2026-06-30T03:06:56,Mumbai,00c47c28-f50,1,3,1
d0cc1ce9-b001-4723-b5e1-c27dacd46fba,vamakshi82@upi,bhagatbrinda@upi,9303.75,2026-08-25T23:38:42,Chennai,b6516034-d55,1,23,1
bfd574de-2dde-4ae8-861c-b28694d7eeee,baldevika@upi,raksha87@upi,864.18,2026-08-10T06:08:08,Hyderabad,d32ca56c-31d,0,6,0
508de079-75f9-4d29-b994-7c7462c0765f,kakardivya@upi,aryasunder@upi,2650.08,2026-08-08T19:30:29,Bengaluru,5f331193-cf1,0,19,0
9452ef43-3f73-4524-9112-3a93deb086b2,uaurora@upi,jkohli@upi,2190.9,2026-07-20T07:28:53,Akola,ee6efdd6-203,0,7,0
2813f024-c8ec-4bfb-a925-457dd459621a,bhavyamandal@upi,osachdeva@upi,893.86,2026-09-07T20:12:44,Pune,dc1c0b6c-2bd,0,20,0
709b8530-02af-477c-b86d-3d7a24a35fbc,xiti28@upi,esawhney@upi,3298.35,2026-07-12T23:53:25,Bengaluru,4a9d640c-559,0,23,0
ec1139fd-5240-4e61-8627-724a20008e77,thamanorinder@upi,triyagopal@upi,4872.85,2026-07-05T03:22:54,Bengaluru,2a9bc1a4-1d0,0,17,0
2ac6f6e4-4eb4-4e5a-9876-284496554f00,qnayar@upi,odhar@upi,42618.83,2026-07-05T00:13:08,Kolkata,85b355af-c18,1,0,1
abb2d89c-94c0-4d6a-b1b5-64ebfb848f0b,qatwal@upi,hritikpalla@upi,3572.35,2026-07-15T22:55:36,Pune,cc16e930-bee,0,22,0
d6ffe6b8-a015-421c-9ca1-db5159ac6f5e,kom@upi,jonathansolanki@upi,1753.49,2026-09-14T22:19:55,Chennai,4bc2a128-c81,0,22,0
c09975e8-8b47-43ff-87cd-c0cf3205663c,vamakshi82@upi,fswamy@upi,1665.51,2026-07-05T02:55:25,Pune,54f56fb8-041,0,14,0
22da7d36-f0ae-4b18-890e-7240fc28db04,zdeol@upi,amol24@upi,1656.94,2026-07-10T05:39:51,Mumbai,500c5ea8-5e7,0,7,0
aec8da8f-5983-4f2b-85ff-daafe8641aaa,kalpit42@upi,xiti28@upi,78965.09,2026-08-30T04:03:36,Hyderabad,45d90c3b-bb9,1,4,1
1af27bb2-2c41-42de-a074-97a9d73cf7b2,teerth77@upi,udantdewan@upi,249.27,2026-08-10T09:26:36,Chennai,195c66ab-c8b,0,9,0
b1c24d98-5b66-49ac-88bf-6fdf33e7cc17,osachdeva@upi,ekaraj45@upi,2834.37,2026-08-25T23:49:32,Chennai,5fbc55ef-2de,0,23,0
1fde8393-293e-4f4b-92af-95f6d667e110,ekantika31@upi,bnayar@upi,561.27,2026-09-07T21:07:48,Delhi,c10de943-186,0,21,0
19942390-0064-47cb-9d0e-03ec55adcc83,ishakuruvilla@upi,indirakanda@upi,2218.6,2026-09-18T19:42:40,Kolkata,6bc0dd84-3b8,0,19,0
64d2d7da-a91c-4833-9f95-9375f8ec10cd,thamanorinder@upi,avarkey@upi,82173.06,2026-08-31T04:54:50,Akola,4aded0a6-afe,1,4,1
c191980e-3d5a-4557-a6af-b404b84c703f,nandinibhargava@upi,krishnanvanya@upi,4416.63,2026-09-11T06:29:44,Hyderabad,48e3bd88-2ee,0,6,0
eb8d4ed7-9db6-478f-8998-038588accd9c,beramax@upi,mananbakshi@upi,1865.32,2026-08-26T02:17:22,Akola,66663ca1-cbd,0,18,0
8393cfd1-fb0d-497b-a438-4ec70023afc5,utkarsh52@upi,michaelborra@upi,1918.11,2026-07-02T05:42:36,Delhi,217f4f0c-209,0,11,0
75541f3b-3975-4478-b2cb-e5c0b0ac098e,osharamachandran@upi,utkarsh52@upi,1256.85,2026-07-09T22:12:34,Hyderabad,29194246-377,0,22,0
e578b307-816b-429b-9905-d134bbc97360,pandeychanchal@upi,cdatta@upi,1088.9,2026-07-15T05:54:29,Akola,864a2d04-55f,0,20,0
844ecacd-a46f-4e8c-b25d-fcdd9d337e10,nidhikohli@upi,onadig@upi,1223.04,2026-07-07T17:37:13,Akola,1cd764a8-258,0,17,0
4dd3e066-fe93-4207-9047-a2195dc16528,timothy17@upi,daksh58@upi,795.3,2026-07-12T21:18:47,Chennai,7750feff-f48,0,21,0
be6ca674-2c83-4e73-a48a-9289d603fb7b,osachdeva@upi,koshybalveer@upi,4667.77,2026-08-08T12:32:34,Delhi,5fbc55ef-2de,0,12,0
2e27876b-e27e-4b30-9a1a-ceca76e08ae4,aryasunder@upi,qvyas@upi,4314.38,2026-09-06T01:38:27,Hyderabad,4ceb4c19-40d,0,16,0
fb40d49b-c5a1-461b-903a-07ffbe1321e8,faqidsavant@upi,ssahni@upi,733.07,2026-08-07T03:32:46,Chennai,1ca35c16-a10,0,20,0
16dad6a8-7535-4395-a5c6-9d61fd6608b0,onadig@upi,hrattan@upi,1720.79,2026-09-26T16:01:08,Chennai,2edf66dc-30a,0,16,0
ebf28134-3ca5-4f6e-9117-eebe470a958e,tanvi51@upi,othakur@upi,484.59,2026-07-13T08:39:21,Chennai,df69cfd2-a83,0,8,0
4a94aa65-5b1c-4e85-80bd-23c85900425e,bhagatbrinda@upi,karnikekansh@upi,3278.88,2026-09-22T09:52:45,Pune,d766091e-4d5,0,9,0
2a6b0f00-aba0-44e1-90a0-15c1a0eb11df,sarinanirudh@upi,atharv13@upi,2620.93,2026-08-04T03:04:23,Hyderabad,6f6b6ab6-2ba,0,22,0
e1e78474-1e25-4048-ae39-e42a9360073b,vmerchant@upi,dhaliwalupkaar@upi,915.33,2026-08-16T01:53:14,Akola,af2f2527-a1c,0,11,0
0cdeb41d-30b8-45b3-affe-a919ac28d59a,choudhuryjanani@upi,alkadewan@upi,905.75,2026-07-13T18:06:19,Bengaluru,4c93c7d1-a58,0,18,0
89f999eb-c6bb-45ca-9a4d-edc1e8098693,pavani85@upi,gautammerchant@upi,3526.0,2026-07-09T09:46:02,Chennai,f45333eb-f0e,0,9,0
ba20fcd4-a857-4b1f-b347-26810481e7a3,trivenipathak@upi,fsarma@upi,2072.09,2026-07-31T22:41:40,Bengaluru,6011f78b-818,0,22,0
85527106-addb-4e6d-8aad-77b0e0071006,onadig@upi,onikannan@upi,750.51,2026-08-23T15:34:25,Pune,2edf66dc-30a,0,15,0
f22e69f3-a284-4616-9fb7-5481d6ed448c,ishakuruvilla@upi,mananbakshi@upi,2272.88,2026-08-19T15:29:30,Kolkata,6bc0dd84-3b8,0,15,0
24152b0b-d3c3-4aa9-9524-49fcd1a4fbd1,indira19@upi,khatrinathan@upi,3460.64,2026-07-02T21:11:56,Kolkata,068a185b-655,0,21,0
91473ebf-bf10-4cc0-b99d-f9e99ff3ec1c,urvashi66@upi,rsathe@upi,2178.82,2026-08-15T18:57:43,Bengaluru,f2baea33-475,0,18,0
8f7c6f9a-c1a5-4de0-87be-63f4f787f3c8,tanvi51@upi,roak@upi,1774.23,2026-07-24T17:12:42,Akola,df69cfd2-a83,0,17,0
7ec93d61-ab72-41cb-b156-07824b3a979c,karnikazad@upi,saumyadey@upi,1179.68,2026-09-01T16:32:14,Akola,6f0a5b17-392,0,16,0
5d841ab2-5bcd-4b42-ad6f-bbab57c45673,amblesamarth@upi,timothy17@upi,2041.21,2026-09-07T17:37:01,Pune,8afd62cd-bcc,0,17,0
419d92c3-9071-40d6-827e-b0c591f85326,daksh45@upi,pavani85@upi,4556.12,2026-07-20T02:24:27,Akola,072ac257-0f0,0,17,0
0e21b026-70ee-4d39-95a0-ddfa5e18a193,rsathe@upi,janujasankar@upi,828.68,2026-06-30T00:46:03,Delhi,b4287f0f-ef4,0,10,0
3abde9d3-1a09-4429-b9aa-a74dc9877bd0,suhani46@upi,dateanvi@upi,168.46,2026-09-14T20:23:46,Bengaluru,5d0c0d11-0c6,0,20,0
bbfc61b4-e449-46f6-a95d-aabc2e2b5ec7,sarinanirudh@upi,yashawinilanka@upi,2788.81,2026-08-28T07:46:07,Hyderabad,6f6b6ab6-2ba,0,7,0
a9e2667b-25cd-4482-b771-9c62c78b8ec5,vlanka@upi,ishakuruvilla@upi,1526.9,2026-07-28T21:14:46,Bengaluru,a07327ee-ec0,0,21,0
4445c321-14d9-4976-9840-6f3d5c3929c5,lshere@upi,theodore28@upi,1226.32,2026-07-23T12:20:52,Delhi,39597721-7f3,0,12,0
2ea3e414-01fd-4f1d-8651-82e47808a677,vamakshi82@upi,teerth77@upi,3320.99,2026-07-15T16:45:46,Kolkata,54f56fb8-041,0,16,0
385ab1df-b258-4195-aef3-be6074bd6240,lshere@upi,baraldayamai@upi,782.11,2026-09-21T07:20:08,Chennai,39597721-7f3,0,7,0
2a8589d5-aa9a-4d61-beaf-35b3a3a9b07a,uaurora@upi,xiti28@upi,50114.74,2026-09-24T02:27:03,Pune,2f8b5357-c0d,1,2,1
702bb88c-ca83-4eb6-b868-b50ec8b82878,michaelborra@upi,kalpit42@upi,1159.9,2026-08-26T16:14:37,Delhi,b9b15ca7-23c,0,16,0
a04d345c-ae8f-4848-86bc-031550c4b14a,sidhudaksha@upi,dugalnakul@upi,1618.85,2026-09-18T04:51:57,Pune,79c4350e-7bd,0,16,0
22c5da1f-0389-4250-acb6-4358ab4290ad,timothy17@upi,jyoti29@upi,2789.94,2026-09-24T18:47:52,Bengaluru,7750feff-f48,0,18,0
dcf06c99-6496-48de-a18b-37021c32dad1,xiti28@upi,henry25@upi,1667.26,2026-07-11T23:52:42,Chennai,4a9d640c-559,0,23,0
01fed0da-a621-45f7-a8d7-275f042063cc,znori@upi,balangirik@upi,4638.29,2026-08-18T02:14:35,Delhi,575ce5f1-951,0,18,0
6aefba1d-cec1-4f21-88e2-ffe28873cdf5,teerth09@upi,teerth09@upi,3059.52,2026-07-23T18:31:54,Kolkata,ffd45e2d-603,0,18,0
52404a56-f7d9-4fe2-b067-9233538c918c,fsamra@upi,mkapadia@upi,73.33,2026-07-30T02:54:09,Hyderabad,16d95fa1-3ca,0,13,0
38a7330b-3cb5-4899-a57d-a1788153dde9,odhar@upi,yashica46@upi,1464.45,2026-07-09T03:01:31,Mumbai,0fcd6a35-7c5,0,10,0
6a78e0bc-4e12-4098-b9c3-e5c93a58e773,sarinanirudh@upi,modibhavini@upi,2704.33,2026-07-13T11:17:35,Chennai,6f6b6ab6-2ba,0,11,0
86b7b348-7c5b-48db-b18a-6476629fd838,suhani46@upi,mangalwahab@upi,4138.69,2026-09-05T17:45:22,Akola,5d0c0d11-0c6,0,17,0
7eda9670-cf60-4e83-bf6a-b9d1caf1410c,uchandran@upi,urvibhavsar@upi,1860.8,2026-08-05T04:32:58,Pune,ea9893d5-713,0,16,0
03328298-54ac-4998-8214-e597067e258d,udantbajwa@upi,nathanielsami@upi,375.66,2026-08-30T16:50:01,Mumbai,cce36fe7-c93,0,16,0
23db7d66-5354-495b-8b74-9a9a3beb7c9b,maneupasna@upi,suhaninarain@upi,4849.46,2026-09-27T10:39:12,Hyderabad,e7ceef85-245,0,10,0
69a6557b-f639-4d4e-a74d-ce9c48461728,fswamy@upi,nathanielsami@upi,999.67,2026-07-27T01:44:16,Mumbai,ffe1ecd3-cab,0,15,0
dec1f843-9cd5-45e2-ad91-d63bd939681f,aryasunder@upi,aarnavmalhotra@upi,571.89,2026-09-21T06:43:23,Bengaluru,4ceb4c19-40d,0,6,0
709d7bcb-46a7-4bb5-9ee2-233d628420d9,droy@upi,vinayakanda@upi,2088.7,2026-07-31T20:40:49,Akola,554ccb59-53a,0,20,0
c2cf8497-0bef-4bd5-be25-374c8385467e,beramax@upi,diya27@upi,2310.92,2026-09-24T02:06:39,Hyderabad,66663ca1-cbd,0,15,0
bc84e201-2a8a-42bb-acfc-dc846cb95339,charan16@upi,shroffbhavna@upi,4329.92,2026-09-25T23:51:04,Mumbai,027eadc5-718,0,23,0
a1168f08-64cc-4505-888e-e91e23882312,aishanibumb@upi,dhaliwalupkaar@upi,3461.79,2026-09-13T21:13:22,Akola,27a02a93-b8a,0,21,0
2a53b576-d6d6-4718-a115-ebb2de59f6cb,janujasankar@upi,dayamai55@upi,4355.02,2026-07-09T16:48:41,Kolkata,9939ea42-a08,0,16,0
df7bf6e9-dc58-4633-b373-730a24f76170,theodore28@upi,suhaninarain@upi,4128.29,2026-08-31T04:46:35,Kolkata,bf68b038-433,0,13,0
6d565f55-e067-4956-8342-41f1adebd733,pandeychanchal@upi,owen10@upi,1208.31,2026-07-03T17:43:50,Pune,864a2d04-55f,0,17,0
b0cab1d2-1f94-4cc2-a509-758f96ac6255,aarnavmalhotra@upi,oseth@upi,3363.82,2026-08-24T13:41:55,Pune,de316df9-cc5,0,13,0
84a257fb-f75a-4287-89b2-b654b0f9e4c3,khatrinathan@upi,qatwal@upi,3084.49,2026-09-22T23:22:54,Bengaluru,67200f98-d64,0,23,0
95176447-3569-4af5-9e85-b7496c3c8554,avarkey@upi,jkohli@upi,822.16,2026-08-26T00:56:00,Delhi,2060d1a2-7a7,0,10,0
481cee97-e278-4646-9024-f8db5d3aa720,suhani46@upi,devimatthew@upi,2118.53,2026-07-02T07:50:00,Bengaluru,5d0c0d11-0c6,0,7,0
8f88e03c-d8c3-4be8-b81b-e49177e79ef4,chandani64@upi,owen10@upi,3889.38,2026-07-29T12:39:06,Pune,0a20b114-3c9,0,12,0
8885025c-4585-4720-973a-f524923a716d,ojasvi77@upi,ekaraj45@upi,4668.03,2026-09-02T12:19:50,Pune,436c8c6f-1ee,0,12,0
7ed0dca3-5359-47f0-b238-6ddc8641b5c2,vmerchant@upi,yashica40@upi,59856.7,2026-07-12T03:41:49,Bengaluru,eb0721ff-807,1,3,1
61042cd8-596d-4a97-b255-b66faa085e97,ikakar@upi,priya51@upi,3779.87,2026-08-22T22:33:14,Pune,4e636d14-cda,0,22,0
dd3db57e-cbcf-494b-9eef-ef0df3600747,qvyas@upi,dateanvi@upi,1693.63,2026-09-26T10:11:39,Akola,e316ffc2-72c,0,10,0
869957c8-3ae6-4bb8-9abb-6804ed2cd739,pandeychanchal@upi,pushtibal@upi,2153.19,2026-09-05T21:32:23,Bengaluru,864a2d04-55f,0,21,0
f28718e0-f409-4094-83e9-9182c5690ad7,pavani85@upi,qatwal@upi,2482.82,2026-08-19T04:52:05,Bengaluru,f45333eb-f0e,0,16,0
d883aff0-4b64-4ad8-8344-e2cceb267c85,trivenipathak@upi,karnikazad@upi,3709.87,2026-08-10T10:52:56,Kolkata,6011f78b-818,0,10,0
07f2dfcb-c21b-49e9-b47e-5d64b02352e8,qpandya@upi,fchaudhary@upi,1457.61,2026-07-04T04:24:44,Chennai,420fdf64-228,0,8,0
11d0922e-1323-46ae-b367-770b8df38894,mkapadia@upi,yashica40@upi,433.75,2026-07-28T06:55:49,Delhi,7e9eef66-f41,0,6,0
f9a2fab6-2cc4-46d1-aa00-cc6f63292213,bnayar@upi,dayamai55@upi,4469.74,2026-09-16T10:06:47,Chennai,9ae0f61e-249,0,10,0
e5aa49a9-f686-45a3-a87e-3e2bd1655387,isha34@upi,ojasvi77@upi,1009.96,2026-08-24T21:52:15,Pune,8fc07b5e-994,0,21,0
464f342d-d184-4f8d-8bab-a87fe5b737bb,beramax@upi,aryasunder@upi,75.65,2026-07-29T14:40:56,Bengaluru,66663ca1-cbd,0,14,0
c0802a84-f90d-41fb-9f69-eedc996befd0,yutika95@upi,henry25@upi,1220.29,2026-09-05T21:44:38,Mumbai,534764bd-7d8,0,21,0
9ec5fc66-9c7f-4b0b-8777-c1ab90f73743,rsathe@upi,yashica40@upi,2127.45,2026-08-04T19:49:28,Bengaluru,b4287f0f-ef4,0,19,0
761b9f5b-cc99-48df-8770-84ec62bb73c3,onikannan@upi,udantdewan@upi,1844.49,2026-08-22T21:35:00,Hyderabad,3986b98f-c16,0,21,0
537a1bba-7a10-42d4-82e6-4b7abc9a4c31,nandinibhargava@upi,nidhikohli@upi,2199.88,2026-08-06T16:49:13,Kolkata,48e3bd88-2ee,0,16,0
159d6ed5-7563-4d1e-9b04-2ea670a6228c,oseth@upi,fsarma@upi,2289.58,2026-07-29T19:52:36,Pune,d85c553b-6f2,0,19,0
90d030ec-10f0-4dd7-9be6-2a016ed28de0,droy@upi,jasmitwali@upi,4533.99,2026-08-31T01:29:36,Mumbai,554ccb59-53a,0,15,0
855da114-034b-4309-a64f-2aad86138e19,sidhudaksha@upi,qatwal@upi,1660.62,2026-07-20T07:23:27,Delhi,79c4350e-7bd,0,7,0
51d5cdee-6a18-4826-a784-efd23a50bc30,pushti49@upi,balangirik@upi,3538.07,2026-09-25T06:07:05,Delhi,d8857b1b-100,0,6,0
f64bb134-7317-41d3-a581-cd4d5de6aeb6,yashica40@upi,lakshmi51@upi,2280.09,2026-08-19T02:51:38,Akola,4f00d0f2-cb4,0,9,0
8004ea41-ab66-4666-bdf1-28b7dda12e10,chakradevbarad@upi,rudra61@upi,706.86,2026-09-11T00:24:42,Pune,a0208131-c51,0,21,0
d0f5eac8-d000-4f5d-bb07-cdab72231c76,anshbedi@upi,aryasunder@upi,4391.11,2026-09-24T13:25:16,Hyderabad,a7b3a41a-177,0,13,0
a0ef9bcc-9338-4152-8232-eaccaed94309,aarnavmalhotra@upi,upai@upi,161.8,2026-09-14T12:21:47,Akola,de316df9-cc5,0,12,0
e6dbab01-7f17-40cc-8d7e-14c85e8ae9e5,tanvi51@upi,dhaliwalupkaar@upi,602.18,2026-08-03T22:39:17,Chennai,df69cfd2-a83,0,22,0
54af72d9-e268-46b2-97cd-53e4eabf318f,owen10@upi,ekantika31@upi,1913.95,2026-07-03T04:02:27,Chennai,2a881e5f-0a3,0,12,0
2178904a-c036-4293-93be-078537afd7fc,bhandarijyoti@upi,eyohannan@upi,2407.0,2026-07-01T02:33:34,Kolkata,32dea559-1cb,0,21,0
ef8d2f5e-9226-4d74-b36d-04eea671c9ed,theodore28@upi,pandeychanchal@upi,231.77,2026-09-17T00:51:24,Mumbai,bf68b038-433,0,16,0
8f48759e-893c-4b00-9f94-0745ee51813e,kalpit42@upi,priya51@upi,3785.02,2026-08-13T02:02:13,Delhi,25b79fcc-aed,0,13,0
464e25e4-5d0a-4bbf-b683-8a4811648087,aarnavmalhotra@upi,shagaurang@upi,2888.33,2026-07-06T22:33:29,Chennai,de316df9-cc5,0,22,0
af51ae2e-babf-4518-90b8-12df468936ed,dateanvi@upi,bhavyamandal@upi,52.69,2026-07-30T16:24:21,Kolkata,61876a84-17b,0,16,0
ba8f3651-2bf0-40ce-bc06-98b754ce13ae,yashica40@upi,xiti28@upi,4713.13,2026-08-30T21:47:52,Hyderabad,4f00d0f2-cb4,0,21,0
c6c70c02-5fcf-4731-8360-14c72c2f982c,fsamra@upi,petersachar@upi,4432.8,2026-07-10T18:05:43,Delhi,16d95fa1-3ca,0,18,0
e58f09eb-7fed-4ea8-a4ee-d8394c35ba08,twalia@upi,chandani64@upi,3346.37,2026-08-27T20:55:52,Delhi,a3de5c1a-f8a,0,20,0
36ed6b62-e2e1-4033-9339-6af76668cdcb,vamakshi82@upi,daksh58@upi,4591.48,2026-09-18T10:22:08,Delhi,54f56fb8-041,0,10,0
7ba8b1d3-c2eb-46e8-82d3-629659f8429e,bhavyamandal@upi,qwadhwa@upi,3668.11,2026-08-15T03:59:08,Kolkata,dc1c0b6c-2bd,0,18,0
87480f3f-1ca1-4c79-9ce6-5c6c04421698,patrickvasa@upi,aarnavmalhotra@upi,1689.64,2026-08-01T01:46:55,Delhi,5486ec5a-863,0,20,0
3021bf68-e88c-4679-a058-7e66ea55b62c,lakshmi51@upi,twalia@upi,2390.49,2026-08-25T21:15:19,Hyderabad,c26b652f-797,0,21,0
a6010835-a69c-48a5-b869-556976e25e2f,nidhikohli@upi,vlanka@upi,4720.56,2026-08-15T08:59:16,Kolkata,1cd764a8-258,0,8,0
b61dba23-abee-4fe1-9451-c780e85bf762,ishakuruvilla@upi,aarnavmalhotra@upi,476.16,2026-09-16T00:20:51,Kolkata,6bc0dd84-3b8,0,11,0
04320ef7-818d-449d-bb97-d4f714efaa82,rajanranveer@upi,borramanthan@upi,2935.97,2026-09-13T00:49:10,Pune,d345db24-261,0,17,0
71683e67-452c-49bf-9194-420897429d0d,krishnanvanya@upi,aryasunder@upi,2494.4,2026-09-07T19:05:46,Mumbai,8ff5ffba-9c3,0,19,0
0e1d9a20-bc8d-40d3-b9cb-d4ca9b189c94,eyohannan@upi,dateanvi@upi,2293.08,2026-07-29T12:41:29,Pune,0f358453-475,0,12,0
ae5ca9be-09ea-4c48-b793-dc9b3542706f,alkadewan@upi,owen10@upi,313.45,2026-08-08T17:45:10,Bengaluru,a481934d-88c,0,17,0
732be2e1-2d65-4419-b55f-22c800910ef4,ojasvi77@upi,upmavenkataraman@upi,3177.09,2026-09-21T09:08:48,Bengaluru,436c8c6f-1ee,0,9,0
5de09065-d428-4fe1-b70f-3b6d7936b034,borramanthan@upi,maneupasna@upi,4653.12,2026-08-23T20:46:02,Pune,e997552c-ae6,0,20,0
48483b80-3e50-435c-8322-b1cebf4b93c7,urvibhavsar@upi,osharamachandran@upi,4558.89,2026-09-21T11:15:54,Mumbai,2b85036e-d5d,0,11,0
bc58b133-e493-4d3c-8b3a-3b651d62c069,devimatthew@upi,yutika95@upi,2541.64,2026-06-30T20:52:34,Mumbai,a1b0f18a-d9c,0,20,0
cd234864-1e46-49cd-8a84-60f7518aa923,pushti49@upi,bhandarijyoti@upi,2522.2,2026-09-22T02:18:31,Kolkata,d8857b1b-100,0,17,0
79fd4e76-7fd6-4b63-bd36-60037afb7fda,choudhuryjanani@upi,gautammerchant@upi,4669.63,2026-08-24T02:54:52,Delhi,4c93c7d1-a58,0,14,0
f584144b-f751-4ac6-a2da-d0602e62f0de,ishaanshenoy@upi,henry25@upi,3880.43,2026-08-25T17:33:41,Bengaluru,d25bdbcf-05d,0,17,0
ad1ea000-4594-496d-b4bc-ed9778bd8466,nathanielsami@upi,aradhanaverma@upi,4480.54,2026-08-06T08:27:43,Hyderabad,dc6d5618-766,0,8,0
6d17f688-b81e-4acf-9725-155b8dc29b6a,upmavenkataraman@upi,darsh64@upi,42299.93,2026-09-18T23:08:07,Kolkata,838438c1-077,1,23,1
de94cb35-e187-4463-8c95-7ee2beab790d,nidhikohli@upi,vamakshi82@upi,1559.73,2026-09-20T00:05:46,Hyderabad,1cd764a8-258,0,21,0
b22d2bb0-e8ea-49d6-9bff-8df9f8b948d0,xiti28@upi,osharamachandran@upi,217.2,2026-07-21T04:12:53,Delhi,4a9d640c-559,0,19,0
b06315de-29d0-4cc4-9783-01f2a650d942,udantbajwa@upi,raksha87@upi,3867.04,2026-08-27T10:42:32,Hyderabad,cce36fe7-c93,0,10,0
04d5b029-4a19-4876-b9a4-94048ca7d409,osharaghavan@upi,finn70@upi,4098.11,2026-07-29T00:38:07,Delhi,ad326f07-fe5,0,10,0
15b8d1dc-be88-4b33-84f1-fa31da16b270,bhavnakaran@upi,devimatthew@upi,2944.25,2026-08-09T03:02:03,Chennai,acdecfc2-24d,0,14,0
99c8976d-30b7-4ca0-805d-cd2e3f418df5,raigunbir@upi,nattdominic@upi,1719.85,2026-08-27T15:59:00,Chennai,81bf5faf-76e,0,15,0
7bd0cdb0-f46e-4dd5-a5ba-8317adfa72af,aryasunder@upi,baldevika@upi,1161.97,2026-08-31T20:15:33,Pune,4ceb4c19-40d,0,20,0
50aaa8d8-7a67-4f26-81f6-70ad69979075,shagaurang@upi,tanvi51@upi,4571.49,2026-09-03T03:30:38,Chennai,f2695b17-da3,0,22,0
1e9dee53-7f72-4347-b605-6a9d0363ddc1,avarkey@upi,oseth@upi,3954.45,2026-08-25T05:47:45,Akola,2060d1a2-7a7,0,21,0
bc83a728-2230-4ee1-8bae-f2fdb4a8e982,atharv13@upi,yashica40@upi,1912.16,2026-08-14T02:52:32,Kolkata,42f27329-005,0,17,0
004c9380-bc56-4c1d-88fc-c248ffbac9a3,yashica46@upi,esawhney@upi,3511.32,2026-09-25T03:10:13,Chennai,44bc0387-f29,0,11,0
49275194-93bb-482b-b78b-fd1a0cc3661f,nidhikohli@upi,sarinanirudh@upi,4362.88,2026-09-01T07:56:26,Pune,1cd764a8-258,0,7,0
f4bfeff4-f10a-416f-840b-a41d93427b86,chanderwarjas@upi,henry25@upi,1966.81,2026-09-23T19:47:38,Chennai,803cb4f5-eb2,0,19,0
31692154-e18d-4e89-a13f-a0545cef7a42,harini14@upi,bnayar@upi,4166.29,2026-09-25T07:24:58,Delhi,5f85b4a0-39c,0,7,0
b6895ae1-dc3b-4010-84e1-50c2e47fb36a,michaelborra@upi,sidhudaksha@upi,85155.75,2026-07-10T03:20:25,Akola,dac78dd9-782,1,3,1
e9291ac0-55c7-4f12-ba28-6b1b77fa4514,cswaminathan@upi,ikakar@upi,27549.25,2026-07-22T00:45:30,Kolkata,bfd83765-be6,1,0,1
929d8660-bc02-4fa7-9027-8d59b48d3e24,bariaazaan@upi,indirakanda@upi,802.19,2026-09-01T03:30:15,Pune,88c64c48-2d1,0,10,0
4eb478be-7d07-4db2-a4ca-32a50584e0b1,soodyadavi@upi,upmavenkataraman@upi,572.42,2026-09-02T05:50:18,Akola,82f6eeaf-083,0,21,0
c4c25f08-5287-4133-925e-788f9a2989a9,dugalnakul@upi,krishnanvanya@upi,3497.45,2026-08-02T16:44:28,Chennai,88e8aa3c-ec0,0,16,0
57a229de-ded7-4a38-88bb-00cbccb71c8b,yashica46@upi,teerth09@upi,445.06,2026-09-03T23:22:56,Delhi,44bc0387-f29,0,23,0
1a7b2f1d-c073-418b-9eac-f4f492a8657a,jkohli@upi,chandani64@upi,532.16,2026-09-23T18:33:35,Mumbai,009786b3-cbb,0,18,0
cd796e94-5f4f-4cf8-a7e8-421f2f25d072,yutika95@upi,ishakuruvilla@upi,4075.23,2026-08-31T01:15:56,Mumbai,534764bd-7d8,0,16,0
5c45ab02-11e9-44f3-9fc2-b1d25fd0e18f,hrattan@upi,hritikpalla@upi,2219.01,2026-08-13T13:32:00,Hyderabad,c3f5975c-ac9,0,13,0
0d768d64-fb1f-490b-ba7c-3967f74fcb3e,osharaghavan@upi,vihaan13@upi,1231.9,2026-09-01T13:52:42,Delhi,ad326f07-fe5,0,13,0
91b0f347-1690-412f-b1ec-f07a5081652b,desaiaishani@upi,baldevika@upi,3770.53,2026-07-11T10:01:07,Hyderabad,3be7191f-103,0,10,0
158e46bf-68f4-4a64-8aff-f8657d1c6427,ishakuruvilla@upi,avarkey@upi,4453.68,2026-07-13T06:03:08,Chennai,6bc0dd84-3b8,0,6,0
f2a27315-78e8-4d6d-b640-e3c6587dbf5b,amol24@upi,odhar@upi,1533.56,2026-08-01T07:49:19,Pune,8937ded1-b0c,0,7,0
c7984117-7eda-436f-981e-e05fb737b22b,harrisonrai@upi,lshere@upi,2547.52,2026-09-24T15:04:10,Bengaluru,e7816626-028,0,15,0
0e22d86f-e48a-49b6-a1bb-208e4e51ccf2,karnikazad@upi,indira19@upi,4589.95,2026-08-20T04:42:42,Mumbai,6f0a5b17-392,0,20,0
15b5b6d3-fcf9-4e00-9509-c456a9bd00a8,petersachar@upi,falak10@upi,1402.85,2026-07-25T02:12:47,Hyderabad,dc7609f9-ab8,0,19,0
b7847e2d-41fc-4d97-bba6-ded415142e57,isha34@upi,pandeychanchal@upi,4195.31,2026-08-13T02:02:57,Bengaluru,8fc07b5e-994,0,7,0
56a452cc-c07a-470c-a708-f740ab1069b7,kibeharsh@upi,randhawaanvi@upi,2275.4,2026-08-30T18:04:48,Chennai,ff6d3c99-65e,0,18,0
8078d26b-25ae-4ce9-ab0d-b81dba370cb9,gauriganguly@upi,anshbedi@upi,3630.24,2026-09-20T02:36:10,Chennai,c72e7ae4-f85,0,15,0
57cb373b-6bb3-4ae0-8fd7-fd012e2ebbab,ssahni@upi,bhattvamakshi@upi,4558.7,2026-07-01T14:18:19,Delhi,5a5477fd-633,0,14,0
d47fa74f-81b0-4ff5-bd64-91ad98937688,isha34@upi,mangalwahab@upi,2293.65,2026-07-18T23:25:29,Mumbai,8fc07b5e-994,0,23,0
c6a5201b-8181-4e1a-ac48-f30fe75866dc,suhani46@upi,mray@upi,69165.49,2026-09-12T04:04:47,Akola,2a3d5aa1-16c,1,4,1
66a686ac-45a2-4806-8234-1d9c05375fbb,ikakar@upi,teerth09@upi,4370.45,2026-08-28T06:17:36,Mumbai,4e636d14-cda,0,6,0
4325cc5d-1d09-4e02-9343-f209d2abe629,kom@upi,yashodadeshpande@upi,3109.64,2026-08-04T06:03:53,Mumbai,4bc2a128-c81,0,6,0
4282bc63-6a93-4e0f-82d7-4b2ed234766f,pchhabra@upi,patrickvasa@upi,3450.88,2026-09-15T00:29:39,Kolkata,cecd6417-13d,0,14,0
c227dc86-59e6-4390-9706-c6af626e08f3,michaelborra@upi,bhavani27@upi,1632.42,2026-07-21T12:53:59,Bengaluru,b9b15ca7-23c,0,12,0
f12f1d47-e112-4cf5-8303-30a1be1d9169,sudiksha89@upi,thamanorinder@upi,83557.3,2026-09-23T00:54:25,Mumbai,b1cff546-ca5,1,0,1
5fd58ff8-8353-496a-8b08-858b4a723333,grewalekapad@upi,dhaliwalupkaar@upi,2335.32,2026-07-07T15:00:14,Hyderabad,48f0b03d-9d3,0,15,0
4caadb5a-874e-4057-831b-e3b7c96dbe94,frederickkhurana@upi,qvyas@upi,3727.51,2026-08-01T12:57:16,Akola,5469bd7e-cfb,0,12,0
97d84bf1-57b3-4996-a5d7-d6668a124973,michaelborra@upi,osharamachandran@upi,518.89,2026-09-18T19:00:59,Delhi,b9b15ca7-23c,0,19,0
1e07fae0-67d6-4a39-9549-7257fb82159f,rudra61@upi,priya51@upi,97310.44,2026-08-12T01:30:39,Pune,dbd3cbdb-8f1,1,1,1
9707e97d-0c55-445d-a0fb-53e2a82eac5e,owen10@upi,kibeharsh@upi,60988.8,2026-07-15T23:11:07,Chennai,7a6ba0cd-062,1,23,1
d3e2abd9-79dc-43a9-8030-1f72d7f2cea0,desaiaishani@upi,janujapradhan@upi,4452.64,2026-07-30T09:07:57,Akola,3be7191f-103,0,9,0
f03cc4cc-f475-4044-8ce0-9f7dbc9b298a,bhavnakaran@upi,henry25@upi,964.67,2026-08-28T21:49:48,Bengaluru,acdecfc2-24d,0,21,0
500a3387-eb38-4b5c-883f-4ec14bfc9260,qatwal@upi,vamakshi82@upi,2984.79,2026-08-16T05:25:11,Pune,cc16e930-bee,0,11,0
a8041de5-67fb-4ef0-8877-4c087b55d64d,ekapadjohal@upi,trivenipathak@upi,1791.46,2026-08-03T09:49:48,Kolkata,057e37c4-ccf,0,9,0
a1ae619b-9ce1-4717-999b-534b5b9f3987,kalpit42@upi,udantbajwa@upi,4125.41,2026-08-24T05:31:00,Mumbai,25b79fcc-aed,0,11,0
5d259794-7303-4831-b7d2-5820a508b14b,ekbalbhasin@upi,eyohannan@upi,1317.04,2026-07-12T06:24:34,Bengaluru,e8c4512b-b01,0,6,0
8cff42ec-8c49-429e-9e7b-9b0063711fe3,janujapradhan@upi,ksehgal@upi,1447.7,2026-07-02T05:03:24,Pune,9c9396c8-258,0,19,0
ef63076e-4ab1-4469-a2cd-7c7f7eea0cb9,bhavyamandal@upi,jkohli@upi,2055.09,2026-07-25T03:20:37,Hyderabad,dc1c0b6c-2bd,0,21,0
bae65d25-8a3c-40b4-b28c-178dd3338cfd,raigunbir@upi,lalpranav@upi,8640.02,2026-08-21T02:10:10,Hyderabad,beb343cf-c98,1,2,1
f8c6c106-2f8e-4859-b63f-cc2ff0faea7e,bhagatbrinda@upi,mray@upi,2938.56,2026-09-23T15:07:52,Mumbai,d766091e-4d5,0,15,0
222034bf-9f74-4460-b494-e228649b368e,anshbedi@upi,uaurora@upi,308.29,2026-09-12T14:21:12,Kolkata,a7b3a41a-177,0,14,0
d7e24d04-9058-4999-95c5-553e6ddbf035,utkarsh52@upi,roak@upi,960.2,2026-09-12T14:42:26,Kolkata,217f4f0c-209,0,14,0
d7e9db96-10f3-4000-a253-a43574d71414,osharaghavan@upi,dugalnakul@upi,88.26,2026-08-08T11:47:25,Chennai,ad326f07-fe5,0,11,0
beffefad-93e6-4e8e-9820-749744829252,aarnavrege@upi,bhatvarenya@upi,2842.45,2026-08-20T15:59:45,Chennai,33daedc4-9e0,0,15,0
ef721e31-14c4-4cba-8d4a-c7d61ad7d28a,othakur@upi,amol24@upi,2891.13,2026-09-02T06:09:32,Akola,bba7a234-41e,0,6,0
dffbb660-f0b4-487d-8169-4b3daad9ff68,thamanorinder@upi,randhawaanvi@upi,4647.66,2026-07-26T22:59:48,Akola,2a9bc1a4-1d0,0,22,0
357ea519-b731-4a49-9951-974d00cba962,qnayar@upi,choudhuryjanani@upi,48467.34,2026-08-08T00:53:53,Hyderabad,d981ea72-8bd,1,0,1
3490199e-85fb-4094-9e82-89a207989d04,vlanka@upi,devimatthew@upi,95369.19,2026-07-12T01:42:28,Chennai,40066e17-81e,1,1,1
51afad59-8029-4c07-8c3e-d257c5149f27,osharamachandran@upi,rudra61@upi,3954.84,2026-07-28T09:57:35,Bengaluru,29194246-377,0,9,0
57843471-e7fa-4885-afe9-233c073c0e2a,fsamra@upi,triyagopal@upi,1561.63,2026-09-04T05:10:01,Mumbai,16d95fa1-3ca,0,10,0
17487859-b58a-48a4-b4ec-68a9394252c4,khatrinathan@upi,isha34@upi,3824.12,2026-08-08T11:05:36,Hyderabad,67200f98-d64,0,11,0
30f4baf9-508b-431c-b9e9-37ba12c136f0,indira19@upi,theodore28@upi,128.85,2026-09-16T04:39:28,Hyderabad,068a185b-655,0,12,0
25d6772d-4f4b-4b1a-8e88-0b1b2a0ce796,theodore28@upi,mangalwahab@upi,4691.63,2026-07-24T10:16:43,Delhi,bf68b038-433,0,10,0
83f60527-9b8e-44d8-ab33-0d53b5b974e1,uchandran@upi,aarnavrege@upi,2818.33,2026-07-28T01:42:41,Hyderabad,ea9893d5-713,0,19,0
4e3b0bbe-a928-4716-b192-7a9183f6f427,randhawaanvi@upi,udantdewan@upi,1332.35,2026-09-21T23:09:28,Bengaluru,4e527681-5a1,0,23,0
39e0974f-4e01-4dc8-bd55-4e8c44361ea1,cdatta@upi,daksh45@upi,4546.11,2026-08-02T08:21:07,Hyderabad,5549160f-884,0,8,0
cbd31cd1-6110-4eba-bdf0-d26aeeef6136,soodyadavi@upi,charan16@upi,2761.07,2026-08-10T13:02:58,Akola,82f6eeaf-083,0,13,0
d26afb3c-075b-49c0-84d1-a2ffc0e0c6f2,vinayakanda@upi,eyohannan@upi,1592.75,2026-08-21T13:38:49,Chennai,23fef535-1f4,0,13,0
0c9e5260-3fcd-4d07-8ebf-bc7400ec28b6,mkapadia@upi,gauriganguly@upi,4939.66,2026-08-16T03:09:00,Chennai,7e9eef66-f41,0,8,0
476341a9-29d5-4869-bb23-619394fda075,qnayar@upi,fswamy@upi,3787.08,2026-08-27T05:34:53,Pune,4c2a3569-70e,0,19,0
3ecf84c5-c8b1-4ca3-ba65-9b04670fef10,cswaminathan@upi,yashawinilanka@upi,1492.67,2026-09-22T10:19:32,Kolkata,46baf193-06b,0,10,0
36cd3fd6-5793-4c35-bce7-d5d6fff983e6,karnikazad@upi,pushtibal@upi,4410.44,2026-07-14T19:52:27,Bengaluru,6f0a5b17-392,0,19,0
5a64ad9c-63f3-4d3c-99cd-3bd5931a827f,baraldayamai@upi,janujasankar@upi,1547.41,2026-08-03T02:29:20,Chennai,3f9b0bda-4d2,0,18,0
3cabc589-28f1-4872-a9d9-aa4511dd0d72,alkadewan@upi,vlanka@upi,1807.79,2026-08-17T05:12:07,Kolkata,a481934d-88c,0,21,0
505ab6a7-a9b4-467a-95b8-141d5e2d73f5,janujasankar@upi,trivenipathak@upi,3541.07,2026-09-10T13:35:14,Akola,9939ea42-a08,0,13,0
7cdcd54a-f626-4e58-aa27-f611c0f251da,krishnarama@upi,rsathe@upi,441.16,2026-09-16T06:07:48,Pune,12ee3893-8c0,0,6,0
f387205c-0f1b-4320-9b6b-070c33afa581,zdeol@upi,shivansh53@upi,4604.93,2026-08-30T04:30:39,Kolkata,500c5ea8-5e7,0,7,0
b8426ca6-8ea0-40c3-90d3-1ad7f82b648b,yashawinilanka@upi,alkadewan@upi,1725.88,2026-07-29T11:55:41,Chennai,f77e4bb1-6bd,0,11,0
b5ae496d-c8a9-420a-a1c8-da1176fe0b3b,darsh64@upi,vinayakanda@upi,1517.0,2026-09-14T15:31:54,Hyderabad,4991f5c6-f24,0,15,0
9ba7a16d-1c60-4b07-b039-95a7c8eca0ee,diya27@upi,desaiaishani@upi,2905.74,2026-07-26T14:55:49,Mumbai,ddd946f9-d4c,0,14,0
5ed54dff-6cc0-449e-ab81-f4407ebd21c9,desaiaishani@upi,sidhudaksha@upi,729.5,2026-07-31T21:35:07,Pune,3be7191f-103,0,21,0
06338f4f-8868-431d-91a3-801f54fc5db6,oseth@upi,krishnarama@upi,4772.99,2026-08-27T05:57:04,Kolkata,d85c553b-6f2,0,8,0
0ecf24f3-3fa2-427f-826a-34c29b9067eb,kakardivya@upi,bhatvarenya@upi,3248.54,2026-07-15T17:08:25,Pune,5f331193-cf1,0,17,0
b7926896-1a88-4d23-b156-f82942d677b9,vamakshi82@upi,qwadhwa@upi,602.07,2026-08-19T06:06:05,Mumbai,54f56fb8-041,0,6,0
931bac92-6510-4efa-93e6-6e36b89cab08,pandeychanchal@upi,yashawinilanka@upi,1293.76,2026-08-25T12:12:35,Kolkata,864a2d04-55f,0,12,0
12f0fe37-6f59-4dcb-af5d-c08e51474230,raigunbir@upi,vmerchant@upi,3888.89,2026-07-12T14:56:00,Bengaluru,81bf5faf-76e,0,14,0
0336143f-2689-4eb4-9e76-f94c6cdb1b73,charan16@upi,onadig@upi,3362.3,2026-08-28T02:18:36,Akola,027eadc5-718,0,21,0
85c53d41-7942-4aa3-8840-7d11b87b96f3,indirakanda@upi,osharaghavan@upi,1393.72,2026-09-17T22:27:14,Akola,0b3b9bf5-fe4,0,22,0
f166ad22-3942-4fc4-a6d6-68268163915b,ekarajbath@upi,vlanka@upi,755.98,2026-09-15T02:40:31,Hyderabad,9134902d-876,0,9,0
31f6523d-f7c6-43cd-83df-e6f1019d5b25,fchaudhary@upi,falak10@upi,646.98,2026-07-25T23:54:08,Kolkata,062a0cb9-2c4,0,23,0
15492989-c880-4d70-b142-1ce0b2f687e1,falak10@upi,anamikayohannan@upi,2910.32,2026-09-26T03:01:34,Hyderabad,ddebfabe-8b8,0,11,0
af431293-a778-4ae3-8504-f5e35b94cad1,gauriganguly@upi,trivenipathak@upi,2439.72,2026-09-08T17:22:20,Hyderabad,c72e7ae4-f85,0,17,0
2e1f87b9-77cb-4346-b65d-abe3aa053282,saumyadey@upi,khatrinathan@upi,1731.1,2026-07-29T16:15:25,Mumbai,a9e6a037-41e,0,16,0
4fd8e8d1-03b4-4225-b9d2-20421b2d603e,thamanorinder@upi,kabirsoman@upi,1576.35,2026-08-19T15:49:44,Chennai,2a9bc1a4-1d0,0,15,0
ded440a5-ae49-42fe-8130-ea7d2b9bf1c5,fchaudhary@upi,jkohli@upi,4355.94,2026-07-01T01:52:56,Chennai,062a0cb9-2c4,0,14,0
8ee08fae-f6ab-47fa-a6fb-50a960f0302e,charan16@upi,bariaazaan@upi,2606.04,2026-07-14T17:13:57,Akola,027eadc5-718,0,17,0
68795fea-6c6f-4926-8970-ad1cae10a335,theodore28@upi,qnayar@upi,193.36,2026-09-22T16:05:46,Hyderabad,bf68b038-433,0,16,0
148e536f-9978-4f1c-abf5-e1159078d301,yashawinilanka@upi,qpandya@upi,3402.72,2026-08-06T05:34:24,Bengaluru,f77e4bb1-6bd,0,16,0
37be47e5-e76d-4bec-a34e-72161d6d3e58,hyadav@upi,diya27@upi,55370.46,2026-08-24T02:18:41,Kolkata,0f39052e-a61,1,2,1
62186648-9801-42d0-918a-850ef23c72a7,isha34@upi,uchandran@upi,2640.42,2026-07-23T20:09:41,Bengaluru,8fc07b5e-994,0,20,0
884877dc-4d5f-442c-a485-d9c472eb0bdc,amol24@upi,roak@upi,3970.79,2026-08-31T11:05:16,Chennai,8937ded1-b0c,0,11,0
48126064-e24a-462f-9198-f6b123f75a11,qpandya@upi,indira19@upi,3505.32,2026-07-03T09:02:34,Pune,420fdf64-228,0,9,0
062e485f-5529-4f9d-ae73-c757ae5a3802,chandani64@upi,indirakanda@upi,4742.0,2026-07-08T00:06:05,Akola,0a20b114-3c9,0,11,0
9ec8c907-19d9-4dd3-b495-d8a433f5eb56,shivansh53@upi,chanderwarjas@upi,4217.83,2026-07-22T14:32:43,Mumbai,40f069c3-46c,0,14,0
b252eaf9-22e1-408d-adde-38c20cf64055,osachdeva@upi,othakur@upi,4680.73,2026-07-23T20:07:59,Pune,5fbc55ef-2de,0,20,0
4ec12902-f199-4dd9-afa4-2f2125434fa7,osharaghavan@upi,yashica46@upi,4528.66,2026-09-26T18:16:18,Pune,ad326f07-fe5,0,18,0
e2c2008e-1f92-49c7-a514-8438ee242c15,karnikazad@upi,qvyas@upi,4596.58,2026-08-15T20:39:38,Chennai,6f0a5b17-392,0,20,0
1bf5a81e-3549-4f96-9912-fd9374e28ea9,osharaghavan@upi,bhattvamakshi@upi,1504.23,2026-08-20T13:14:10,Kolkata,ad326f07-fe5,0,13,0
16f0fb81-907f-4ee6-ba33-b21650a4ac23,fsamra@upi,advika35@upi,3897.32,2026-08-29T17:16:26,Mumbai,16d95fa1-3ca,0,17,0
6b740e21-5be7-49a4-8fd9-093a3c04a7e6,mkapadia@upi,lalpranav@upi,3794.78,2026-08-03T10:50:27,Hyderabad,7e9eef66-f41,0,10,0
887eed4b-529b-42b1-873b-183e64078968,chandani64@upi,shagaurang@upi,3586.04,2026-07-28T08:00:59,Pune,0a20b114-3c9,0,8,0
a3c0c6a3-f54b-46be-9a83-a84fea06e177,kalpit42@upi,darsh64@upi,4950.17,2026-07-24T04:43:47,Bengaluru,25b79fcc-aed,0,19,0
576fdf0f-7a19-4fce-9b1e-5387ce4aecf4,pandeychanchal@upi,mananbakshi@upi,3554.69,2026-09-12T15:28:10,Bengaluru,864a2d04-55f,0,15,0
63cfd30c-20f2-472d-817b-9a37feebf41e,nidhikohli@upi,ekantika31@upi,51508.49,2026-09-23T23:00:08,Chennai,8460960e-16e,1,23,1
ec11863e-fd59-4252-9703-76edefae599d,yadavinarula@upi,khatrinathan@upi,3751.29,2026-08-11T13:26:07,Akola,2dbf9870-7bf,0,13,0
77495de8-2297-4f2f-b1e7-77d132e1c08d,yadavinarula@upi,vlanka@upi,4777.69,2026-07-06T22:56:37,Hyderabad,2dbf9870-7bf,0,22,0
cb34be9b-c519-441b-991f-6017ce80f17b,gautammerchant@upi,hrattan@upi,247.14,2026-08-16T04:47:34,Mumbai,c39bd9f0-2f5,0,19,0
2876fc29-c303-428d-a47e-d5a10b6dd81d,karnikazad@upi,borramanthan@upi,3780.29,2026-08-31T20:06:18,Mumbai,6f0a5b17-392,0,20,0
bf0730aa-c08e-4f7d-b331-ed7b58ac69ec,pandeychanchal@upi,aviramesh@upi,3577.03,2026-07-08T09:47:42,Bengaluru,864a2d04-55f,0,9,0
5a5f51a9-56aa-44f2-9613-7f3c22d4d043,fsamra@upi,upmavenkataraman@upi,1908.79,2026-08-05T04:21:53,Delhi,16d95fa1-3ca,0,8,0
460a97e8-b2d1-4a83-928b-02e3854463a0,fchaudhary@upi,isha34@upi,1663.06,2026-08-13T06:00:20,Delhi,062a0cb9-2c4,0,6,0
f24e09fb-3d6c-402c-903b-ae2233822a5f,baraldayamai@upi,karnikazad@upi,4877.76,2026-09-06T14:41:21,Akola,3f9b0bda-4d2,0,14,0
73cd3e28-8f1a-4d94-baaa-8a0ca6150c15,esawhney@upi,timothy17@upi,41960.2,2026-09-25T02:53:49,Akola,e6272a48-e53,1,2,1
fbb1643f-7ba4-448b-b0b5-c90f99b32470,bhavani27@upi,urvashi66@upi,2292.22,2026-08-24T20:25:27,Hyderabad,527b9e26-830,0,20,0
bad17909-0cda-48b9-a2eb-122d9ffb03e1,soodyadavi@upi,devimatthew@upi,512.83,2026-09-25T14:58:23,Chennai,82f6eeaf-083,0,14,0
b25081b4-6a85-4227-98a9-585a21556c16,osharaghavan@upi,kalpit42@upi,99615.98,2026-08-08T04:51:42,Mumbai,76ccaa2a-2ec,1,4,1
46873e2c-a785-4077-810d-64687dbf1a04,harrisonrai@upi,timothy17@upi,827.31,2026-09-06T03:48:11,Hyderabad,e7816626-028,0,21,0
df7f07bc-9918-4c49-b8ff-814b355b2d6d,kalpit42@upi,suhaninarain@upi,3302.44,2026-09-21T17:13:23,Bengaluru,25b79fcc-aed,0,17,0
c26508df-9362-42cf-88ee-04ff391caea6,yashawinilanka@upi,pchhabra@upi,3975.62,2026-07-31T12:24:28,Mumbai,f77e4bb1-6bd,0,12,0
8b9a0de8-03b2-4580-9403-2c837783593a,falak10@upi,fchaudhary@upi,2133.31,2026-09-07T23:45:12,Delhi,ddebfabe-8b8,0,23,0
973f8627-f602-44ff-a7e0-5978baaab8a7,ranbir39@upi,anamikayohannan@upi,3828.64,2026-07-07T09:53:34,Kolkata,06491864-379,0,9,0
e1f310fb-f8da-4480-a066-51cceba0c014,twalia@upi,znori@upi,3710.9,2026-08-08T10:28:12,Pune,a3de5c1a-f8a,0,10,0
c2150bb1-cbd2-4239-a468-cea3386c673d,vlanka@upi,owen10@upi,2631.43,2026-07-10T23:48:38,Bengaluru,a07327ee-ec0,0,23,0
6517485b-b690-4ceb-af98-ed268d482eea,jonathansolanki@upi,nidhikohli@upi,3510.09,2026-09-20T22:57:19,Mumbai,2744506e-bbb,0,22,0
ae3847dc-2fa7-4bbd-9f64-7639a24b10a7,falak10@upi,bhavnakaran@upi,807.46,2026-09-10T21:44:34,Delhi,ddebfabe-8b8,0,21,0
43f24149-5ebe-4fb0-b7c9-3ef76de66d15,ekantika31@upi,indirakanda@upi,1459.15,2026-08-07T12:55:05,Hyderabad,c10de943-186,0,12,0
ec41f93e-d43a-4ee4-841b-37c5e57d7512,mangalwahab@upi,aarnavrege@upi,2568.92,2026-08-16T21:58:42,Hyderabad,ddfc0db5-5e5,0,21,0
7163f841-0482-4b5a-8eee-96be0008db01,hyadav@upi,bhattvamakshi@upi,57932.86,2026-08-04T01:56:42,Bengaluru,9343261f-719,1,1,1
9976cd9f-0307-42a5-9f44-13b283d89116,osharamachandran@upi,krishnarama@upi,1413.43,2026-07-09T13:03:59,Mumbai,29194246-377,0,13,0
af519ff7-be8b-4581-ba9d-53fe58ec9d55,daksh45@upi,jkohli@upi,3720.09,2026-09-05T01:37:19,Bengaluru,072ac257-0f0,0,9,0
68303af1-d5b4-4454-aa87-564ad738bf40,amblesamarth@upi,utkarsh52@upi,82672.94,2026-07-01T03:07:47,Mumbai,2632aca9-fc0,1,3,1
ed07c4db-f6ef-4725-9fd6-55ad8381e2b4,dharazaan@upi,bhavyamandal@upi,452.05,2026-07-25T10:00:27,Hyderabad,f6dfa22f-783,0,10,0
598e8343-08de-4939-b908-0416c669374c,yashica40@upi,lshere@upi,2149.25,2026-08-16T15:21:18,Pune,4f00d0f2-cb4,0,15,0
9db40f9a-6b0e-4555-8fbe-c6a135ce1940,upai@upi,onikannan@upi,1850.36,2026-09-22T21:45:44,Pune,eb6db7d5-b4b,0,21,0
727079bd-7c18-4370-ba23-9c2215f64ea3,ekantika31@upi,mkapadia@upi,4778.14,2026-08-09T22:13:16,Pune,c10de943-186,0,22,0
db821a2f-3b2f-4806-92cd-8e341c223e46,pandeychanchal@upi,dateanvi@upi,402.34,2026-09-13T02:23:44,Pune,864a2d04-55f,0,15,0
1c33fecb-4535-40e9-856d-b739ac6e86dc,roak@upi,suhaninarain@upi,3372.91,2026-08-02T07:39:08,Pune,caf157f1-769,0,7,0
4bc399ee-5a33-4249-a34b-4e4d0fc123ad,choudhuryjanani@upi,odhar@upi,1344.69,2026-09-17T12:21:02,Akola,4c93c7d1-a58,0,12,0
0be861f9-9614-4fb9-a699-8e804eec3f7e,twalia@upi,pushti49@upi,266.05,2026-09-17T13:56:06,Kolkata,a3de5c1a-f8a,0,13,0
dae64034-4d56-4372-b1c6-cf8c25d032ea,desaiaishani@upi,vedamalhotra@upi,4689.26,2026-08-12T00:13:17,Akola,3be7191f-103,0,15,0
26261763-6cb4-45c3-b59f-0687db953142,rudra61@upi,maneupasna@upi,1455.87,2026-09-05T01:33:56,Hyderabad,6ae81ea1-31b,0,8,0
9c260a77-f8e9-4bed-922d-bf7222f9ab62,kalpit42@upi,utkarsh52@upi,3672.3,2026-09-04T04:39:31,Chennai,25b79fcc-aed,0,20,0
f6c8927a-3570-4094-b87d-be3e261461e1,cdatta@upi,bhagatbrinda@upi,17922.69,2026-07-15T23:45:25,Chennai,dac3f015-bdb,1,23,1
b66a1c2c-8a31-4c66-b1a1-4056faa9bb24,faqidsavant@upi,zdeol@upi,4694.93,2026-08-09T02:55:54,Pune,1ca35c16-a10,0,22,0
25c5bcc3-7d60-4e5b-af40-add9d658dc70,yashica46@upi,pushti49@upi,1135.85,2026-07-08T10:34:06,Chennai,44bc0387-f29,0,10,0
4041d8e9-8e14-408d-b04e-90f9baa88b56,janujapradhan@upi,yauvanicomar@upi,4155.55,2026-08-02T16:52:57,Akola,9c9396c8-258,0,16,0
4f2468e3-15cd-42d7-9b63-48ca4f97a963,ojasvi77@upi,vlanka@upi,552.07,2026-07-21T04:48:29,Kolkata,436c8c6f-1ee,0,14,0
6f138efe-97f1-47a8-9882-3556e0db0ee0,faqidsavant@upi,mkapadia@upi,1094.79,2026-09-15T11:53:30,Mumbai,1ca35c16-a10,0,11,0
aa3fcb1d-a9cc-4e00-9d9f-eb0e32d46221,mray@upi,nathanielsami@upi,1431.9,2026-09-05T21:04:43,Chennai,4d9d1830-dbb,0,21,0
352e729e-8bb3-4a7a-9706-f8d6d39a9b10,twalia@upi,amblesamarth@upi,2466.74,2026-07-22T19:28:58,Hyderabad,a3de5c1a-f8a,0,19,0
6944c845-0cc2-4495-ac3b-c5e2e12b9661,grewalekapad@upi,aryasunder@upi,3524.25,2026-09-17T12:11:21,Pune,48f0b03d-9d3,0,12,0
86cf3417-3fb0-4eb7-ad7b-44346fcaeb6d,chandani64@upi,urvibhavsar@upi,624.8,2026-08-07T09:13:39,Pune,0a20b114-3c9,0,9,0
eca8632b-dc40-4d76-b719-0bd955a9c233,maneupasna@upi,karnikekansh@upi,409.57,2026-08-12T16:13:07,Akola,e7ceef85-245,0,16,0
36e527c3-07ee-46a0-bcd7-448147d0b218,kakardivya@upi,pandeychanchal@upi,3592.83,2026-08-08T20:14:00,Kolkata,5f331193-cf1,0,20,0
ad585649-8249-43ca-8be7-60ec9dc80b6c,ojasvi77@upi,bhagatbrinda@upi,2359.36,2026-07-14T09:54:05,Pune,436c8c6f-1ee,0,9,0
927ee6de-993a-40c6-a6d6-d8de097e9684,bhavnakaran@upi,bhavani27@upi,1122.53,2026-07-01T16:53:15,Mumbai,acdecfc2-24d,0,16,0
90d8f0be-3f15-48ca-849e-cb9dc8fcfb49,jyoti29@upi,osachdeva@upi,4573.09,2026-08-20T20:01:40,Mumbai,1b8449aa-325,0,20,0
41ebc331-d947-4326-b680-d6b1bca73d8e,sudiksha89@upi,suhaninarain@upi,4381.44,2026-08-30T07:10:30,Kolkata,06dc236b-954,0,7,0
5bec164c-d9cd-437e-9d79-3a5bc83e4613,ekaraj45@upi,lakshmi51@upi,3490.75,2026-09-26T08:18:41,Akola,9046f951-c5c,0,8,0
8cb66827-f42a-4d26-960a-65734b053655,jkohli@upi,sudiksha89@upi,1758.46,2026-08-07T00:38:47,Akola,009786b3-cbb,0,20,0
813e5f31-1b7b-4939-a4ca-1455ff8ec94e,cswaminathan@upi,onikannan@upi,3421.9,2026-08-25T09:51:56,Bengaluru,46baf193-06b,0,9,0
5713d48c-ea4f-4b5a-bf24-02b15b05acf7,zdeol@upi,suhani46@upi,3495.36,2026-07-16T14:31:12,Pune,500c5ea8-5e7,0,14,0
fcf4822a-35b9-46dd-b98c-4bd89ee0907f,lalpranav@upi,janujasankar@upi,4329.74,2026-07-12T21:41:11,Hyderabad,4246c913-061,0,21,0
2feb6c87-8541-4c95-997a-a19eeda9e99a,cswaminathan@upi,avarkey@upi,91815.75,2026-07-18T01:27:41,Hyderabad,f4f041f0-8f8,1,1,1
9953c772-ba3c-4764-90ac-a0c2f13bde03,urvashi66@upi,atharv13@upi,1314.51,2026-08-04T23:36:27,Mumbai,f2baea33-475,0,23,0
0df77705-b518-4140-ac77-f3eda91f85e6,janujasankar@upi,trivenipathak@upi,4075.26,2026-08-17T12:49:17,Delhi,9939ea42-a08,0,12,0
615690a4-bafb-4e6d-ab81-4d98414113f2,yashica40@upi,urvibhavsar@upi,1409.26,2026-09-25T16:32:31,Delhi,4f00d0f2-cb4,0,16,0
ae008585-37df-4c2b-a6ad-f57883bd9f5f,baraldayamai@upi,aviramesh@upi,3123.4,2026-07-19T03:32:53,Hyderabad,3f9b0bda-4d2,0,8,0
3e99d677-f85b-4f1b-b178-a3f3768df1ab,odhar@upi,mkapadia@upi,1426.73,2026-07-06T02:38:25,Mumbai,0fcd6a35-7c5,0,20,0
70b1089e-b2ab-4ff8-878b-9eefe616a322,ikakar@upi,sudiksha89@upi,2315.91,2026-08-05T22:13:54,Delhi,4e636d14-cda,0,22,0
a0aa8589-dfea-4a5e-96ac-0f940104c6d7,dharazaan@upi,suhani46@upi,3639.24,2026-09-24T02:39:37,Bengaluru,f6dfa22f-783,0,16,0
7ccfd65f-1807-42b0-b52c-fbd4c412df2a,sachdevanikita@upi,vamakshi82@upi,4717.73,2026-08-27T06:19:38,Pune,84a60f35-56b,0,6,0
fa48704d-3b60-47a6-a075-6b129dcc99c0,qwadhwa@upi,pchhabra@upi,2544.27,2026-09-05T10:25:11,Akola,d7ea7a98-7ad,0,10,0
00f46c3f-6815-41f3-9d48-bf3ce7d6b857,dateanvi@upi,shivansh53@upi,4830.3,2026-07-26T05:29:51,Chennai,61876a84-17b,0,10,0
0fc381e8-7802-4703-be8c-5ead654a5ca1,bhagatbrinda@upi,lakshmi51@upi,1858.22,2026-09-06T20:04:09,Delhi,d766091e-4d5,0,20,0
4330a6b8-b922-48c9-8ac1-cbc95c1aa1a0,kgole@upi,nidhikohli@upi,4040.74,2026-08-26T09:43:53,Akola,033b6f25-c1a,0,9,0
589a365f-7f81-404a-a231-31585642fa24,borramanthan@upi,pushtibal@upi,2598.77,2026-09-11T19:01:17,Delhi,e997552c-ae6,0,19,0
2eee37a8-da37-4795-82ba-acc1997900c9,janujapradhan@upi,frederickkhurana@upi,993.68,2026-07-14T02:19:22,Bengaluru,9c9396c8-258,0,15,0
a1e8a793-2ef8-4c3c-aa96-b8206031a9b9,udantdewan@upi,daksh58@upi,2454.03,2026-07-08T02:38:15,Kolkata,66e63f8b-6eb,0,20,0
c2c2aca4-f396-4cf7-abb3-72db1adf90b2,karnikazad@upi,indira19@upi,3024.15,2026-08-03T02:25:17,Bengaluru,6f0a5b17-392,0,15,0
082b5ecb-92f6-40d4-b882-762e7c3b1a7a,beramax@upi,kakardivya@upi,3009.32,2026-07-28T16:15:49,Kolkata,66663ca1-cbd,0,16,0
1cd49a9e-39df-43ef-856a-28232bf57ac4,gauriganguly@upi,ansh98@upi,4002.42,2026-09-22T06:58:02,Hyderabad,c72e7ae4-f85,0,6,0
ab4dae22-ba6d-4740-b351-a65fb2f0b4d5,kabirsoman@upi,balangirik@upi,1409.05,2026-08-06T00:52:30,Mumbai,6ef910ee-e62,0,9,0
8da284bd-f261-4440-9ddf-439b42d1b63f,triyagopal@upi,sarinanirudh@upi,1033.1,2026-09-03T13:25:49,Chennai,6fa13b38-3c4,0,13,0
aaf4e511-c73a-4578-b4c1-e575d23c4adb,pushti49@upi,fchaudhary@upi,4612.59,2026-07-08T12:03:23,Kolkata,d8857b1b-100,0,12,0
d086d66c-50fa-42c3-a1cf-c6aba5e73009,pradhankalpit@upi,vmerchant@upi,21963.63,2026-07-14T04:49:38,Kolkata,c9e1c7a3-a7a,1,4,1
7d99b2de-044e-42b3-9c4d-94bc88f90f86,zdeol@upi,pavani85@upi,2504.86,2026-08-23T12:31:53,Mumbai,500c5ea8-5e7,0,12,0
f42673e1-be4c-4f95-ab69-cc4300d5be37,hrattan@upi,avarkey@upi,4348.31,2026-09-07T01:31:49,Kolkata,c3f5975c-ac9,0,10,0
d9f87412-d415-40a6-818d-503d9e45535d,roak@upi,frederickkhurana@upi,3630.48,2026-07-31T01:31:26,Delhi,caf157f1-769,0,8,0
4918486d-9f23-46d7-b1cf-ef29653bb022,teerth77@upi,pradhankalpit@upi,1093.71,2026-07-15T08:40:34,Akola,195c66ab-c8b,0,8,0
fad66151-2f0f-4f4f-974c-44976b065ef7,atharv13@upi,yadavinarula@upi,3574.49,2026-09-19T06:49:52,Akola,42f27329-005,0,6,0
86c321e2-1975-4e54-84b1-697a1bb0510c,suhani46@upi,bhavyamandal@upi,3213.07,2026-08-29T05:34:18,Hyderabad,5d0c0d11-0c6,0,9,0
2ab776d6-e0b1-4cec-996c-815b0878d85c,trivenipathak@upi,raigunbir@upi,2958.09,2026-09-13T10:12:44,Kolkata,6011f78b-818,0,10,0
8fb23496-2dfb-43b5-822d-b84b6bdbd8b1,aradhanaverma@upi,advika35@upi,3059.91,2026-09-20T09:24:12,Chennai,256a1951-b19,0,9,0
c406ff3f-3dc6-4252-9b7d-cc72ac0806e8,jyoti29@upi,pchhabra@upi,4029.63,2026-08-17T07:00:25,Kolkata,1b8449aa-325,0,7,0
35e0b570-eddc-44bc-8b12-7b30951aaa77,falak10@upi,kakardivya@upi,393.98,2026-08-09T11:27:58,Chennai,ddebfabe-8b8,0,11,0
8fea875b-d4ff-4f12-ab58-a08e10c31dc8,shroffbhavna@upi,teerth09@upi,2026.14,2026-07-25T09:27:52,Mumbai,b34f4617-f13,0,9,0
c3570b09-17ef-40f7-9311-36fb58d0a9dc,osharaghavan@upi,hyadav@upi,2117.97,2026-08-20T22:34:09,Mumbai,ad326f07-fe5,0,22,0
6a958b9b-de9e-46b4-bdf9-5619a4ae7c6e,koshybalveer@upi,darsh64@upi,70993.65,2026-07-20T02:37:38,Akola,483c7674-2be,1,2,1
07b74413-3348-416e-9806-fc42790bbbc0,finn70@upi,nathanielsami@upi,981.41,2026-09-14T23:10:11,Pune,7646228b-fd5,0,23,0
9fe000f4-f42b-425b-93f5-ed57b2141a25,vmerchant@upi,qpandya@upi,3798.8,2026-09-19T18:22:35,Mumbai,af2f2527-a1c,0,18,0
d3374d52-3658-47bf-8343-d6b6463cb80c,dayamai55@upi,yashica40@upi,4290.82,2026-08-09T19:59:46,Chennai,4e7f1479-d7f,0,19,0
4e4afdbd-f87b-4d07-a91c-0d19785e16db,janujapradhan@upi,kom@upi,4680.72,2026-08-28T23:04:58,Akola,9c9396c8-258,0,23,0
f83a8fe9-c9b3-4505-8d25-3962cd11ab69,bhattvamakshi@upi,faqidsavant@upi,180.45,2026-08-28T12:12:49,Pune,b4b08621-6b3,0,12,0
a399cb58-020b-4b21-b138-210e94037425,ranbir39@upi,nandinibhargava@upi,3970.73,2026-08-06T22:03:42,Pune,06491864-379,0,22,0
9ce9c25a-62f5-4564-83ff-0acf78df292f,sachdevanikita@upi,gauriganguly@upi,3631.64,2026-07-17T14:36:13,Delhi,84a60f35-56b,0,14,0
be2c0899-2eef-4011-a085-d33aa3f8ca06,soodyadavi@upi,frederickkhurana@upi,1131.01,2026-08-11T11:14:50,Delhi,82f6eeaf-083,0,11,0
a1620324-a920-4114-85c4-c6a5569b03ec,borramanthan@upi,pushti49@upi,701.15,2026-08-16T19:06:17,Mumbai,e997552c-ae6,0,19,0
734534c4-75a0-4d50-8bb6-56ca4e1ba7f6,aarnavmalhotra@upi,qvyas@upi,4639.88,2026-07-24T13:46:25,Hyderabad,de316df9-cc5,0,13,0
475d7785-5264-48bb-a4e9-4455f6e7c033,droy@upi,janujasankar@upi,362.4,2026-08-19T00:11:03,Pune,554ccb59-53a,0,20,0
335c6712-463f-401f-8645-90722188e58e,kashviedwin@upi,shagaurang@upi,4291.06,2026-08-07T23:21:33,Chennai,0696c6bf-850,0,23,0
4e79ef6c-0171-49c6-b939-a9e06dd97bac,dhaliwalupkaar@upi,bhandarijyoti@upi,211.74,2026-08-16T11:21:52,Mumbai,7a9a9350-e0a,0,11,0
78b7b551-32d8-40d3-b9da-5c9c6662bb12,droy@upi,indirakanda@upi,3300.12,2026-07-15T05:06:06,Delhi,554ccb59-53a,0,15,0
23c8f8f6-8953-46b6-b529-6a91b2d651a5,beramax@upi,ikakar@upi,2309.49,2026-07-13T05:09:05,Kolkata,66663ca1-cbd,0,17,0
efc17b53-ba26-4753-9435-49d09ff73ea9,aradhanaverma@upi,randhawaanvi@upi,2085.58,2026-07-03T19:04:48,Kolkata,256a1951-b19,0,19,0
6945516f-4a94-4e5c-a2ee-61d66bd119a9,ekaraj45@upi,vinayakanda@upi,485.7,2026-08-20T09:53:10,Kolkata,9046f951-c5c,0,9,0
9c41461d-dc9d-4672-bf3f-8e26364610d0,ranbir39@upi,borramanthan@upi,2990.45,2026-09-09T02:54:35,Kolkata,06491864-379,0,7,0
f4353745-5b66-4b34-9022-3e57d5dfb36b,kalpit42@upi,kibeharsh@upi,3009.04,2026-09-12T16:36:27,Mumbai,25b79fcc-aed,0,16,0
54872eff-2ee3-4ba7-a8eb-a27002772aa4,qnayar@upi,kibeharsh@upi,1161.02,2026-06-30T14:15:20,Chennai,4c2a3569-70e,0,14,0
063ab9ea-b9c8-4cb0-9fb2-08f28953cc5d,kakardivya@upi,hritikpalla@upi,2021.31,2026-09-26T20:54:32,Bengaluru,5f331193-cf1,0,20,0
aa19af77-fc66-4eb5-aee6-51e755efd5e8,khatrinathan@upi,aarnavmalhotra@upi,1374.9,2026-08-29T04:57:56,Mumbai,67200f98-d64,0,7,0
85235bea-d5a7-4106-915d-781a273640aa,urvibhavsar@upi,lalpranav@upi,77642.21,2026-08-12T02:27:41,Akola,228ab29f-859,1,2,1
d95b8f1b-bd99-4616-89c1-8f6e6fa5c992,koshybalveer@upi,baraldayamai@upi,4929.19,2026-08-27T23:19:21,Pune,53981699-769,0,23,0
331a5fd7-6d46-4071-a8f8-7e02bad3dd7e,lakshmi51@upi,ekarajbath@upi,2381.18,2026-07-30T16:26:47,Hyderabad,c26b652f-797,0,16,0
8690d320-0962-490c-bd2f-a90e933779df,ekantika31@upi,sawhneyojas@upi,4648.12,2026-09-12T14:00:33,Pune,c10de943-186,0,14,0
ce4d35d1-5366-4573-9c2d-27f6f5056057,shroffbhavna@upi,suhani46@upi,4673.85,2026-07-20T16:06:05,Mumbai,b34f4617-f13,0,16,0
de6ad709-adef-4d0c-8056-04844dee0541,pushti49@upi,fsamra@upi,3799.49,2026-09-21T04:32:28,Kolkata,d8857b1b-100,0,21,0
33578f12-4b24-409b-9549-c9290f6eaec2,aryasunder@upi,michaelborra@upi,243.75,2026-07-27T07:37:17,Kolkata,4ceb4c19-40d,0,7,0
49655b85-a1b0-47e8-b03a-823739ebaa06,jkohli@upi,daksh58@upi,3664.3,2026-08-10T00:25:25,Kolkata,009786b3-cbb,0,16,0
797a5c2c-ab0e-42d6-9c8d-a4b5d880bdcb,ekarajbath@upi,lshere@upi,1108.05,2026-08-08T15:06:39,Chennai,9134902d-876,0,15,0
2fd6d58a-9133-4f8f-aac6-de1e19ef482a,lalpranav@upi,nidhikohli@upi,2659.95,2026-08-01T21:09:41,Delhi,4246c913-061,0,21,0
76c579f5-63a1-4ff8-b1b0-7d0c98d4cf81,maneupasna@upi,falak10@upi,3926.48,2026-07-24T18:39:37,Chennai,e7ceef85-245,0,18,0
7c193236-6563-47c2-b31e-0b949b44b9bc,randhawaanvi@upi,fchaudhary@upi,2177.44,2026-08-30T23:47:47,Mumbai,4e527681-5a1,0,23,0
6afeee6b-0f3e-4c81-ac8b-a6b4bb71c893,raigunbir@upi,dugalnakul@upi,87033.21,2026-08-31T02:57:54,Kolkata,ec05da73-98a,1,2,1
8d61b74a-ae5c-4864-956d-580dae7169e0,teerth09@upi,sawhneyojas@upi,4642.67,2026-07-26T03:30:07,Bengaluru,ffd45e2d-603,0,7,0
fd1c15b0-dc54-4980-8a95-3e95290daa44,ojasvi77@upi,vinayakanda@upi,2074.71,2026-09-26T05:03:14,Bengaluru,436c8c6f-1ee,0,21,0
eba91def-964d-425e-8bb3-78a484b3a640,fsarma@upi,zaidchauhan@upi,72974.5,2026-08-22T04:13:49,Akola,94a455ec-cdc,1,4,1
ef30f8bb-fc7c-4544-b7c4-38ce5dbaf03d,shagaurang@upi,sawhneyojas@upi,4918.09,2026-07-07T18:24:50,Delhi,f2695b17-da3,0,18,0
293c2235-11be-4bf9-b8ae-0b33c2b8e45d,aishanibumb@upi,upmavenkataraman@upi,4561.11,2026-07-04T06:14:19,Akola,27a02a93-b8a,0,6,0
dc05c0a1-4f27-42bc-8fab-bbd76aceec9a,kibeharsh@upi,nathanielsami@upi,4852.22,2026-09-01T17:59:06,Mumbai,ff6d3c99-65e,0,17,0
fa7c8e0a-a792-4718-a89d-8779176481a6,cswaminathan@upi,ojasvi77@upi,4072.58,2026-08-12T11:35:57,Chennai,46baf193-06b,0,11,0
0ca445eb-88b4-488e-9f76-358f93b2ded3,vlanka@upi,amaradutta@upi,607.02,2026-07-16T11:45:34,Chennai,a07327ee-ec0,0,11,0
1cbb9013-ce69-4968-a4e2-ce7e83214feb,anamikayohannan@upi,nihalshere@upi,912.52,2026-08-16T10:19:13,Mumbai,588457f2-bbd,0,10,0
d8df0acd-755f-470a-be31-1b7150332147,owen10@upi,harini14@upi,3135.08,2026-07-19T09:10:37,Kolkata,2a881e5f-0a3,0,9,0
fc7669d4-8ddb-49b6-b9ab-db7b0c9a0a97,fchaudhary@upi,fsarma@upi,1326.22,2026-07-16T23:15:11,Akola,062a0cb9-2c4,0,23,0
a1e1a5ef-3138-412d-ac73-c49dc0c27182,odhar@upi,qpandya@upi,243.36,2026-07-31T14:50:37,Chennai,0fcd6a35-7c5,0,14,0
0eb4bc1b-65fe-4bd5-894d-571b5ab49dcb,indirakanda@upi,karnikekansh@upi,3619.86,2026-08-01T12:27:06,Mumbai,0b3b9bf5-fe4,0,12,0
d865a20f-2d2e-471b-916d-7409b4769b69,kom@upi,desaiaishani@upi,3319.13,2026-07-04T04:16:23,Akola,4bc2a128-c81,0,13,0
bf4c2298-754e-4780-b0f3-5502638d7ab7,ekaraj45@upi,odhar@upi,286.36,2026-09-15T20:48:01,Chennai,9046f951-c5c,0,20,0
6bb6747c-9b19-4173-8219-645049c79e5d,sahaupkaar@upi,osharamachandran@upi,989.55,2026-09-26T10:26:57,Delhi,651e1852-8a4,0,10,0
026a74cc-757c-4ad0-a987-4229522b6abe,randhawaanvi@upi,jonathansolanki@upi,1686.49,2026-07-13T07:52:06,Mumbai,4e527681-5a1,0,7,0
36ff2455-69f7-4e70-953c-663cc1cb9d31,priya51@upi,kgole@upi,121.11,2026-09-20T01:28:23,Mumbai,5f36b3fa-a9d,0,16,0
b284f0e2-02a5-4e89-9f10-b1e5584ce81e,jasmitwali@upi,bhavyamandal@upi,1377.32,2026-09-02T21:58:26,Pune,c7e0aeac-11c,0,21,0
f8464a3c-3145-4bb3-823e-f86487892cb5,yadavinarula@upi,daksh45@upi,3798.9,2026-09-14T13:27:28,Kolkata,2dbf9870-7bf,0,13,0
223b26ac-1eba-4cf4-8cbf-8806a461fee8,hritikpalla@upi,znori@upi,2788.47,2026-08-28T21:56:07,Chennai,72907c22-57a,0,21,0
40828cb6-3bbd-469e-a475-1e96275d8b57,suhani46@upi,roak@upi,1148.91,2026-09-16T06:24:50,Pune,5d0c0d11-0c6,0,6,0
224e8b78-cca4-4c69-888a-08a1b363d9b0,urvibhavsar@upi,yashawinilanka@upi,1950.99,2026-08-16T04:41:50,Hyderabad,2b85036e-d5d,0,9,0
5c91f214-7802-4d28-b083-3701d8945719,amaradutta@upi,patrickvasa@upi,60.87,2026-09-03T04:21:07,Akola,aa02a852-3bd,0,16,0
2f29c833-e180-42e4-82de-39fc7202fc57,ekaraj45@upi,utkarsh52@upi,2524.17,2026-07-14T07:06:08,Kolkata,9046f951-c5c,0,7,0
f91db63c-24ac-4f0d-8550-8373f5ca02be,vmerchant@upi,michaelborra@upi,2562.06,2026-08-22T15:08:52,Chennai,af2f2527-a1c,0,15,0
091c2ae5-19fb-4b02-9ae5-3c6fbd2b2620,zaidchauhan@upi,aishanibumb@upi,4021.06,2026-07-27T09:59:09,Pune,f25fae62-8b8,0,9,0
d79b565b-7428-46d5-8e83-836d4ab2c34c,timothy17@upi,osachdeva@upi,2943.21,2026-08-15T05:42:28,Mumbai,7750feff-f48,0,18,0
ef47f595-89dd-447e-a618-48258e6522aa,yashodadeshpande@upi,eyohannan@upi,4517.3,2026-07-02T13:45:51,Akola,976e20dc-d26,0,13,0
9bcd573d-6661-4bc0-9e99-be435a4814c9,charan16@upi,teerth09@upi,2371.96,2026-07-08T03:02:03,Hyderabad,027eadc5-718,0,8,0
a89fb54c-61c8-4e1c-922b-1590d7a09ed8,pushtibal@upi,amaradeep@upi,4031.63,2026-09-13T17:29:12,Bengaluru,ef54e936-8e0,0,17,0
b3c1b1aa-f22e-4e04-8201-df19e7dcc66a,odhar@upi,randhawaanvi@upi,1280.85,2026-09-12T14:31:45,Pune,0fcd6a35-7c5,0,14,0
0f28fc2e-64b2-4b71-bd72-3d3e5b78bacf,thamanorinder@upi,urvibhavsar@upi,3883.12,2026-08-12T01:37:58,Mumbai,2a9bc1a4-1d0,0,15,0
1307e7d4-08d7-4f82-a4d0-bb94a5a9965e,chandani64@upi,priya51@upi,4261.25,2026-09-16T22:39:40,Mumbai,0a20b114-3c9,0,22,0
0b7cae6e-6ad5-48af-858f-be0331384c3b,eyohannan@upi,krishnanvanya@upi,3544.52,2026-08-15T05:57:51,Chennai,0f358453-475,0,10,0
aa289700-fd2a-4d3e-a506-dd54a01f6c37,yashawinilanka@upi,lalpranav@upi,2589.97,2026-08-06T08:44:43,Akola,f77e4bb1-6bd,0,8,0
1c7a0e15-d48d-4b74-b474-e90afa831d50,karnikazad@upi,sawhneyojas@upi,3419.37,2026-07-28T14:44:07,Kolkata,6f0a5b17-392,0,14,0
48147c9f-2aed-4375-8585-2523883eff68,aishanibumb@upi,ojasvi77@upi,1050.29,2026-09-03T11:35:25,Kolkata,27a02a93-b8a,0,11,0
c1078066-d912-482a-ad1d-4a433529d6fd,daksh45@upi,vinayakanda@upi,4574.52,2026-07-30T04:02:57,Pune,072ac257-0f0,0,10,0
0f6869b4-b30f-4a07-9eea-2336f6ee4afd,utkarsh52@upi,harrisonrai@upi,3494.98,2026-09-25T18:59:55,Hyderabad,217f4f0c-209,0,18,0
c6916960-c86a-4632-98df-a66253140fa7,bhavnakaran@upi,kalpit42@upi,1215.83,2026-08-05T15:38:55,Hyderabad,acdecfc2-24d,0,15,0
3ef8507d-8270-41d3-971c-49c0226e5042,zdeol@upi,qvyas@upi,2351.92,2026-07-23T05:29:52,Hyderabad,500c5ea8-5e7,0,18,0
109fea0f-25e9-4bbd-8f5b-5a9c276ec919,triyagopal@upi,harrisonrai@upi,4198.84,2026-08-02T02:58:26,Chennai,6fa13b38-3c4,0,14,0
2e5f98b6-53be-404e-871c-a49cfc52a2aa,sudiksha89@upi,indali23@upi,152.99,2026-07-29T17:53:15,Hyderabad,06dc236b-954,0,17,0
b2d71060-2cff-4c7b-8652-230d47e4b3d2,cdatta@upi,qatwal@upi,3944.45,2026-09-14T03:37:52,Pune,5549160f-884,0,21,0
88900afc-e99e-49ed-a677-10ba31d30c49,udantbajwa@upi,othakur@upi,4684.27,2026-09-04T18:34:36,Bengaluru,cce36fe7-c93,0,18,0
9485d2a7-6c0a-4244-9a8f-b84c9c92cf7d,baldevika@upi,fswamy@upi,4051.22,2026-07-30T07:45:55,Delhi,d32ca56c-31d,0,7,0
ca6c61d0-953c-4574-8e3f-217f57e383f0,rajanranveer@upi,chanderwarjas@upi,3903.18,2026-09-18T07:13:32,Pune,d345db24-261,0,7,0
afb17ed3-68d7-4a0d-803e-7e2b54b0992f,ekaraj45@upi,bhavyamandal@upi,89566.76,2026-08-23T03:10:50,Pune,cbe8448a-c8d,1,3,1
e34a001d-38a6-4b96-8128-3bb15167bdb0,gauriganguly@upi,kgole@upi,70054.13,2026-07-11T04:28:16,Mumbai,b4e9e3ec-87b,1,4,1
3175f65c-d318-4ee6-8826-a333c9f2fa03,dayamai55@upi,ssahni@upi,1242.8,2026-07-10T08:15:26,Hyderabad,4e7f1479-d7f,0,8,0
1190f9b9-723b-4080-a3ea-1599c2c81a3d,shroffbhavna@upi,thamanorinder@upi,4947.55,2026-07-02T20:48:47,Akola,b34f4617-f13,0,20,0
f411163d-9b09-4196-b849-35f4913f7dfd,patrickvasa@upi,vmerchant@upi,1082.87,2026-09-01T16:03:25,Akola,5486ec5a-863,0,16,0
d534cad9-4508-453f-8dea-a5970288f29f,yashodadeshpande@upi,ranbir39@upi,1018.55,2026-08-23T16:56:53,Akola,976e20dc-d26,0,16,0
19074b45-623a-412b-b803-4c931006e649,patrickvasa@upi,dharazaan@upi,4170.39,2026-07-18T12:37:26,Kolkata,5486ec5a-863,0,12,0
c1e9ca7c-7780-44a9-8bb3-1ffa4e7c710b,balangirik@upi,dugalnakul@upi,2263.07,2026-09-02T22:52:55,Kolkata,1960d8de-cb3,0,22,0
faac4d45-e6d9-4b9a-8956-5a36c6465f1f,balangirik@upi,borramanthan@upi,358.93,2026-09-04T00:12:09,Mumbai,1960d8de-cb3,0,7,0
5084aba2-6444-46d3-9fb2-cda6d89cb0ff,rajanranveer@upi,jasmitwali@upi,1209.58,2026-07-31T21:14:52,Kolkata,d345db24-261,0,21,0
d1978460-0658-4ee3-996d-3a56d8453260,osachdeva@upi,michaelborra@upi,2511.51,2026-07-29T14:17:35,Bengaluru,5fbc55ef-2de,0,14,0
7362b196-d2f3-40b8-ad06-e70f377a150a,vedamalhotra@upi,isha34@upi,979.56,2026-07-10T00:36:36,Mumbai,e558806d-c5f,0,11,0
2dc9d07b-2d34-45e9-93c8-be2ab3ab0159,gauriganguly@upi,vihaan13@upi,4860.24,2026-09-12T16:58:13,Mumbai,c72e7ae4-f85,0,16,0
acbaa488-ec17-479a-b8c6-3106380075c0,kashviedwin@upi,modibhavini@upi,4753.88,2026-07-20T03:12:01,Mumbai,0696c6bf-850,0,19,0
7b9d520e-1496-4d8f-a3de-f437caabeeec,upai@upi,krishnarama@upi,309.83,2026-07-10T09:08:17,Chennai,eb6db7d5-b4b,0,9,0
bbcd65fc-ef37-4a84-8c06-1ea68759d816,eyohannan@upi,diya27@upi,542.23,2026-09-19T19:42:40,Delhi,0f358453-475,0,19,0
c62cddd0-ce4c-41ea-8e29-54161d8268aa,triyagopal@upi,qatwal@upi,4484.36,2026-09-24T19:37:00,Mumbai,6fa13b38-3c4,0,19,0
940cfcdc-4787-4eed-a04f-fe9152ae29b8,yashica46@upi,rsathe@upi,4656.8,2026-07-05T10:16:08,Delhi,44bc0387-f29,0,10,0
6e027cab-bc51-4111-8b41-aec258b21d1e,borramanthan@upi,chakradevbarad@upi,75730.05,2026-09-24T00:29:51,Bengaluru,863b733f-57c,1,0,1
6bbb22d7-bed7-4c54-ad87-5883b336b618,gauriganguly@upi,ishakuruvilla@upi,4216.52,2026-08-28T13:22:45,Hyderabad,c72e7ae4-f85,0,13,0
a1dac84b-a643-463f-8970-07d2717996a4,raigunbir@upi,jonathansolanki@upi,3469.78,2026-09-27T15:34:31,Pune,81bf5faf-76e,0,15,0
a3e84b31-a79d-4790-8eff-eae5146ffb5c,dharazaan@upi,kom@upi,441.96,2026-08-14T12:50:45,Kolkata,f6dfa22f-783,0,12,0
fee33dcc-ea32-4420-9836-88320d25fe24,koshybalveer@upi,sarinanirudh@upi,4128.46,2026-09-01T04:39:52,Pune,53981699-769,0,15,0
a0639d44-4215-46be-b486-ce15abfb92e2,hritikpalla@upi,baraldayamai@upi,4738.91,2026-08-08T08:33:11,Pune,72907c22-57a,0,8,0
773754f1-c55f-467a-89db-f5c99a61747a,triyagopal@upi,beramax@upi,1093.15,2026-09-07T23:46:01,Pune,6fa13b38-3c4,0,23,0
c7a70dd0-fc82-4097-9138-5eb3d1cebf38,shroffbhavna@upi,odhar@upi,4649.04,2026-09-22T21:15:54,Chennai,b34f4617-f13,0,21,0
45bdec72-3f9d-4755-8e21-868526d720a1,koshybalveer@upi,vihaan13@upi,4599.6,2026-07-26T18:19:54,Bengaluru,53981699-769,0,18,0
9976b3dc-eae4-4cef-bea5-5b832042bc30,pushti49@upi,chanderwarjas@upi,4568.66,2026-08-16T02:58:02,Chennai,d8857b1b-100,0,12,0
f32d15e7-1f17-4d3a-83ae-f2e71a7d34c2,sachdevanikita@upi,thamanorinder@upi,1362.76,2026-09-07T14:29:50,Kolkata,84a60f35-56b,0,14,0
76d446e8-5d09-4821-a2d4-5fb48c171121,frederickkhurana@upi,mananbakshi@upi,44677.7,2026-08-17T23:06:24,Bengaluru,55847a29-0ba,1,23,1
16421161-5b5b-4071-82bc-62b503098316,indira19@upi,sarinanirudh@upi,1405.19,2026-08-27T20:43:34,Hyderabad,068a185b-655,0,20,0
e439667a-6446-4765-bec9-58a0279d56c6,udantdewan@upi,vlanka@upi,1792.19,2026-09-27T11:40:54,Delhi,66e63f8b-6eb,0,11,0
f6b9a560-082e-41a8-96cb-20021e6c67a8,aishanibumb@upi,krishnarama@upi,185.38,2026-07-06T18:53:14,Mumbai,27a02a93-b8a,0,18,0
a1b4174e-b362-4e91-97d3-c3d8daaa845c,uaurora@upi,hritikpalla@upi,55291.64,2026-09-14T23:46:03,Pune,e2d78146-c2c,1,23,1
440dcdf3-985d-4107-8ec6-4a283657d689,ekbalbhasin@upi,ekaraj45@upi,4468.67,2026-09-26T19:25:44,Delhi,e8c4512b-b01,0,19,0
3660c346-3cbe-4175-8ede-a8c50d33a9ff,khatrinathan@upi,borramanthan@upi,149.76,2026-07-10T20:49:53,Bengaluru,67200f98-d64,0,20,0
c435f95b-9c16-4b9c-852f-6d1a499f1955,kalpit42@upi,amblesamarth@upi,3941.1,2026-07-28T20:12:53,Mumbai,25b79fcc-aed,0,20,0
de96a64e-bc65-41ff-9dd0-60d0b8541169,koshybalveer@upi,desaiaishani@upi,2435.55,2026-07-05T14:36:01,Chennai,53981699-769,0,14,0
64b9db11-3c18-4fcc-aee7-0d2b8a944db6,jonathansolanki@upi,fsamra@upi,3513.11,2026-09-03T11:41:34,Delhi,2744506e-bbb,0,11,0
39bcadec-d640-4736-8bb3-f5dafafffa5b,daksh45@upi,znori@upi,1723.32,2026-09-19T21:05:51,Hyderabad,072ac257-0f0,0,21,0
8f8a51a2-b938-42fc-bd00-6c10da592aec,aarnavmalhotra@upi,theodore28@upi,32009.77,2026-08-16T23:12:41,Hyderabad,0babda9b-7e9,1,23,1
7525e46d-41eb-458d-a5ac-632d029c5717,randhawaanvi@upi,shroffbhavna@upi,2112.0,2026-08-05T08:36:36,Akola,4e527681-5a1,0,8,0
dcb4a32b-0855-45e2-9f76-60dec605eaef,aishanibumb@upi,avarkey@upi,2909.37,2026-07-05T21:09:52,Chennai,27a02a93-b8a,0,21,0
58663a14-a91a-4ade-a3e9-29e96668062c,faqidsavant@upi,saumyadey@upi,37866.19,2026-09-01T04:07:35,Mumbai,72899f97-cb2,1,4,1
20c563ba-4e3e-4d5e-bd58-876a6e246b90,hritikpalla@upi,atharv13@upi,2395.83,2026-07-13T01:28:04,Chennai,72907c22-57a,0,21,0
91d7bf5d-f7dd-47a9-8e1f-ecd1915e7a82,amblesamarth@upi,lalpranav@upi,3699.59,2026-09-23T04:36:24,Hyderabad,8afd62cd-bcc,0,21,0
a1232de2-8fc5-4bb2-9bd4-285d7be54298,dayamai55@upi,yashodadeshpande@upi,3114.27,2026-09-20T09:17:18,Pune,4e7f1479-d7f,0,9,0
8ccc815f-9a1e-4ce9-a40f-c93c99e4f06c,nihalshere@upi,vedamalhotra@upi,1902.83,2026-09-13T10:41:47,Akola,fed80d2e-7e6,0,10,0
232392ff-200f-4310-a225-b5906f459cf3,henry25@upi,harrisonrai@upi,1956.72,2026-09-23T15:04:40,Pune,166aa591-ee1,0,15,0
9d328267-7184-4a38-925d-d7b62224630a,finn70@upi,ekbalbhasin@upi,704.46,2026-08-26T19:17:03,Mumbai,7646228b-fd5,0,19,0
571592f1-c950-42e4-a893-2e107e8df38e,kom@upi,gautammerchant@upi,2968.98,2026-07-23T14:20:01,Bengaluru,4bc2a128-c81,0,14,0
ae479e05-ef60-4e92-bf2b-83f1ac255754,amaradeep@upi,atharv13@upi,3955.93,2026-08-21T11:43:22,Delhi,c542da04-786,0,11,0
29157ae1-413d-4fb3-bc9d-a9d0df5632d5,yauvanicomar@upi,amaradeep@upi,367.2,2026-08-03T19:13:24,Pune,b458f741-708,0,19,0
9f5b74a0-8d8d-4b03-9caf-bfba3ff5b073,kakardivya@upi,nihalshere@upi,3538.15,2026-09-12T09:22:17,Kolkata,5f331193-cf1,0,9,0
cb063264-f475-4638-a18a-63790dc62ffc,krishnarama@upi,vinayakanda@upi,3899.43,2026-09-14T19:22:41,Mumbai,12ee3893-8c0,0,19,0
174aa7dc-39e4-4147-a69d-096163ac6d72,bhavyamandal@upi,avarkey@upi,3519.05,2026-09-05T05:53:23,Hyderabad,dc1c0b6c-2bd,0,14,0
7054c64e-adf6-413b-86e6-4f3bbddbc14e,shagaurang@upi,janujasankar@upi,4491.57,2026-08-05T20:58:59,Chennai,f2695b17-da3,0,20,0
aa75c35c-df71-4953-af48-d7c134ff8232,bhavani27@upi,vmerchant@upi,2092.64,2026-09-11T02:26:18,Bengaluru,527b9e26-830,0,12,0
a53a45ea-6829-4180-bb98-eef5cfe28271,janujapradhan@upi,dugalnakul@upi,4168.66,2026-07-30T16:46:48,Pune,9c9396c8-258,0,16,0
21958381-8e82-4f1a-8d04-e41a2f3a2b4a,udantdewan@upi,uaurora@upi,1943.58,2026-09-11T19:55:55,Mumbai,66e63f8b-6eb,0,19,0
e45c2580-c64f-42ab-b3e0-11d4f9d21617,znori@upi,beramax@upi,4752.17,2026-09-27T03:39:06,Bengaluru,575ce5f1-951,0,18,0
4da0d4fb-353f-43e7-9339-ad2a51538ec5,suhaninarain@upi,sidhudaksha@upi,259.31,2026-07-13T13:41:10,Hyderabad,eeef38f2-0d4,0,13,0
87395363-7b39-4ad7-bf06-3e08e2cf284b,trivenipathak@upi,pushtibal@upi,3117.69,2026-07-28T21:24:26,Akola,6011f78b-818,0,21,0
9400936a-ecb7-46db-b316-b1d49bfe99e9,suhani46@upi,saumyadey@upi,1948.57,2026-09-07T15:29:26,Hyderabad,5d0c0d11-0c6,0,15,0
b769044d-e3ef-4f5d-8450-420dc325a317,balangirik@upi,hyadav@upi,2059.04,2026-07-29T16:09:01,Delhi,1960d8de-cb3,0,16,0
e26b5e19-6df4-4a70-9b9d-c5052f70c0a0,finn70@upi,chanderwarjas@upi,1050.94,2026-08-07T09:05:25,Bengaluru,7646228b-fd5,0,9,0
616253ec-cfbe-4e74-8b52-ec47f69ee61b,othakur@upi,kashviedwin@upi,4161.96,2026-08-05T21:01:35,Kolkata,bba7a234-41e,0,21,0
5307bf25-7f7f-4308-acb1-e53358a7242f,amaradeep@upi,shagaurang@upi,938.78,2026-07-23T03:40:06,Bengaluru,c542da04-786,0,19,0
e47d1820-a8e3-47fb-8f0c-2886dfdd5484,nandinibhargava@upi,sudiksha89@upi,31860.58,2026-08-25T03:36:40,Kolkata,0799cf67-b3a,1,3,1
a8495946-d5f9-4367-a498-8c5e77e801c1,chakradevbarad@upi,yashica40@upi,2788.62,2026-09-18T23:23:11,Hyderabad,a0208131-c51,0,23,0
011fc306-9be3-4100-9759-25cf52afe59c,dharazaan@upi,nidhikohli@upi,3872.12,2026-07-14T04:41:51,Kolkata,f6dfa22f-783,0,21,0
67f1f84f-4e01-4263-a5d1-38fcf25937b9,yashodadeshpande@upi,bariaazaan@upi,4948.14,2026-08-05T07:28:03,Pune,976e20dc-d26,0,7,0
636904f3-fdc1-4054-b0b2-7cb04af95e45,nathanielsami@upi,darsh64@upi,95.25,2026-09-18T03:00:30,Kolkata,dc6d5618-766,0,18,0
a1be40f4-fb99-4365-96a5-18d8f8935396,daksh45@upi,maneupasna@upi,4252.58,2026-09-08T13:06:31,Hyderabad,072ac257-0f0,0,13,0
62e2816c-ebdd-4600-af09-71c6be557219,qvyas@upi,rudra61@upi,327.39,2026-08-24T14:08:13,Chennai,e316ffc2-72c,0,14,0
a7f27142-3e3f-4854-b6fa-be7b6077d639,onadig@upi,nathanielsami@upi,1289.43,2026-09-02T05:11:35,Akola,2edf66dc-30a,0,12,0
ec2cab24-5262-4940-9345-320b0c2906f7,kakardivya@upi,gauriganguly@upi,3949.75,2026-08-13T04:12:42,Pune,5f331193-cf1,0,20,0
aa3443cc-f2fa-4dac-8da3-2e6f48d39ca6,karnikekansh@upi,dayamai55@upi,18274.86,2026-09-24T23:45:41,Mumbai,9fa98026-ece,1,23,1
14f6648d-e3cc-4b49-b51d-6c8a581e3b49,osachdeva@upi,eyohannan@upi,3150.94,2026-07-09T16:23:20,Delhi,5fbc55ef-2de,0,16,0
0d27dc8c-36d5-4f40-96b6-f6fbf1617087,fsarma@upi,harrisonrai@upi,690.46,2026-09-27T03:54:58,Delhi,7033c9dc-e9c,0,13,0
bf0b8731-8937-423e-bea8-9f9443849d95,droy@upi,devimatthew@upi,4347.06,2026-09-14T19:11:15,Mumbai,554ccb59-53a,0,19,0
a6b32048-6fa3-4f66-92f0-94ff2174b7dc,darsh64@upi,ekapadjohal@upi,1394.99,2026-07-01T14:01:24,Akola,4991f5c6-f24,0,14,0
52a3a4a2-f2cd-4584-9274-d0f2b48061f2,ansh98@upi,osachdeva@upi,3470.7,2026-09-15T19:59:05,Bengaluru,996b3a25-6da,0,19,0
5edf3f08-61eb-4a79-a572-eead466a3b8f,harini14@upi,cswaminathan@upi,2398.47,2026-09-26T11:55:16,Kolkata,5f85b4a0-39c,0,11,0
7a8b85be-4c0c-4e7f-9d2b-c54eae443835,upai@upi,ishaanshenoy@upi,1542.31,2026-08-03T14:51:24,Kolkata,eb6db7d5-b4b,0,14,0
e91a9160-b589-4630-9234-3bba44aae889,raigunbir@upi,krishnanvanya@upi,1491.73,2026-07-12T19:58:13,Pune,81bf5faf-76e,0,19,0
9c14aab9-9bdc-43c5-ae1a-ce3c7e877e9a,pushti49@upi,osharamachandran@upi,3659.78,2026-07-18T05:49:03,Bengaluru,d8857b1b-100,0,14,0
7b357490-4b0a-46e8-9b51-752ca639620d,dugalnakul@upi,aarnavrege@upi,2487.9,2026-08-28T13:28:39,Bengaluru,88e8aa3c-ec0,0,13,0
8716baa9-7969-4aa9-a0fc-5fd5799b69c7,timothy17@upi,shivansh53@upi,614.08,2026-08-18T18:25:55,Kolkata,7750feff-f48,0,18,0
56d32666-6115-408c-92ef-8a70e4dc5520,diya27@upi,koshybalveer@upi,2108.44,2026-07-30T04:41:51,Kolkata,ddd946f9-d4c,0,13,0
9dedad6b-0cf0-43cf-8f7f-23f3371aeb8e,upai@upi,vamakshi82@upi,4356.63,2026-07-10T23:33:05,Pune,eb6db7d5-b4b,0,23,0
4a0ff07c-58ee-4b26-aa57-17c0b050936f,rsathe@upi,udantbajwa@upi,1468.51,2026-08-16T06:15:46,Akola,b4287f0f-ef4,0,6,0
29d9178c-bd31-4acf-85cc-7e03e567f26b,henry25@upi,daksh45@upi,2108.08,2026-09-08T08:19:15,Pune,166aa591-ee1,0,8,0
241faebb-3a6e-4438-b239-45e38519a2b9,kgole@upi,esawhney@upi,2066.07,2026-07-17T11:51:29,Delhi,033b6f25-c1a,0,11,0
cb07fa7d-94bf-4d0c-a397-b32cd3113c10,theodore28@upi,sawhneyojas@upi,2020.27,2026-09-07T18:05:31,Hyderabad,bf68b038-433,0,18,0
656a6422-d123-4b95-beb8-4a2dbb7f230f,dhaliwalupkaar@upi,avarkey@upi,2531.77,2026-08-02T08:01:59,Mumbai,7a9a9350-e0a,0,8,0
068c6e31-ee0c-4c27-a554-9752faf6c38f,pushtibal@upi,ssahni@upi,4045.99,2026-09-05T08:38:11,Chennai,ef54e936-8e0,0,8,0
df6ce7df-598f-4b3a-9307-8b05668f2caa,baldevika@upi,atharv13@upi,651.14,2026-07-13T22:56:40,Mumbai,d32ca56c-31d,0,22,0
e561b19d-2a3b-4041-8ba1-d4f177d35ea6,jkohli@upi,nihalshere@upi,1285.58,2026-07-30T02:25:10,Delhi,009786b3-cbb,0,7,0
22ca4725-f36c-49a1-b242-aa68921f33cc,rajanranveer@upi,janujapradhan@upi,3394.35,2026-07-30T16:19:50,Kolkata,d345db24-261,0,16,0
d2a38582-0676-482b-bc84-a228b76ef564,lshere@upi,teerth77@upi,591.46,2026-07-12T16:31:14,Mumbai,39597721-7f3,0,16,0
dbd082ac-56b8-40e7-a69a-5ed70d1721ac,ekbalbhasin@upi,nathanielsami@upi,566.88,2026-08-21T18:50:37,Mumbai,e8c4512b-b01,0,18,0
5ac75446-b394-44f6-aa9c-f36bdf4f8308,ekaraj45@upi,utkarsh52@upi,4335.11,2026-07-04T04:47:46,Pune,9046f951-c5c,0,20,0
7333d342-d9cc-4205-88d5-4f3f1d11e203,sahaupkaar@upi,indirakanda@upi,2168.22,2026-07-26T07:15:58,Mumbai,651e1852-8a4,0,7,0
0ae01594-80f7-4068-a9df-e2d0cc92fb3b,ekantika31@upi,ekbalbhasin@upi,1121.1,2026-07-23T03:36:18,Kolkata,c10de943-186,0,15,0
7b607555-e2d9-433e-8121-3f9eb7b3f3a5,yauvanicomar@upi,modibhavini@upi,468.82,2026-07-24T20:26:38,Delhi,b458f741-708,0,20,0
361f0d42-c9c5-4624-8c93-0badaa8e58e2,ssahni@upi,bhatvarenya@upi,60960.33,2026-09-08T03:41:32,Hyderabad,d959729b-4da,1,3,1
9bd27d89-155f-44da-8124-61f531cb3189,nathanielsami@upi,rajanranveer@upi,586.31,2026-09-11T19:51:24,Pune,dc6d5618-766,0,19,0
64d045f0-d78b-4ea5-8b9b-b0299a042778,shagaurang@upi,nathanielsami@upi,1299.77,2026-07-04T01:03:02,Kolkata,f2695b17-da3,0,10,0
8cbc97db-792a-4135-a1b1-03faa7825e6f,chanderwarjas@upi,aviramesh@upi,2741.04,2026-09-24T01:52:01,Akola,803cb4f5-eb2,0,9,0
cec74099-df8c-4df0-a66e-f33a1a8ec90e,ekarajbath@upi,jyoti29@upi,1483.1,2026-08-12T10:15:27,Chennai,9134902d-876,0,10,0
217a5c25-f89d-48a5-b731-9160f7c23b2c,falak10@upi,yashica46@upi,805.88,2026-09-20T23:25:52,Pune,ddebfabe-8b8,0,23,0
efdfb468-6b35-4424-a49c-2dbf5f33f5d8,qnayar@upi,koshybalveer@upi,2304.31,2026-07-13T02:22:17,Pune,4c2a3569-70e,0,19,0
ebb945b7-db69-4b53-a8c2-f97659a11a52,michaelborra@upi,urvibhavsar@upi,1227.5,2026-07-28T15:27:12,Kolkata,b9b15ca7-23c,0,15,0
554e449c-47eb-4805-b81e-ad7855c20278,udantdewan@upi,zdeol@upi,2171.71,2026-07-25T06:33:42,Akola,66e63f8b-6eb,0,6,0
2ad96831-68d3-4432-964e-f73377e22435,ekapadjohal@upi,darsh64@upi,2022.09,2026-09-05T00:09:52,Bengaluru,057e37c4-ccf,0,8,0
7d15d69d-6758-4921-8331-d09692c1c9e7,utkarsh52@upi,henry25@upi,2051.79,2026-08-04T23:35:55,Pune,217f4f0c-209,0,23,0
d8e9b35c-06ed-4332-a2ab-8a4ceccebcd4,aishanibumb@upi,kakardivya@upi,1097.01,2026-06-30T05:50:49,Bengaluru,27a02a93-b8a,0,12,0
a5f62b55-d186-40cb-a518-89640ca3e683,tanvi51@upi,choudhuryjanani@upi,3024.67,2026-07-08T23:40:18,Pune,df69cfd2-a83,0,23,0
022126db-e054-4202-a43d-8ee6008bed5c,pchhabra@upi,grewalekapad@upi,3605.95,2026-08-04T08:35:28,Delhi,cecd6417-13d,0,8,0
6297f893-12ab-4fcd-a637-1bb8f3fdd3f9,udantdewan@upi,amaradeep@upi,2147.97,2026-07-31T20:06:14,Chennai,66e63f8b-6eb,0,20,0
731cc3fe-afe4-449b-8c32-e617fd86252b,vmerchant@upi,bnayar@upi,3115.94,2026-07-29T18:51:12,Chennai,af2f2527-a1c,0,18,0
92e5e278-390d-4d9d-8b03-4b3623ee0692,amol24@upi,jkohli@upi,1313.95,2026-08-15T02:51:49,Chennai,8937ded1-b0c,0,21,0
055cee52-cb28-4367-8027-a07887916258,vlanka@upi,utkarsh52@upi,1974.84,2026-07-11T13:40:06,Chennai,a07327ee-ec0,0,13,0
bf73e9b4-8d0e-4ec9-94cc-438d503b4a3a,jkohli@upi,ranbir39@upi,598.75,2026-09-04T05:53:07,Kolkata,009786b3-cbb,0,7,0
5dd8513a-6265-4bd9-9559-3da8b56a9545,jonathansolanki@upi,yashodadeshpande@upi,641.24,2026-07-05T08:16:39,Bengaluru,2744506e-bbb,0,8,0
9b32a6d5-071a-4dc4-adc7-cd1d945144f9,avarkey@upi,bhatvarenya@upi,1490.97,2026-08-08T23:27:44,Delhi,2060d1a2-7a7,0,23,0
68f3dbd2-acca-4988-aefe-72b00b55feb8,faqidsavant@upi,mkapadia@upi,800.46,2026-08-08T17:05:41,Akola,1ca35c16-a10,0,17,0
03246ecc-6797-4e81-9217-5ef696eae004,sachdevanikita@upi,ekantika31@upi,4484.01,2026-08-16T07:09:59,Chennai,84a60f35-56b,0,7,0
4e24670f-d388-4cd4-9d4d-d16e1d0eb9ca,dharazaan@upi,amol24@upi,4412.22,2026-08-02T00:39:38,Bengaluru,f6dfa22f-783,0,7,0
d68ff4a4-3a11-4c04-b53e-0f3808a5d62c,suhani46@upi,eyohannan@upi,702.43,2026-09-05T02:49:59,Akola,5d0c0d11-0c6,0,14,0
08574d85-6595-44b3-a949-04e5134a39a9,thamanorinder@upi,vihaan13@upi,1196.94,2026-08-28T23:45:18,Delhi,2a9bc1a4-1d0,0,23,0
667b6f0d-53b4-4b81-9a55-81053c081fe1,lakshmi51@upi,anamikayohannan@upi,926.87,2026-08-17T13:29:55,Kolkata,c26b652f-797,0,13,0
c9159a48-563f-40b3-acb9-809f42f7efeb,bariaazaan@upi,bariaazaan@upi,2431.82,2026-08-30T12:09:51,Hyderabad,88c64c48-2d1,0,12,0
b63f297e-5e88-4b65-8ad3-19963409b952,mangalwahab@upi,borramanthan@upi,2345.62,2026-08-17T00:28:53,Delhi,ddfc0db5-5e5,0,22,0
0333131d-a1ac-438c-a9cc-7728d6272e91,sachdevanikita@upi,gauriganguly@upi,3082.63,2026-09-06T05:45:34,Chennai,84a60f35-56b,0,21,0
1ed70c19-a3ad-421c-b085-d5abde9c420b,nihalshere@upi,charan16@upi,3573.47,2026-09-10T12:50:49,Hyderabad,fed80d2e-7e6,0,12,0
f2a7d77f-3c74-4cd3-9052-09a93f973155,fsamra@upi,uchandran@upi,4963.83,2026-08-18T13:19:05,Hyderabad,16d95fa1-3ca,0,13,0
0c62c4ee-4931-422f-a09c-9e25785564d8,priya51@upi,upmavenkataraman@upi,791.1,2026-07-04T14:26:13,Bengaluru,5f36b3fa-a9d,0,14,0
3ef0b689-9bb2-4258-98d9-e0b40521b07d,qatwal@upi,desaiaishani@upi,897.14,2026-08-05T00:58:09,Akola,cc16e930-bee,0,19,0
4b8e8b92-8b9f-4f7d-9e2f-61964fe44996,amol24@upi,owen10@upi,88162.97,2026-07-31T00:20:22,Kolkata,46ba2656-d2e,1,0,1
db0c40b3-7b81-4c9c-a5da-40d26d10c525,bhavyamandal@upi,mangalwahab@upi,4068.87,2026-07-16T13:24:27,Hyderabad,dc1c0b6c-2bd,0,13,0
f2089e4f-5f77-49d5-b89a-7f3dad9a135e,finn70@upi,triyagopal@upi,3693.72,2026-07-02T14:26:24,Hyderabad,7646228b-fd5,0,14,0
4bcf2f5b-dd5c-48f3-bcfc-3f6707f1d5e0,fchaudhary@upi,aarnavmalhotra@upi,3492.43,2026-08-16T08:48:29,Chennai,062a0cb9-2c4,0,8,0
fe2fbc84-79c4-4b89-94a2-054f3db2064f,nattdominic@upi,vamakshi82@upi,1303.9,2026-08-07T10:49:05,Pune,a40028bd-8ea,0,10,0
c5cb074c-de92-4597-a020-75adf057e8b0,aviramesh@upi,bhavyamandal@upi,1647.17,2026-09-03T00:49:39,Pune,ce2fa891-0b2,0,18,0
dd489acc-34cc-4f0c-bf17-048d6aa142ab,fchaudhary@upi,fsarma@upi,659.65,2026-08-17T05:11:53,Mumbai,062a0cb9-2c4,0,19,0
84f4e0cb-5a7e-4441-b1f9-f2e7ed67d3a1,avarkey@upi,onadig@upi,1018.8,2026-08-31T14:50:04,Kolkata,2060d1a2-7a7,0,14,0
2e231004-e3de-4576-8cec-82bbaeea810a,daksh58@upi,ishakuruvilla@upi,3778.37,2026-09-02T00:38:19,Chennai,b2da648a-195,0,14,0
ef7f942d-71f0-4bcb-aa2d-56b9d181f0d1,modibhavini@upi,aviramesh@upi,4695.6,2026-09-23T06:35:40,Pune,2ce18ffb-7ff,0,6,0
c9871c59-72fd-4e35-9d76-736d8b533138,choudhuryjanani@upi,bhavani27@upi,2622.82,2026-07-16T04:53:53,Chennai,4c93c7d1-a58,0,13,0
e014b83e-f958-432f-875c-b58d11294e33,farhanchada@upi,petersachar@upi,2223.81,2026-09-14T13:09:33,Kolkata,d163c594-7f8,0,13,0
fc06321e-c9d3-4d79-b59b-ce925e535aa8,tanvi51@upi,bhavyamandal@upi,1676.33,2026-09-11T15:27:02,Akola,df69cfd2-a83,0,15,0
6cb19b6a-1119-4867-9943-9fd040fedc4a,othakur@upi,ishaanshenoy@upi,21501.04,2026-08-18T01:58:31,Delhi,8ef54afc-1dc,1,1,1
7cf152e6-4a35-433d-8952-eeff4cdf2dc3,chakradevbarad@upi,ojasvi77@upi,1061.08,2026-09-13T21:27:22,Akola,a0208131-c51,0,21,0
5c675cc1-1163-45a7-8d28-8f8497f3a042,dayamai55@upi,utkarsh52@upi,1187.34,2026-07-31T19:22:51,Kolkata,4e7f1479-d7f,0,19,0
003ac443-b871-448e-8e52-00b094842dfb,roak@upi,ekantika31@upi,703.0,2026-07-26T21:50:59,Akola,caf157f1-769,0,21,0
d46bbc9e-c213-4849-a2d2-d11fef003183,xiti28@upi,ishakuruvilla@upi,1998.08,2026-08-15T21:14:10,Mumbai,4a9d640c-559,0,21,0
4234f255-3fe2-4228-975e-84a2c4958461,modibhavini@upi,oseth@upi,1503.19,2026-09-22T00:36:01,Kolkata,2ce18ffb-7ff,0,7,0
8fa4b094-0114-48f1-bf51-58d2fb29ab79,osachdeva@upi,ekapadjohal@upi,878.8,2026-09-07T02:11:40,Chennai,5fbc55ef-2de,0,18,0
d5bb48da-be05-49fc-8fa4-4f49b37bf40b,upai@upi,krishnarama@upi,76423.45,2026-08-27T02:47:51,Bengaluru,c2c17380-9fd,1,2,1
3cb1ee07-5787-4ca3-b823-84a775ef60a0,xiti28@upi,esawhney@upi,384.39,2026-07-12T22:56:03,Pune,4a9d640c-559,0,22,0
d02f25bf-bcfd-4782-946f-b2029740c82e,vedamalhotra@upi,ekaraj45@upi,3194.09,2026-07-07T00:30:35,Kolkata,e558806d-c5f,0,15,0
a66cd33a-cf27-49e0-a7f7-f3fac129e338,yauvanicomar@upi,osharamachandran@upi,147.16,2026-08-26T04:10:55,Kolkata,b458f741-708,0,14,0
4ec0df4e-32e7-4b90-aa1f-16423cfe0cfb,indira19@upi,qatwal@upi,2079.98,2026-08-28T18:21:20,Bengaluru,068a185b-655,0,18,0
38da825d-d3c9-429b-bd16-790b7f284f50,uaurora@upi,krishnanvanya@upi,339.99,2026-09-26T05:18:29,Delhi,ee6efdd6-203,0,15,0
bec7bdc1-5e50-423b-94d8-208d6314eb5f,bhagatbrinda@upi,roak@upi,4327.99,2026-09-14T12:15:16,Kolkata,d766091e-4d5,0,12,0
7bce1c3e-69f3-4bc8-8024-913d5e900895,droy@upi,kgole@upi,4150.71,2026-08-31T08:46:22,Pune,554ccb59-53a,0,8,0
d824ddb6-23a1-421d-a279-e9b2e7845731,teerth09@upi,theodore28@upi,1752.97,2026-09-01T20:06:48,Akola,ffd45e2d-603,0,20,0
db107705-dac6-4479-a2b7-8a420d30c5af,jonathansolanki@upi,odhar@upi,655.4,2026-07-09T04:47:10,Akola,2744506e-bbb,0,7,0
763b1b8d-fe4f-44bc-a3b8-b8f4fa5d1816,ojasvi77@upi,indirakanda@upi,60493.79,2026-08-26T23:00:43,Chennai,2377deb9-704,1,23,1
f7e22934-44be-4198-9a2d-fce4d889b39a,ansh98@upi,amaradutta@upi,54641.28,2026-09-06T23:33:58,Kolkata,1fa2d432-012,1,23,1
bbcab9a7-02c7-4c96-a66f-4bcb7e76c0ed,indirakanda@upi,modibhavini@upi,3355.17,2026-08-31T04:58:09,Chennai,0b3b9bf5-fe4,0,13,0
6d11a60c-84f1-4136-b5e5-75f3b7bc8ee6,hyadav@upi,dayamai55@upi,3409.11,2026-08-08T22:28:34,Mumbai,7662df68-57c,0,22,0
1deb7c05-f3e7-4487-bef6-7fd782032a52,finn70@upi,advika35@upi,3486.25,2026-09-16T21:56:13,Chennai,7646228b-fd5,0,21,0
1c480723-dea2-460c-a67d-eb1e4b97e485,cswaminathan@upi,kalpit42@upi,4228.04,2026-09-21T05:35:57,Delhi,46baf193-06b,0,14,0
4f95b34a-7e14-4657-8797-99eb7d9ad644,lakshmi51@upi,ishakuruvilla@upi,630.32,2026-07-09T13:45:56,Bengaluru,c26b652f-797,0,13,0
dcbadc52-ca69-4ad2-8da8-0999050ab900,jyoti29@upi,maneupasna@upi,2166.18,2026-09-04T00:27:07,Chennai,1b8449aa-325,0,9,0
85eca6c4-abec-4214-852c-3b46bf572c09,twalia@upi,ojasvi77@upi,4919.96,2026-08-13T03:22:38,Mumbai,a3de5c1a-f8a,0,19,0
c39cc4e4-0d2f-4c08-9c95-5090dede8ecf,kibeharsh@upi,uaurora@upi,4796.54,2026-08-23T18:26:39,Akola,ff6d3c99-65e,0,18,0
cc13eb59-5319-46e8-b432-022ad51237be,frederickkhurana@upi,bcherian@upi,1474.56,2026-08-20T10:10:58,Chennai,5469bd7e-cfb,0,10,0
05ecd3e9-bdc4-4e7c-b210-6b51bbd694a5,qnayar@upi,bhagatbrinda@upi,3973.93,2026-08-04T23:07:51,Bengaluru,4c2a3569-70e,0,23,0
95643ace-9599-4709-8dce-11bd2e56f7d6,lakshmi51@upi,sahaupkaar@upi,2408.87,2026-09-17T06:04:10,Delhi,c26b652f-797,0,6,0
b664fc74-fa75-4f05-957a-0ee6287ce232,bhavnakaran@upi,krishnanvanya@upi,2900.26,2026-08-29T22:26:28,Delhi,acdecfc2-24d,0,22,0
fbb7fe8a-fb04-41fd-b7a7-2e906d775e2f,aradhanaverma@upi,nathanielsami@upi,2683.07,2026-07-16T13:17:07,Pune,256a1951-b19,0,13,0
5c3a4874-a989-49f1-85e4-d1cf3b348f01,ekbalbhasin@upi,cdatta@upi,1590.38,2026-07-17T16:32:46,Bengaluru,e8c4512b-b01,0,16,0
7c50a769-a3d4-4a69-bc74-44adde5f87e9,baldevika@upi,maneupasna@upi,682.77,2026-07-15T17:56:53,Chennai,d32ca56c-31d,0,17,0
3b853d4d-7334-4087-a500-cc21fa13fca0,kgole@upi,maneupasna@upi,2962.13,2026-08-19T20:38:55,Pune,033b6f25-c1a,0,20,0
00b94bf6-0e35-47c7-856e-5070179cdb2e,karnikazad@upi,isha34@upi,1051.63,2026-09-13T21:36:57,Chennai,6f0a5b17-392,0,21,0
140d1a00-689f-4958-bc1e-ff29ba791184,daksh45@upi,mkapadia@upi,2829.21,2026-09-26T12:32:38,Hyderabad,072ac257-0f0,0,12,0
5da0386c-8123-494c-94af-f1790ef359fd,ojasvi77@upi,kgole@upi,4882.93,2026-09-27T16:56:16,Akola,436c8c6f-1ee,0,16,0
6ee9ee9b-5c72-4579-a81d-4890b917f846,dharazaan@upi,bariaazaan@upi,4100.56,2026-09-18T18:50:46,Hyderabad,f6dfa22f-783,0,18,0
c6d6ae0d-7d31-4bd8-ace6-2ccceb479849,sachdevanikita@upi,theodore28@upi,4117.35,2026-09-22T00:24:38,Kolkata,84a60f35-56b,0,10,0
0f4e2de1-71f0-4c7f-a055-956aa2bb252f,droy@upi,upai@upi,1187.33,2026-09-10T06:07:24,Bengaluru,554ccb59-53a,0,6,0
274ea11d-abc1-48c1-ac09-e93d37b560f7,sudiksha89@upi,upmavenkataraman@upi,594.77,2026-08-25T21:26:37,Akola,06dc236b-954,0,21,0
bf651b10-0c7d-4c9c-a812-cc884aeb551c,trivenipathak@upi,raigunbir@upi,2323.87,2026-07-31T00:16:52,Delhi,6011f78b-818,0,7,0
976488c8-978b-4a55-94f7-c12edbf5e236,osharamachandran@upi,pradhankalpit@upi,3546.7,2026-09-22T00:50:02,Kolkata,29194246-377,0,21,0
3187655b-3c3f-41fe-bc25-f033030f8e94,amaradeep@upi,atharv13@upi,4834.54,2026-07-07T22:03:18,Mumbai,c542da04-786,0,22,0
fe121be7-de8f-4661-a70b-486c4ba99cac,lshere@upi,atharv13@upi,1800.31,2026-07-16T15:24:09,Chennai,39597721-7f3,0,15,0
42eddc13-e374-44a0-b5a6-d93ec1aafcb6,raigunbir@upi,qpandya@upi,2850.53,2026-09-23T16:41:14,Akola,81bf5faf-76e,0,16,0
b258ab02-49cc-4153-b3a7-a4763056fc50,charan16@upi,raksha87@upi,756.09,2026-08-15T09:05:04,Pune,027eadc5-718,0,9,0
63249abd-d3c6-473c-b300-5e30c8abca32,bhagatbrinda@upi,zaidchauhan@upi,2901.39,2026-07-04T23:06:35,Hyderabad,d766091e-4d5,0,23,0
0580e844-b835-4500-a672-3947c3fa13f4,vmerchant@upi,kabirsoman@upi,2754.46,2026-09-03T18:56:38,Bengaluru,af2f2527-a1c,0,18,0
f47472b6-dca5-4fed-bc3d-87a33fd11b4c,indali23@upi,janujasankar@upi,2626.94,2026-07-14T09:04:51,Pune,56169905-4e3,0,9,0
63847a68-c6ec-49c8-889a-111a2b9a8ba2,mray@upi,odhar@upi,3322.49,2026-08-11T22:03:03,Chennai,4d9d1830-dbb,0,22,0
6fe9f027-9675-4944-92e9-3bcfef415c67,desaiaishani@upi,qvyas@upi,65649.49,2026-08-21T23:16:50,Mumbai,6764f573-32f,1,23,1
eff86db9-d6fa-456f-bf82-7e8f11bb1b04,sachdevanikita@upi,mangalwahab@upi,3319.37,2026-09-22T15:28:04,Delhi,84a60f35-56b,0,15,0
e2f250af-1dce-489b-a75d-64aaf8894531,amol24@upi,rsathe@upi,2316.25,2026-08-05T22:17:51,Bengaluru,8937ded1-b0c,0,22,0
df76572c-875d-4a68-94d4-1a8cb89847d8,nattdominic@upi,priya51@upi,3495.56,2026-08-29T15:08:21,Bengaluru,a40028bd-8ea,0,15,0
0b3733d3-d5cb-4037-ba5f-5ee8e05cb6b7,hritikpalla@upi,aviramesh@upi,2740.17,2026-08-03T06:50:29,Kolkata,72907c22-57a,0,6,0
bb401386-5aab-4d77-913b-87766166ecad,bnayar@upi,kashviedwin@upi,4355.8,2026-08-25T11:41:43,Mumbai,9ae0f61e-249,0,11,0
0fcc2954-0ffa-4530-beb8-43f50b88d4eb,qatwal@upi,janujasankar@upi,3865.45,2026-07-11T00:12:09,Pune,cc16e930-bee,0,12,0
7ed9062f-5263-45b0-933b-9649b2cecb37,ekapadjohal@upi,oseth@upi,3519.19,2026-08-12T06:54:30,Akola,057e37c4-ccf,0,6,0
b4e70fba-9718-43a8-83f1-d6adfa5f1125,khatrinathan@upi,lshere@upi,1084.6,2026-07-22T21:39:22,Pune,67200f98-d64,0,21,0
ed37c60a-1cac-498d-8325-bfbf844bd8cf,ishaanshenoy@upi,thamanorinder@upi,4548.25,2026-07-16T10:59:46,Chennai,d25bdbcf-05d,0,10,0
b8bfe51a-2358-4dbf-b4d9-77a8ae9f92d8,suhani46@upi,dharazaan@upi,4182.37,2026-08-05T07:48:23,Mumbai,5d0c0d11-0c6,0,7,0
78bd55ff-cc13-4562-9ec9-08216e56a993,dharazaan@upi,pandeychanchal@upi,2218.39,2026-08-02T08:58:01,Delhi,f6dfa22f-783,0,8,0
bfd77ee3-e25a-43e1-934c-1a03b1385c76,bhatvarenya@upi,baldevika@upi,2303.9,2026-09-07T12:11:46,Pune,e7b4cbd8-66d,0,12,0
a03ee081-e972-45fe-b508-cf558dc9ec94,daksh58@upi,xiti28@upi,645.4,2026-09-06T10:30:53,Kolkata,b2da648a-195,0,10,0
c15168f5-d773-40b2-9b9c-ce29b9b3985b,utkarsh52@upi,dugalnakul@upi,4326.93,2026-09-15T03:33:48,Hyderabad,217f4f0c-209,0,20,0
7a34dc3f-0507-4283-9f3a-255ce26939b5,jkohli@upi,sarinanirudh@upi,4935.07,2026-08-11T15:18:15,Akola,009786b3-cbb,0,15,0
56ead577-d7e6-4456-95b2-a27102296039,droy@upi,borramanthan@upi,1211.38,2026-08-26T04:57:30,Hyderabad,554ccb59-53a,0,9,0
cbf567f2-ca44-43ab-b889-9391915d5fbb,soodyadavi@upi,timothy17@upi,321.2,2026-07-16T07:48:34,Chennai,82f6eeaf-083,0,7,0
eb6915b1-d396-4b8e-9a73-dd236e2da607,osachdeva@upi,vmerchant@upi,3639.67,2026-08-03T14:52:36,Bengaluru,5fbc55ef-2de,0,14,0
90eef29f-5b76-4e8a-93f6-f7361b3213bd,nihalshere@upi,yashica40@upi,1140.86,2026-08-26T09:19:55,Hyderabad,fed80d2e-7e6,0,9,0
a770d1fb-5d59-4cfa-82e6-7f8ce61ab14c,raksha87@upi,raigunbir@upi,65487.37,2026-09-01T02:14:20,Bengaluru,c5a96480-4a0,1,2,1
b68c8dfb-a1b9-4cc7-9f58-080359e61e99,darsh64@upi,advika35@upi,2977.82,2026-07-21T20:11:39,Delhi,4991f5c6-f24,0,20,0
6353e4db-7bba-401e-ab2e-37af19175612,zdeol@upi,bcherian@upi,4952.06,2026-07-13T07:48:03,Chennai,500c5ea8-5e7,0,7,0
fff2c303-a8a2-4821-8c3e-0daf453bcdf4,droy@upi,indira19@upi,4056.03,2026-08-09T22:01:51,Delhi,554ccb59-53a,0,22,0
aaacf532-1b2e-4040-9ba9-f3130db09124,vlanka@upi,lakshmi51@upi,1732.12,2026-07-31T09:40:19,Chennai,a07327ee-ec0,0,9,0
61bb0761-9888-47e7-8436-4d3a51fa3fa9,indirakanda@upi,kabirsoman@upi,1476.68,2026-09-21T10:40:10,Chennai,0b3b9bf5-fe4,0,10,0
6ae3318f-9e27-43a3-bab5-8fd3d591ae0e,pchhabra@upi,sarinanirudh@upi,2979.33,2026-07-08T09:49:31,Hyderabad,cecd6417-13d,0,9,0
710a4f0d-2594-4c0c-9ed3-91a1abb47c1c,jonathansolanki@upi,nihalshere@upi,1909.55,2026-06-30T13:27:48,Hyderabad,2744506e-bbb,0,13,0
39b25627-9392-4cc6-b33c-66d65d932c5c,harrisonrai@upi,aradhanaverma@upi,1812.68,2026-08-05T06:31:31,Chennai,e7816626-028,0,6,0
e88ea280-5365-4214-86cb-0dbad19cf5a8,oseth@upi,mangalwahab@upi,1404.94,2026-09-02T23:18:31,Delhi,d85c553b-6f2,0,23,0
c3a2bd3c-b585-47a0-98ad-ef8d01462c38,randhawaanvi@upi,aarnavmalhotra@upi,2595.83,2026-09-27T11:11:18,Kolkata,4e527681-5a1,0,11,0
3887b9e4-3af5-4373-a941-5b18c7c25815,vedamalhotra@upi,ksehgal@upi,4258.03,2026-07-14T14:41:21,Chennai,e558806d-c5f,0,14,0
94a19360-d44f-4666-b3bf-02dfcedf367b,khatrinathan@upi,priya51@upi,1861.32,2026-07-17T05:00:07,Kolkata,67200f98-d64,0,20,0
97d0aeee-b8ee-472b-ae9a-63f600070927,yashica40@upi,yashica40@upi,968.91,2026-08-18T13:46:25,Mumbai,4f00d0f2-cb4,0,13,0
d432b979-13e3-4ac2-bf55-e2b8ac97982d,theodore28@upi,cdatta@upi,2103.94,2026-08-06T05:02:25,Akola,bf68b038-433,0,19,0
293f8799-f25c-411d-b2f3-1d7fcba87c3d,bhavani27@upi,bhattvamakshi@upi,1809.19,2026-09-01T22:04:35,Kolkata,527b9e26-830,0,22,0
ead91440-dd3d-4124-8731-9eba0a2268aa,indali23@upi,qpandya@upi,1558.22,2026-08-06T00:10:04,Akola,56169905-4e3,0,13,0
02b7e398-f8f7-4878-8ca3-239c84b20b3a,lakshmi51@upi,choudhuryjanani@upi,4698.31,2026-09-09T03:59:16,Hyderabad,c26b652f-797,0,8,0
3dfc9732-e84c-4b2b-a7ba-006295ee24c9,upmavenkataraman@upi,suhani46@upi,1589.36,2026-09-18T04:14:38,Mumbai,38c9fa48-2f9,0,9,0
1ac48fcd-0015-415f-a7c1-5997dcd0329c,ekantika31@upi,vamakshi82@upi,503.78,2026-07-11T04:08:38,Pune,c10de943-186,0,7,0
2246752d-11f1-44eb-8129-e2b3a740b4e7,vamakshi82@upi,daksh45@upi,4135.29,2026-08-20T18:06:05,Pune,54f56fb8-041,0,18,0
d8f2c5b3-79e6-4468-bdcd-610a41bc3555,maneupasna@upi,amblesamarth@upi,4615.25,2026-07-11T07:51:22,Hyderabad,e7ceef85-245,0,7,0
05e7e955-6d15-407f-b8a7-1bdedd0c1e97,atharv13@upi,twalia@upi,491.48,2026-08-17T12:24:10,Pune,42f27329-005,0,12,0
65734855-f852-4503-913a-2d1c5d59c96c,charan16@upi,pradhankalpit@upi,509.09,2026-07-07T15:39:16,Delhi,027eadc5-718,0,15,0
342382c3-df45-4074-a5f8-d80e3317a27d,michaelborra@upi,udantdewan@upi,4984.4,2026-09-25T02:09:51,Kolkata,b9b15ca7-23c,0,13,0
a6eb6411-b14c-4fc9-a7f6-0ec4f1aab842,teerth77@upi,falak10@upi,4085.31,2026-08-28T12:22:21,Hyderabad,195c66ab-c8b,0,12,0
90719002-239a-469e-a533-d157fb5307c1,nathanielsami@upi,udantbajwa@upi,4258.95,2026-07-23T02:17:47,Delhi,dc6d5618-766,0,8,0
19c9595b-cf54-4ac7-8f7c-9c468d1e9328,nattdominic@upi,yashica40@upi,523.01,2026-07-17T08:20:11,Chennai,a40028bd-8ea,0,8,0
642a9139-7d10-464f-a5a3-e570e775c062,cdatta@upi,sawhneyojas@upi,4333.04,2026-07-07T18:14:23,Kolkata,5549160f-884,0,18,0
dc213620-b1ff-43ba-9aa5-7382d2f1aecf,charan16@upi,aarnavmalhotra@upi,1660.72,2026-09-14T22:15:56,Chennai,027eadc5-718,0,22,0
8193fc33-1a05-4eb2-8c7d-9c9466d5aa91,jyoti29@upi,balangirik@upi,247.71,2026-09-21T00:56:01,Akola,1b8449aa-325,0,8,0
55e94e27-d93b-4d00-aad1-4af16f16369a,raigunbir@upi,aarnavmalhotra@upi,4441.94,2026-08-01T12:46:04,Mumbai,81bf5faf-76e,0,12,0
a3dc431e-93ee-49c5-9291-ae9d25ea71c8,sachdevanikita@upi,darsh64@upi,100.19,2026-06-29T18:08:13,Bengaluru,84a60f35-56b,0,18,0
61dffc9f-4eca-4d78-b593-676aafaf9454,bcherian@upi,teerth09@upi,1382.97,2026-08-15T07:01:57,Akola,c441206e-dd2,0,7,0
c0e2802b-fe39-401d-97d1-380e33ada9d8,zdeol@upi,daksh45@upi,3477.17,2026-07-23T03:30:09,Pune,500c5ea8-5e7,0,11,0
0e02ca37-eb3d-4be0-a8ec-7f1ade974ff7,michaelborra@upi,dharazaan@upi,3455.21,2026-07-18T05:49:20,Chennai,b9b15ca7-23c,0,15,0
a93ab3aa-2c34-420f-8667-cc9612531a4a,yadavinarula@upi,frederickkhurana@upi,1958.67,2026-06-29T22:51:39,Pune,2dbf9870-7bf,0,22,0
2d615aed-c5ae-4786-9624-78cb99508bd8,ishakuruvilla@upi,maneupasna@upi,52724.82,2026-08-19T01:37:43,Chennai,c1b42b79-cfd,1,1,1
0a55b896-f464-453b-807c-3b56e3eac73d,chandani64@upi,devimatthew@upi,1634.21,2026-08-02T20:10:10,Chennai,0a20b114-3c9,0,20,0
32900aa2-b02d-478c-9495-623c4a03bf63,pandeychanchal@upi,ekaraj45@upi,2187.79,2026-09-06T20:22:35,Akola,864a2d04-55f,0,20,0
f3300a71-98eb-4a47-8c91-6d14493b9464,yauvanicomar@upi,mkapadia@upi,1471.1,2026-08-19T02:21:38,Bengaluru,b458f741-708,0,11,0
f244d054-c700-412c-969c-41153058d81c,theodore28@upi,borramanthan@upi,4616.11,2026-08-22T19:36:38,Chennai,bf68b038-433,0,19,0
81adf0a4-b92f-45fb-8ff8-8e471d886c33,ojasvi77@upi,triyagopal@upi,2094.03,2026-09-20T10:44:43,Chennai,436c8c6f-1ee,0,10,0
eb7760fe-7f68-4cd7-9c7f-65591f732dc9,daksh58@upi,nidhikohli@upi,4418.0,2026-07-27T15:59:17,Kolkata,b2da648a-195,0,15,0
33f5b6c6-009b-4592-8873-96668df8b847,kabirsoman@upi,faqidsavant@upi,1721.71,2026-08-22T11:14:56,Mumbai,6ef910ee-e62,0,11,0
57d2a8d7-b364-4e90-a7ff-d89d753339ef,chanderwarjas@upi,anshbedi@upi,980.19,2026-08-13T03:31:57,Delhi,803cb4f5-eb2,0,17,0
31f3bc13-f05c-462b-8f0e-0819ab1b5d43,sawhneyojas@upi,shivansh53@upi,4611.61,2026-07-02T06:59:14,Akola,925a5673-7ea,0,6,0
8d7ce78f-8f81-456f-ab75-c7a9db32bf5d,jkohli@upi,bhandarijyoti@upi,1150.67,2026-07-06T10:21:05,Bengaluru,009786b3-cbb,0,10,0
e03a3384-933f-45cf-b25f-d89556eba24d,cdatta@upi,mkapadia@upi,483.79,2026-09-19T05:16:16,Bengaluru,5549160f-884,0,7,0
30bd6d01-2a37-4e2c-b4ff-d8e9e2f100c8,yashawinilanka@upi,indirakanda@upi,1273.45,2026-08-13T16:45:24,Mumbai,f77e4bb1-6bd,0,16,0
6c5abbc2-ad36-400e-9c4e-c0600e334fe2,ikakar@upi,droy@upi,2319.37,2026-09-22T04:06:11,Delhi,4e636d14-cda,0,10,0
a92528f6-0708-4942-9c97-6925e9495531,yadavinarula@upi,sudiksha89@upi,2300.74,2026-07-21T00:20:51,Kolkata,2dbf9870-7bf,0,17,0
966e8658-5001-4ea1-8b90-6321427f03fd,udantdewan@upi,mananbakshi@upi,2721.36,2026-09-26T12:27:02,Delhi,66e63f8b-6eb,0,12,0
d659685a-7e2e-4336-aa88-30e382917e0a,maneupasna@upi,jyoti29@upi,2333.72,2026-07-31T22:10:43,Delhi,e7ceef85-245,0,22,0
62040743-5d68-4508-90f3-c4f5a6ad2a71,uaurora@upi,mray@upi,3282.41,2026-07-14T16:55:16,Hyderabad,ee6efdd6-203,0,16,0
d45284eb-0316-44e1-8e90-990c69a9051f,aarnavmalhotra@upi,kgole@upi,2883.9,2026-08-20T21:23:47,Bengaluru,de316df9-cc5,0,21,0
614aa1d9-4e1f-4556-b66d-cee3aab76d5d,hritikpalla@upi,harrisonrai@upi,2383.81,2026-07-07T04:53:49,Akola,72907c22-57a,0,14,0
558d8a7c-dc96-4319-aae0-da0bc6bef675,pandeychanchal@upi,chandani64@upi,1747.1,2026-06-29T20:16:21,Delhi,864a2d04-55f,0,20,0
1b9ae6f6-8524-49ca-8bbb-d4fc2ce85b92,fsarma@upi,teerth77@upi,1323.03,2026-08-11T06:52:06,Delhi,7033c9dc-e9c,0,6,0
57e8e6df-3ca3-453e-9afd-f6977164f089,pchhabra@upi,mkapadia@upi,1616.63,2026-07-28T18:05:26,Chennai,cecd6417-13d,0,18,0
f21d08a8-cc99-4357-9270-3e0fef696032,znori@upi,ranbir39@upi,1766.56,2026-09-05T01:33:25,Akola,575ce5f1-951,0,18,0
9b4a8afd-ef88-4927-9111-30d784d7b343,bhatvarenya@upi,atharv13@upi,3170.53,2026-09-05T18:09:59,Chennai,e7b4cbd8-66d,0,18,0
6a01df1e-926b-49b2-af6e-84b917b81c96,amaradeep@upi,khatrinathan@upi,1525.22,2026-08-05T12:12:21,Delhi,c542da04-786,0,12,0
c44cd568-68f7-4021-bf84-460d990e0d1a,aradhanaverma@upi,ekbalbhasin@upi,2991.31,2026-09-07T00:00:55,Mumbai,256a1951-b19,0,17,0
cdc03d92-d128-4d2e-975a-eb55f911ae68,amblesamarth@upi,othakur@upi,3018.08,2026-09-18T11:16:27,Chennai,8afd62cd-bcc,0,11,0
b7ee855c-8802-407a-8ce5-0d47c661aa5e,maneupasna@upi,soodyadavi@upi,4518.82,2026-08-28T20:31:38,Hyderabad,e7ceef85-245,0,20,0
c237b318-dcb7-4823-8f29-0521734f2d7b,upai@upi,ojasvi77@upi,4764.37,2026-09-06T01:08:52,Delhi,eb6db7d5-b4b,0,11,0
9a6b453a-4491-4142-b71b-cb753703938e,choudhuryjanani@upi,ssahni@upi,2672.7,2026-09-07T21:05:13,Chennai,4c93c7d1-a58,0,21,0
d73fd827-4d77-4537-a62c-cfa29d89f54c,teerth77@upi,darsh64@upi,4864.74,2026-08-30T06:50:15,Pune,195c66ab-c8b,0,6,0
1956b74d-0686-4494-8f83-6231bc2f4061,eyohannan@upi,osharaghavan@upi,3868.13,2026-08-05T18:24:15,Hyderabad,0f358453-475,0,18,0
af60cc5e-1ab3-4b25-a2a5-f37fa82a3ad6,udantdewan@upi,karnikekansh@upi,1483.8,2026-07-12T11:28:23,Mumbai,66e63f8b-6eb,0,11,0
ff7a34a0-dad3-4397-b790-a701f07f9eae,shagaurang@upi,petersachar@upi,1153.47,2026-09-25T15:15:26,Pune,f2695b17-da3,0,15,0
96bc2017-c8ef-4e1f-97d3-d842cd74fc10,esawhney@upi,yauvanicomar@upi,3854.8,2026-07-23T19:17:25,Mumbai,23e5b872-dee,0,19,0
92c5973e-54c4-4220-8b08-c71dcde50809,yadavinarula@upi,zdeol@upi,4282.14,2026-07-13T05:15:43,Chennai,2dbf9870-7bf,0,18,0
4b88d813-c784-4556-b7a7-393f35562da7,odhar@upi,daksh45@upi,1627.49,2026-07-02T16:18:44,Delhi,0fcd6a35-7c5,0,16,0
2fc2171e-856c-45c3-ba01-dc6d8a49e3e8,harini14@upi,znori@upi,4160.4,2026-07-30T02:06:40,Kolkata,5f85b4a0-39c,0,22,0
679e039f-19d4-43c0-bbc5-713ae61f5cf3,indali23@upi,raksha87@upi,3499.83,2026-08-25T02:26:49,Mumbai,56169905-4e3,0,17,0
7c3bc2eb-1360-4d24-a139-93eb93d4f5d1,mray@upi,aarnavrege@upi,2936.64,2026-08-12T16:56:55,Kolkata,4d9d1830-dbb,0,16,0
9a0bb906-5f88-4d44-88da-df7b2030b9a9,aarnavrege@upi,ojasvi77@upi,1561.63,2026-07-13T09:23:25,Bengaluru,33daedc4-9e0,0,9,0
1221eff1-5641-4d07-acca-d6d3481a62e5,zaidchauhan@upi,amaradutta@upi,2508.15,2026-08-26T16:34:25,Pune,f25fae62-8b8,0,16,0
08b3b60f-da11-4b31-a729-511d203f766a,yashica46@upi,yutika95@upi,1036.23,2026-09-02T22:23:25,Delhi,44bc0387-f29,0,22,0
b2067a98-74d3-4eac-b413-b11f29f05372,gautammerchant@upi,ishaanshenoy@upi,4759.9,2026-07-04T10:55:18,Delhi,c39bd9f0-2f5,0,10,0
9e54e75e-2ba5-4788-bc45-389a790e18f9,theodore28@upi,sawhneyojas@upi,52924.46,2026-07-19T03:33:37,Mumbai,6a60b154-28b,1,3,1
351a052d-4bbe-4ea1-a51f-3e97ddd27312,alkadewan@upi,khatrinathan@upi,4295.78,2026-07-27T12:25:40,Akola,a481934d-88c,0,12,0
6724a5f8-9a78-4b70-8591-ef9f1f1fcb73,sudiksha89@upi,chandani64@upi,1249.46,2026-08-13T04:38:01,Hyderabad,06dc236b-954,0,20,0
d087508c-8ef4-4836-8558-d51fe1b9457c,vinayakanda@upi,cswaminathan@upi,190.79,2026-07-03T04:08:40,Hyderabad,23fef535-1f4,0,22,0
3bd152e5-4449-45eb-bdd2-6336d5863ecc,bhavnakaran@upi,yashica46@upi,654.01,2026-09-09T08:30:15,Hyderabad,acdecfc2-24d,0,8,0
d1323d47-708c-471f-82c1-a0760c07f718,modibhavini@upi,vmerchant@upi,1117.49,2026-07-29T01:40:17,Bengaluru,2ce18ffb-7ff,0,20,0
8b1b0c23-eaca-4941-989e-768dac2e52e5,lakshmi51@upi,udantbajwa@upi,3724.94,2026-07-08T19:36:48,Chennai,c26b652f-797,0,19,0
d400cae7-513f-4ef9-9881-6cdf81b3c957,xiti28@upi,janujapradhan@upi,4634.87,2026-08-28T08:42:48,Hyderabad,4a9d640c-559,0,8,0
b0544d9d-b48a-44ae-b3d0-696b7f00fe91,vinayakanda@upi,darsh64@upi,89288.31,2026-09-12T03:58:11,Bengaluru,2b12d9d4-fd2,1,3,1
09550645-ef2a-4641-aa85-c7c4be42ded3,pchhabra@upi,owen10@upi,739.19,2026-08-09T09:40:35,Kolkata,cecd6417-13d,0,9,0
eb73eb83-4819-4824-84e0-4e81fd60d3e0,yauvanicomar@upi,balangirik@upi,1351.75,2026-09-03T12:21:55,Chennai,b458f741-708,0,12,0
320af579-bbdd-41f5-8039-655db6483549,aarnavrege@upi,othakur@upi,3964.94,2026-09-07T05:56:27,Akola,33daedc4-9e0,0,14,0
59b6d9f2-78c8-4ae3-abab-a154bbdc04e0,bnayar@upi,vedamalhotra@upi,2419.57,2026-08-17T18:48:14,Delhi,9ae0f61e-249,0,18,0
b5e2f4ba-6c60-46a6-8242-d7206fcf3959,ishakuruvilla@upi,suhaninarain@upi,1897.33,2026-07-19T01:34:46,Akola,6bc0dd84-3b8,0,18,0
eb38de48-9345-4dec-abda-da44fe9b00f4,avarkey@upi,ojasvi77@upi,1402.18,2026-07-06T02:56:43,Delhi,2060d1a2-7a7,0,18,0
cc8c06f7-802d-40bc-a28c-8bfb5e7f84c5,osharaghavan@upi,suhaninarain@upi,137.42,2026-08-02T04:08:05,Pune,ad326f07-fe5,0,9,0
ff2c4214-d595-41f2-b4f2-d80788484967,jonathansolanki@upi,qnayar@upi,3438.84,2026-08-31T05:11:20,Mumbai,2744506e-bbb,0,14,0
fa04cd59-f9f2-4256-992a-7c03ba844ae4,ansh98@upi,balangirik@upi,3852.85,2026-07-23T22:17:51,Delhi,996b3a25-6da,0,22,0
6a8e5f61-15cc-4d23-9469-e61ce714c91e,nandinibhargava@upi,kgole@upi,3751.83,2026-07-14T06:55:20,Hyderabad,48e3bd88-2ee,0,6,0
75f81ff3-57c2-45e9-9e00-24503cfd007d,shivansh53@upi,koshybalveer@upi,2937.55,2026-07-11T06:35:27,Mumbai,40f069c3-46c,0,6,0
c36d3dd0-fd84-4f24-804c-6d7ebdd544bc,eyohannan@upi,onadig@upi,1511.99,2026-08-02T22:22:16,Mumbai,0f358453-475,0,22,0
5c4a6167-5a91-45b6-8ef1-f1df74262e12,lshere@upi,ekarajbath@upi,4916.36,2026-08-31T09:59:36,Delhi,39597721-7f3,0,9,0
5ae2374b-c180-4b9b-b1d7-d1df38a7d4d8,hyadav@upi,nidhikohli@upi,1485.82,2026-08-30T08:13:53,Kolkata,7662df68-57c,0,8,0
3bd121c2-e2d5-46c8-a92b-e9183b4948cd,sahaupkaar@upi,pushtibal@upi,4204.69,2026-09-22T13:03:03,Bengaluru,651e1852-8a4,0,13,0
e38ccf05-441b-4886-9645-f0baecd50bfe,amol24@upi,henry25@upi,3069.88,2026-07-28T19:00:27,Pune,8937ded1-b0c,0,19,0
28d20960-ea34-4b3c-9e33-6d5520a844e9,jyoti29@upi,ishaanshenoy@upi,1219.74,2026-09-18T14:36:32,Delhi,1b8449aa-325,0,14,0
f19d0e4a-8495-4ede-92d4-280f0fe5d40f,zarnapathak@upi,twalia@upi,4017.71,2026-09-13T14:37:01,Hyderabad,1812699a-1b3,0,14,0
4da330c3-9cbb-4c12-a7c0-43ac71f12f64,urvibhavsar@upi,cswaminathan@upi,1427.37,2026-07-10T12:03:31,Chennai,2b85036e-d5d,0,12,0
ee98a90e-9783-41a6-b582-558484079016,pushti49@upi,harini14@upi,4091.44,2026-09-09T04:21:58,Pune,d8857b1b-100,0,9,0
0b92abe4-3c94-47d6-af1c-84be2d92621f,dateanvi@upi,roak@upi,1695.04,2026-08-07T20:27:06,Pune,61876a84-17b,0,20,0
75027819-00a0-476d-b24c-5885170e0dd6,owen10@upi,vlanka@upi,928.7,2026-08-07T08:50:45,Hyderabad,2a881e5f-0a3,0,8,0
0813870b-c7a4-403a-a1f6-602a5606a104,cdatta@upi,frederickkhurana@upi,3054.97,2026-07-13T14:26:28,Akola,5549160f-884,0,14,0
1474e73d-a863-4020-92bc-90c48987a379,karnikekansh@upi,yauvanicomar@upi,3134.62,2026-07-04T21:50:19,Delhi,9ebe94a8-d7f,0,21,0
5a55d1dd-b4d2-4dfb-86c9-34f8d8b94b2a,gautammerchant@upi,ekaraj45@upi,2206.6,2026-07-12T04:46:56,Chennai,c39bd9f0-2f5,0,9,0
c79d77fb-5fa7-41e9-9372-12352958c173,owen10@upi,aarnavmalhotra@upi,3221.06,2026-08-02T19:12:02,Hyderabad,2a881e5f-0a3,0,19,0
1d249330-d544-40e0-824a-8011849ae5f0,upmavenkataraman@upi,teerth77@upi,3797.53,2026-08-21T21:04:02,Bengaluru,38c9fa48-2f9,0,21,0
0a3454ec-87df-4f93-9509-687804171833,ekbalbhasin@upi,urvashi66@upi,4494.83,2026-09-09T18:00:45,Hyderabad,e8c4512b-b01,0,18,0
53f4bf40-4ee0-4745-94b0-823927b26f89,nattdominic@upi,sidhudaksha@upi,1217.1,2026-08-28T18:02:17,Delhi,a40028bd-8ea,0,18,0
229d57cb-4066-45f5-8b8c-a85e48e9645c,isha34@upi,bhavnakaran@upi,2627.55,2026-07-17T21:42:45,Pune,8fc07b5e-994,0,21,0
6e863cb6-7abe-46ab-a9c2-89acdae20e5a,raksha87@upi,yadavinarula@upi,2895.79,2026-09-21T10:48:32,Hyderabad,cd38bc87-080,0,10,0
1476dc4f-d66a-4154-9e62-b88d2ee75e40,sachdevanikita@upi,theodore28@upi,3873.43,2026-07-29T22:18:21,Pune,84a60f35-56b,0,22,0
ff49cb18-5113-425a-87a7-934699c72fae,ekantika31@upi,qatwal@upi,2665.02,2026-08-19T06:13:29,Mumbai,c10de943-186,0,6,0
d7d7dc15-13fd-407a-b7ee-50008adf9c0c,kibeharsh@upi,aarnavrege@upi,3314.43,2026-08-25T21:46:15,Pune,ff6d3c99-65e,0,21,0
700ede74-dbc9-4d56-900c-f7fc76474baf,jonathansolanki@upi,sahaupkaar@upi,632.82,2026-07-09T20:20:09,Hyderabad,2744506e-bbb,0,20,0
3ef543c9-fade-47b8-b917-ac24379d04ff,hrattan@upi,khatrinathan@upi,4633.63,2026-08-25T08:17:07,Delhi,c3f5975c-ac9,0,8,0
5b0ea72b-c1e7-4421-951a-f51d4be76e45,harrisonrai@upi,nattdominic@upi,1431.61,2026-08-31T08:29:03,Hyderabad,e7816626-028,0,8,0
bff23e43-dc7c-4212-b416-485c18b35484,ikakar@upi,pavani85@upi,122.89,2026-09-10T06:02:06,Pune,4e636d14-cda,0,6,0
36f52887-9f4d-4317-a503-cec4b9efaea9,saumyadey@upi,gauriganguly@upi,699.23,2026-07-05T04:37:21,Hyderabad,a9e6a037-41e,0,19,0
39ea0199-07f4-4846-b0e1-41c7f03e266a,rsathe@upi,qvyas@upi,1641.56,2026-07-21T15:07:29,Kolkata,b4287f0f-ef4,0,15,0
4b70ac92-117d-4608-b8ab-79ff1ddfbd59,aishanibumb@upi,grewalekapad@upi,1885.39,2026-08-27T19:17:08,Akola,27a02a93-b8a,0,19,0
27aada27-e07c-4db6-b532-522d3b6e7382,soodyadavi@upi,ranbir39@upi,2185.79,2026-09-13T13:47:36,Bengaluru,82f6eeaf-083,0,13,0
5bb3fc5a-7f08-45ed-986c-ef40df4a5f0b,avarkey@upi,yadavinarula@upi,1600.69,2026-07-08T09:53:52,Mumbai,2060d1a2-7a7,0,9,0
0724b48b-998e-4a69-9d04-8b743a303341,krishnarama@upi,ekaraj45@upi,1526.1,2026-07-28T09:35:21,Hyderabad,12ee3893-8c0,0,9,0
aeae842a-8a18-4bd8-9d5a-10dbf5463f1f,owen10@upi,nandinibhargava@upi,740.86,2026-09-09T15:53:01,Delhi,2a881e5f-0a3,0,15,0
c3c4d4c0-015e-4f41-8f67-c55e79074c29,rsathe@upi,shroffbhavna@upi,3122.3,2026-09-13T15:52:25,Kolkata,b4287f0f-ef4,0,15,0
e32b6408-15ce-4b54-9db2-8e8315d3cbd8,mray@upi,qpandya@upi,34480.48,2026-08-18T23:42:36,Kolkata,f896750f-7cf,1,23,1
a88284ec-5fe2-4099-84d1-3b114f2d6861,pandeychanchal@upi,mkapadia@upi,1061.71,2026-08-18T18:24:25,Mumbai,864a2d04-55f,0,18,0
8c783af0-5217-48b3-af21-815fba7e05dc,esawhney@upi,soodyadavi@upi,785.84,2026-08-28T17:24:06,Mumbai,23e5b872-dee,0,17,0
f89ce08f-f1d5-43ce-ab53-64d7121b7cb8,bhavani27@upi,jasmitwali@upi,4470.52,2026-09-03T04:50:34,Hyderabad,527b9e26-830,0,16,0
7d9a0b53-30bd-4c0f-b836-65f5461c2585,ekapadjohal@upi,aradhanaverma@upi,1771.88,2026-09-24T00:37:10,Mumbai,057e37c4-ccf,0,14,0
bfebdcfa-373d-4747-9e6b-a78331f03eba,uaurora@upi,urvashi66@upi,1170.39,2026-07-11T11:05:59,Delhi,ee6efdd6-203,0,11,0
55c99f00-5926-47c7-9dbb-7cdfec5044a4,falak10@upi,pushti49@upi,1423.47,2026-08-11T23:47:27,Hyderabad,ddebfabe-8b8,0,23,0
4865439b-9e35-49aa-bcf9-ab3839821b9f,vmerchant@upi,ekapadjohal@upi,4503.45,2026-08-07T05:57:39,Chennai,af2f2527-a1c,0,17,0
3c6c025f-6655-49ee-9ec8-8e035455cec7,aarnavrege@upi,bhavyamandal@upi,4984.88,2026-07-24T08:00:17,Chennai,33daedc4-9e0,0,8,0
55d463be-7c1d-470d-8e89-3d76340c88cb,lalpranav@upi,koshybalveer@upi,2821.25,2026-09-11T06:20:16,Kolkata,4246c913-061,0,6,0
c75946b4-e371-4597-be6e-763c96e9411e,ishakuruvilla@upi,ishakuruvilla@upi,4370.61,2026-08-07T01:42:09,Kolkata,6bc0dd84-3b8,0,13,0
6e7a5725-d46c-4231-a968-ecf8e5101d2e,amaradutta@upi,jyoti29@upi,1641.14,2026-07-12T04:30:17,Chennai,aa02a852-3bd,0,7,0
9260b188-7831-4107-9476-d2c65f90ea77,farhanchada@upi,vinayakanda@upi,1656.58,2026-07-04T09:29:50,Hyderabad,d163c594-7f8,0,9,0
4d2dd851-51ba-41ad-ad83-a17463491e98,khatrinathan@upi,mananbakshi@upi,4852.24,2026-08-19T14:24:36,Akola,67200f98-d64,0,14,0
7855e35a-6f21-483e-872b-6126c64720a0,hyadav@upi,bhagatbrinda@upi,4459.45,2026-08-10T13:59:47,Bengaluru,7662df68-57c,0,13,0
a246f251-8e7e-4239-b12d-d71e8a22e31c,beramax@upi,osharaghavan@upi,1851.68,2026-07-06T19:54:44,Bengaluru,66663ca1-cbd,0,19,0
a9aa1212-c8fe-49fa-a8f6-fb5d3ac0b132,sidhudaksha@upi,pavani85@upi,2270.58,2026-07-27T20:43:29,Mumbai,79c4350e-7bd,0,20,0
87e85e89-5771-4c45-ac95-29bc60c3b76a,henry25@upi,onikannan@upi,4628.39,2026-07-23T07:38:33,Delhi,166aa591-ee1,0,7,0
b8534df4-5a24-4739-af34-9905322dc376,bhandarijyoti@upi,choudhuryjanani@upi,3021.94,2026-08-11T19:00:40,Bengaluru,32dea559-1cb,0,19,0
da5a2ad1-8158-40b2-8fb6-8bfd79f2d581,sahaupkaar@upi,fsamra@upi,1351.6,2026-08-07T04:22:06,Delhi,651e1852-8a4,0,22,0
969bee7f-a3b8-441f-a070-7299930fb6e8,aryasunder@upi,gauriganguly@upi,1772.41,2026-08-31T13:07:42,Akola,4ceb4c19-40d,0,13,0
29fc2390-187e-4ffa-8bba-58eced3c2dfe,esawhney@upi,darsh64@upi,1612.2,2026-09-21T07:29:51,Hyderabad,23e5b872-dee,0,7,0
c58fc33d-6e73-4214-abb5-2bfce6a9ab68,gautammerchant@upi,chandani64@upi,1242.79,2026-07-27T19:10:10,Pune,c39bd9f0-2f5,0,19,0
69ad305a-03d7-494c-8f21-09f4cda23a37,desaiaishani@upi,pushti49@upi,3255.44,2026-07-19T16:34:46,Mumbai,3be7191f-103,0,16,0
d4f4f23e-7933-44ff-a5cf-9a2a91f528db,osharamachandran@upi,patrickvasa@upi,130.59,2026-08-22T01:33:00,Bengaluru,29194246-377,0,21,0
f9faa8ec-8553-4d59-973e-401242d1c12d,fchaudhary@upi,karnikekansh@upi,467.34,2026-09-27T02:24:38,Chennai,062a0cb9-2c4,0,16,0
451e8198-4b63-433d-998a-326f0fc57f8a,yashica40@upi,dharazaan@upi,4756.62,2026-09-10T05:48:15,Pune,4f00d0f2-cb4,0,7,0
e1356907-13a9-46ff-bb1a-e2072a55fcd5,shivansh53@upi,zdeol@upi,23986.93,2026-09-08T04:45:57,Delhi,2ff31f5a-a5c,1,4,1
2cca5996-3897-40ff-96aa-62efc443dd0b,cdatta@upi,urvibhavsar@upi,4490.37,2026-08-18T22:07:51,Akola,5549160f-884,0,22,0
d0a59355-55e9-4e31-953b-97844758f736,farhanchada@upi,henry25@upi,4246.64,2026-07-12T19:27:58,Delhi,d163c594-7f8,0,19,0
516a1666-e47c-47b6-8f9f-b0a3536228fa,beramax@upi,suhani46@upi,1825.48,2026-09-11T11:42:16,Kolkata,66663ca1-cbd,0,11,0
39f51b68-104d-41ac-8f91-f2ca5c3391bc,onikannan@upi,yashawinilanka@upi,2686.15,2026-08-14T20:09:45,Akola,3986b98f-c16,0,20,0
c60149f9-9da4-46a9-887c-2d87d1574c59,chanderwarjas@upi,qatwal@upi,3949.07,2026-08-31T04:24:00,Delhi,803cb4f5-eb2,0,17,0
a3f60deb-fb06-4d47-b2f1-7d2d29075274,cdatta@upi,rudra61@upi,4904.32,2026-08-08T16:13:46,Mumbai,5549160f-884,0,16,0
f8843b25-2c0a-4011-b579-95b077c88c94,ansh98@upi,qwadhwa@upi,3922.91,2026-09-16T05:13:41,Chennai,996b3a25-6da,0,10,0
ed15aeae-b7b1-468a-a23d-8b9be39571d2,indira19@upi,urvibhavsar@upi,1300.77,2026-08-31T00:06:26,Bengaluru,068a185b-655,0,20,0
c3f19880-0e9b-42e4-b6bc-6c36e487b67a,ekbalbhasin@upi,rudra61@upi,2740.92,2026-07-09T05:13:10,Akola,e8c4512b-b01,0,21,0
e11c43aa-ae5a-4db0-a04b-06616fb89749,dayamai55@upi,lakshmi51@upi,67067.27,2026-07-08T03:33:01,Delhi,f7d23322-18b,1,3,1
58e8843b-9ae7-4b02-a446-aa7e6b4553be,darsh64@upi,shroffbhavna@upi,560.96,2026-07-07T16:54:13,Hyderabad,4991f5c6-f24,0,16,0
01af15df-e9fb-445e-9f3a-b8217db62b17,fswamy@upi,droy@upi,1914.46,2026-08-05T15:12:19,Chennai,ffe1ecd3-cab,0,15,0
1211ad7a-c9ae-4e45-af4b-b0e62b7b2d9a,pandeychanchal@upi,jasmitwali@upi,144.67,2026-08-24T01:26:49,Pune,864a2d04-55f,0,11,0
e94d242a-5540-45c2-846e-0bcdf7fd5a7a,odhar@upi,thamanorinder@upi,4570.49,2026-08-29T20:01:27,Bengaluru,0fcd6a35-7c5,0,20,0
d8911cb8-8913-401b-bdde-43e76eac9ce7,xiti28@upi,farhanchada@upi,4583.66,2026-09-15T18:57:23,Akola,4a9d640c-559,0,18,0
1071b9a8-22a5-47b6-80f7-6d50801ec527,khatrinathan@upi,udantbajwa@upi,3579.89,2026-09-11T03:08:29,Delhi,67200f98-d64,0,15,0
dea566fd-01af-4609-8750-44f2e49240ec,gautammerchant@upi,bcherian@upi,2532.42,2026-08-18T12:04:33,Kolkata,c39bd9f0-2f5,0,12,0
06dfa20c-fe1e-43d1-ab35-35bf2d349b04,borramanthan@upi,aarnavmalhotra@upi,19182.73,2026-08-05T01:25:20,Kolkata,ee9685fe-be7,1,1,1
096ada1a-ef28-405b-9b0a-f6e1fa05a2b0,sudiksha89@upi,mray@upi,714.81,2026-09-12T09:39:15,Akola,06dc236b-954,0,9,0
949fc627-cb20-4a94-9173-6f607d6620f6,hyadav@upi,yadavinarula@upi,3538.85,2026-08-04T23:11:55,Kolkata,7662df68-57c,0,23,0
0513ec7b-4555-4161-96b8-985837cbdee4,thamanorinder@upi,amblesamarth@upi,4398.45,2026-09-17T03:48:36,Delhi,2a9bc1a4-1d0,0,18,0
148bcc0b-9047-4fa7-b352-2b3d3e6e9339,sawhneyojas@upi,zarnapathak@upi,3858.33,2026-08-31T00:43:19,Akola,925a5673-7ea,0,15,0
2e83ed03-c0aa-4725-8243-a44ea13b0cdc,finn70@upi,ishaanshenoy@upi,82.52,2026-09-06T03:53:39,Pune,7646228b-fd5,0,13,0
e7c28747-25be-4750-9b9a-66f7dec55e33,qwadhwa@upi,mangalwahab@upi,3128.49,2026-07-06T02:18:07,Bengaluru,d7ea7a98-7ad,0,18,0
b3959d20-e6d3-4f3a-a22a-4661e008cdc7,sahaupkaar@upi,henry25@upi,3560.29,2026-08-24T06:30:20,Mumbai,651e1852-8a4,0,6,0
d26c253b-fe5d-41b4-91d3-ba87b7ffa54f,kakardivya@upi,mananbakshi@upi,999.61,2026-07-22T15:08:37,Chennai,5f331193-cf1,0,15,0
095990c3-3c2f-4f55-a99e-d0d6406171ed,amaradeep@upi,bhatvarenya@upi,3597.46,2026-08-17T11:59:22,Akola,c542da04-786,0,11,0
7e20a88a-bd4d-40eb-9f99-9689b124ba6e,priya51@upi,krishnarama@upi,3508.39,2026-09-07T07:58:42,Bengaluru,5f36b3fa-a9d,0,7,0
e0b3c43d-8ee3-4210-8b0d-532e0f9d7eea,daksh45@upi,janujasankar@upi,2989.92,2026-09-01T07:05:18,Mumbai,072ac257-0f0,0,7,0
9a26f0d0-e6c5-44f5-bc61-b212f999271b,advika35@upi,triyagopal@upi,308.1,2026-07-28T23:28:59,Chennai,c31a4817-673,0,23,0
a5270821-b2d2-42aa-972f-98a92b511d1d,daksh58@upi,fsamra@upi,2714.19,2026-07-27T17:03:59,Pune,b2da648a-195,0,17,0
6aa6cfd9-c12a-4841-af64-cfb0a524c80d,owen10@upi,balangirik@upi,3042.31,2026-09-13T06:31:02,Bengaluru,2a881e5f-0a3,0,6,0
a607294c-f815-4084-b932-37a169f7965e,vedamalhotra@upi,vlanka@upi,2780.13,2026-08-14T14:05:35,Delhi,e558806d-c5f,0,14,0
d87736b0-40ab-4941-b527-2b67432bddd9,lalpranav@upi,qpandya@upi,4462.09,2026-08-17T00:41:52,Bengaluru,4246c913-061,0,12,0
454a0692-805a-4b2a-b2ce-8485ff6647a2,cswaminathan@upi,patrickvasa@upi,159.08,2026-07-15T15:29:56,Pune,46baf193-06b,0,15,0
2f115edc-46b5-4846-b04f-8f879c0369bb,sawhneyojas@upi,kgole@upi,1119.89,2026-07-05T11:53:15,Hyderabad,925a5673-7ea,0,11,0
b88af3b9-d440-4ce3-95b3-4796f7c3d119,aviramesh@upi,ksehgal@upi,991.55,2026-09-05T20:11:01,Kolkata,ce2fa891-0b2,0,20,0
31829067-d527-4221-96e6-746810165ff6,zdeol@upi,yashica46@upi,3522.06,2026-07-11T03:20:22,Bengaluru,500c5ea8-5e7,0,14,0
ef624cab-c86c-4cf8-b7d5-fff4fa1222c7,esawhney@upi,pavani85@upi,1885.63,2026-07-24T04:14:39,Mumbai,23e5b872-dee,0,19,0
e02e7557-627c-4509-8e4a-36ae44b8b733,nihalshere@upi,roak@upi,275.15,2026-08-01T22:12:45,Delhi,fed80d2e-7e6,0,22,0
c6cd0825-d326-4776-9083-4058eef2d095,vedamalhotra@upi,mananbakshi@upi,3320.63,2026-08-06T00:36:02,Hyderabad,e558806d-c5f,0,19,0
a8779c5c-4427-4696-b7e4-2e0f1abbfb22,qnayar@upi,znori@upi,4428.92,2026-08-24T06:55:02,Mumbai,4c2a3569-70e,0,6,0
c3e8ada1-d7c4-4963-b3de-3dbb61bb73ce,udantdewan@upi,bhagatbrinda@upi,3890.46,2026-07-21T07:53:07,Delhi,66e63f8b-6eb,0,7,0
46bbfc81-98a0-4ff9-9a4f-53c013a37fcd,tanvi51@upi,gautammerchant@upi,1845.96,2026-07-11T04:11:32,Akola,df69cfd2-a83,0,15,0
aad0445b-9d29-4354-9586-34cd757a9f0a,amaradutta@upi,amaradeep@upi,1700.14,2026-07-11T21:24:32,Bengaluru,aa02a852-3bd,0,21,0
2ec6871c-dd4a-4bef-aa4e-7d7e4f4fdd51,maneupasna@upi,kabirsoman@upi,4938.88,2026-09-15T11:18:20,Kolkata,e7ceef85-245,0,11,0
4758a314-8fb0-4be8-9f37-b9826a251e78,daksh45@upi,sachdevanikita@upi,1982.61,2026-08-05T08:40:38,Akola,072ac257-0f0,0,8,0
a4e7919e-2b10-4df7-8245-1ee2f5975e98,udantdewan@upi,vamakshi82@upi,3347.09,2026-08-23T11:44:57,Bengaluru,66e63f8b-6eb,0,11,0
ee44b5b8-e419-40ea-ad1d-7558faaadcae,devimatthew@upi,shroffbhavna@upi,2097.12,2026-08-15T17:57:45,Hyderabad,a1b0f18a-d9c,0,17,0
21909719-02f8-4bab-a1b9-5290f6ae3b06,uaurora@upi,upai@upi,384.44,2026-07-16T00:56:51,Mumbai,ee6efdd6-203,0,20,0
7fe237ba-21aa-42aa-bacb-268f71c80220,baraldayamai@upi,zdeol@upi,2433.51,2026-09-11T15:48:26,Kolkata,3f9b0bda-4d2,0,15,0
90dcca3c-2987-480f-9563-6dd1ae9cd1e2,balangirik@upi,koshybalveer@upi,524.38,2026-07-07T07:13:53,Akola,1960d8de-cb3,0,7,0
4312bee0-9528-4346-b012-302ce1409d4f,osachdeva@upi,baraldayamai@upi,1458.58,2026-08-24T21:41:02,Kolkata,5fbc55ef-2de,0,21,0
cbef7132-e7fe-4f62-851a-918c0953c253,janujasankar@upi,bariaazaan@upi,2139.2,2026-08-12T00:28:24,Pune,9939ea42-a08,0,13,0
e85405a7-5515-4a30-8235-107afe81dc78,fswamy@upi,thamanorinder@upi,2136.53,2026-09-15T04:29:00,Bengaluru,ffe1ecd3-cab,0,17,0
ea45cb22-8d92-4945-94fe-08ef7df20436,yashica46@upi,yutika95@upi,1946.02,2026-09-18T19:20:46,Bengaluru,44bc0387-f29,0,19,0
d2b263e8-4bce-4b04-9a97-90753820bca0,pavani85@upi,pchhabra@upi,471.65,2026-09-16T17:21:14,Pune,f45333eb-f0e,0,17,0
faa1b21e-2c73-4099-8007-04c5f863c54b,lakshmi51@upi,koshybalveer@upi,1379.26,2026-08-27T13:12:54,Hyderabad,c26b652f-797,0,13,0
04d61d7e-bd50-407e-af30-653a71300f61,harrisonrai@upi,borramanthan@upi,613.49,2026-08-26T16:31:14,Akola,e7816626-028,0,16,0
06d27235-cb7a-43c8-910f-34586d7199cc,aradhanaverma@upi,ekapadjohal@upi,1917.13,2026-08-10T20:49:26,Chennai,256a1951-b19,0,20,0
ac297db2-274f-4626-9e71-8cd3e4c30ba2,daksh58@upi,gautammerchant@upi,4419.75,2026-09-22T17:07:27,Kolkata,b2da648a-195,0,17,0
7675e436-78c6-4678-bbe4-d2b6e96197df,odhar@upi,shagaurang@upi,1494.64,2026-08-20T16:44:10,Chennai,0fcd6a35-7c5,0,16,0
65e5bcb3-14c1-4492-ac38-1327cb343493,dugalnakul@upi,ekapadjohal@upi,3630.11,2026-09-17T12:45:52,Hyderabad,88e8aa3c-ec0,0,12,0
c57c223b-122e-4a8f-8e91-c047a1829c7f,ranbir39@upi,desaiaishani@upi,2478.23,2026-09-24T14:45:21,Akola,06491864-379,0,14,0
6a014efc-281c-48d5-b0b5-db5c770db6b5,bhagatbrinda@upi,bhavyamandal@upi,4902.21,2026-08-17T01:03:16,Pune,d766091e-4d5,0,21,0
96c5dcc6-ca3c-4b18-9e31-b4d6954c2f08,fsarma@upi,soodyadavi@upi,4702.7,2026-09-12T20:19:08,Chennai,7033c9dc-e9c,0,20,0
895a36c3-845a-4779-9ec1-f7335c8ab9f9,lshere@upi,harini14@upi,4285.82,2026-07-20T14:15:09,Mumbai,39597721-7f3,0,14,0
2d81b8b3-86d9-48bc-b329-138854954ff4,harrisonrai@upi,ekarajbath@upi,3455.26,2026-09-03T17:35:10,Mumbai,e7816626-028,0,17,0
96f28ab4-cd03-4d2c-ace4-998dd754f37c,choudhuryjanani@upi,bhandarijyoti@upi,1231.23,2026-07-05T08:40:19,Delhi,4c93c7d1-a58,0,8,0
af261aa3-d6dc-4ab3-ae06-7e068f1f78a0,randhawaanvi@upi,amblesamarth@upi,4815.1,2026-07-31T03:45:29,Delhi,4e527681-5a1,0,10,0
37bb67e1-568e-4fbe-a9e8-afc47b4a22d1,othakur@upi,alkadewan@upi,3518.59,2026-09-04T00:37:05,Akola,bba7a234-41e,0,17,0
56c220ff-7fd3-4d6b-b603-2c182d4e0e50,amaradutta@upi,mangalwahab@upi,2870.76,2026-08-17T23:54:01,Chennai,aa02a852-3bd,0,23,0
7bb23996-6d18-4b52-907c-847fa607c10e,mananbakshi@upi,ishaanshenoy@upi,4009.5,2026-08-08T18:41:05,Bengaluru,bbc34ec7-2f8,0,18,0
8ba9beb2-bb0d-47c2-976d-22f23e5cbdb5,urvashi66@upi,sachdevanikita@upi,934.66,2026-08-16T14:48:12,Kolkata,f2baea33-475,0,14,0
c28df7a6-ea4e-4cde-b17a-d97f4194ca1d,mray@upi,desaiaishani@upi,2636.28,2026-08-25T10:57:23,Akola,4d9d1830-dbb,0,10,0
34e282d7-c5a2-409d-a942-77f01b105320,pchhabra@upi,pavani85@upi,3454.45,2026-09-04T06:38:36,Akola,cecd6417-13d,0,6,0
b145e397-48d2-4bc5-ba3b-6c34445c7834,zarnapathak@upi,aviramesh@upi,2848.94,2026-07-24T01:35:28,Akola,1812699a-1b3,0,8,0
38b70ecf-4a6f-4e1b-8118-9e41ec455013,chandani64@upi,qpandya@upi,832.88,2026-07-29T17:27:04,Mumbai,0a20b114-3c9,0,17,0
42057785-a0b2-48de-9b83-e7220e2ad45a,aarnavrege@upi,aryasunder@upi,730.9,2026-09-17T10:51:03,Kolkata,33daedc4-9e0,0,10,0
8b63d4c8-a448-48f2-9e67-db5d241e7ed3,choudhuryjanani@upi,gautammerchant@upi,4557.74,2026-08-08T19:17:46,Akola,4c93c7d1-a58,0,19,0
2f56abfe-4a93-46f6-84c1-bd04402cba84,vihaan13@upi,pushtibal@upi,4621.58,2026-08-30T06:34:33,Akola,dda8abfe-645,0,6,0
953557b9-c68f-4c4f-92e7-361afdc9ef9a,vmerchant@upi,pchhabra@upi,930.75,2026-08-23T10:18:18,Delhi,af2f2527-a1c,0,10,0
a772048e-e0dc-446c-94b7-bed6e8fa65de,anamikayohannan@upi,urvashi66@upi,2164.17,2026-07-06T23:46:32,Akola,588457f2-bbd,0,23,0
9c88eebd-9113-4146-935b-fa1b4d4427b0,fswamy@upi,aviramesh@upi,3436.17,2026-07-24T01:11:26,Hyderabad,ffe1ecd3-cab,0,8,0
50eba671-3621-4eb6-90b5-7299a78d5b6f,indira19@upi,grewalekapad@upi,102.21,2026-07-18T11:01:27,Hyderabad,068a185b-655,0,11,0
ef31e7bf-7394-4fb7-8cb0-3243112d1798,finn70@upi,owen10@upi,4076.97,2026-09-04T08:24:30,Mumbai,7646228b-fd5,0,8,0
5638c41b-d7c0-44a9-b0cf-9684a86f464e,raigunbir@upi,dhaliwalupkaar@upi,3906.63,2026-09-13T11:53:07,Delhi,81bf5faf-76e,0,11,0
5b4f7558-602e-4525-a71b-d9a6144e1acf,anamikayohannan@upi,gautammerchant@upi,271.18,2026-08-01T11:16:09,Delhi,588457f2-bbd,0,11,0
3e27a118-8d98-40cf-8b97-f5fe5848b341,modibhavini@upi,yutika95@upi,2657.37,2026-08-09T08:27:09,Bengaluru,2ce18ffb-7ff,0,8,0
dae87709-786b-477d-8331-9f2ea9ec93f0,vmerchant@upi,upai@upi,1868.33,2026-08-31T13:38:21,Hyderabad,af2f2527-a1c,0,13,0
740aec6e-111f-4fad-9aed-e9452002baaa,zdeol@upi,maneupasna@upi,858.84,2026-08-23T00:07:26,Chennai,500c5ea8-5e7,0,15,0
3c751fa6-c3b5-484e-81b7-dd4a5ae69930,ekbalbhasin@upi,jonathansolanki@upi,832.5,2026-08-07T15:09:50,Chennai,e8c4512b-b01,0,15,0
5a7d0ff7-02d3-4769-add6-24b0e312da50,anamikayohannan@upi,gautammerchant@upi,28625.72,2026-08-24T23:03:44,Delhi,a4006d46-b7b,1,23,1
55012a8e-0dd1-43dc-90b8-6e23ecfa8537,kashviedwin@upi,bnayar@upi,341.72,2026-08-16T00:58:40,Kolkata,0696c6bf-850,0,15,0
37dd5c21-dbb2-4c8a-bfd0-c3b1c5419f0f,bhavani27@upi,dhaliwalupkaar@upi,154.98,2026-09-07T12:35:18,Mumbai,527b9e26-830,0,12,0
be82d829-f78c-4113-a40e-a904ceaf0a96,jyoti29@upi,jyoti29@upi,982.38,2026-07-19T14:17:29,Pune,1b8449aa-325,0,14,0
2215a792-9a87-412a-ac07-efdaf14ca2d1,qpandya@upi,yashawinilanka@upi,3938.19,2026-07-16T12:19:31,Kolkata,420fdf64-228,0,12,0
7f269734-5d00-4c7a-84f5-0eb153b82b50,jonathansolanki@upi,eyohannan@upi,627.55,2026-08-20T03:28:19,Mumbai,2744506e-bbb,0,8,0
73cb8e07-af8b-4fcf-920f-4e283d6e513c,bnayar@upi,thamanorinder@upi,2789.37,2026-07-05T00:53:48,Kolkata,9ae0f61e-249,0,14,0
fd918ffd-ef20-479c-81da-11642d2de7b0,finn70@upi,beramax@upi,3747.05,2026-08-24T10:02:20,Kolkata,7646228b-fd5,0,10,0
db7d3f24-4846-412f-8d32-ac48108399e9,aryasunder@upi,indira19@upi,3874.59,2026-08-30T05:17:56,Kolkata,4ceb4c19-40d,0,14,0
81ce0f45-ce3a-4ec4-9f52-40cb0c4f87bd,dhaliwalupkaar@upi,mray@upi,1700.74,2026-09-04T02:09:23,Delhi,7a9a9350-e0a,0,16,0
682434f7-601f-465c-bbc5-cec9baabe36f,bariaazaan@upi,yutika95@upi,2147.98,2026-08-29T01:05:00,Hyderabad,88c64c48-2d1,0,12,0
3ae70fa4-3b93-4356-be7e-fecc4bdb7f6a,rsathe@upi,ekantika31@upi,3283.5,2026-08-25T10:31:40,Mumbai,b4287f0f-ef4,0,10,0
542b35c1-02c2-4f1c-a703-d7e1e6e8d62d,nandinibhargava@upi,anamikayohannan@upi,3123.33,2026-09-05T10:32:32,Bengaluru,48e3bd88-2ee,0,10,0
0b25fae8-b80d-4f00-a080-a4702a62d900,mangalwahab@upi,osharaghavan@upi,3172.62,2026-08-06T09:55:23,Chennai,ddfc0db5-5e5,0,9,0
ea8ed4d2-2e1f-4736-b152-7abbd33938e0,finn70@upi,tanvi51@upi,1114.35,2026-08-20T21:38:38,Akola,7646228b-fd5,0,21,0
696da9bd-0573-4b69-a987-e812146c6ecc,timothy17@upi,oseth@upi,4243.31,2026-07-30T12:29:58,Delhi,7750feff-f48,0,12,0
6b830d1a-133e-492b-b988-ab7f0b8d8f70,diya27@upi,nathanielsami@upi,2622.77,2026-09-24T09:07:23,Pune,ddd946f9-d4c,0,9,0
a69eeb30-5778-490f-8190-e558e998b65a,nandinibhargava@upi,janujasankar@upi,1406.48,2026-08-06T21:16:12,Kolkata,48e3bd88-2ee,0,21,0
31365663-9f8b-4acb-8fce-726595a4b996,charan16@upi,rudra61@upi,2133.31,2026-07-12T10:19:47,Akola,027eadc5-718,0,10,0
b1df2482-2ba5-4aeb-86b7-a1b24b8c08db,ekaraj45@upi,rudra61@upi,80.22,2026-08-03T18:41:27,Bengaluru,9046f951-c5c,0,18,0
4b3852ce-0c01-429d-bcb3-ce86584d29e6,saumyadey@upi,aradhanaverma@upi,3316.2,2026-09-27T14:29:04,Bengaluru,a9e6a037-41e,0,14,0
e273903d-011f-4397-bd61-cf4c718e71d1,oseth@upi,dayamai55@upi,512.27,2026-09-07T03:07:21,Pune,d85c553b-6f2,0,16,0
a26ccc12-808e-479c-8e75-3e7b710669e9,anshbedi@upi,bhatvarenya@upi,3598.1,2026-07-09T02:10:08,Delhi,a7b3a41a-177,0,20,0
49d07e3d-4824-4c96-b299-4f5e1fc428f6,borramanthan@upi,kakardivya@upi,661.9,2026-09-13T01:41:12,Delhi,e997552c-ae6,0,11,0
f778abaf-a70f-44ce-8aed-2512530e73a7,kalpit42@upi,qwadhwa@upi,4997.88,2026-08-07T09:40:13,Hyderabad,25b79fcc-aed,0,9,0
6285df3f-ab4e-45a9-8463-98d8dc098e1a,ekantika31@upi,karnikazad@upi,3380.38,2026-07-12T14:03:21,Delhi,c10de943-186,0,14,0
709b1d3e-d47a-4c86-905d-bc43ac0d6c43,alkadewan@upi,utkarsh52@upi,1637.14,2026-08-15T15:41:19,Akola,a481934d-88c,0,15,0
ada413f3-0324-4604-80bd-34df402e62d9,desaiaishani@upi,trivenipathak@upi,2479.49,2026-07-31T09:06:40,Hyderabad,3be7191f-103,0,9,0
f3e1f520-3fec-4394-bf7b-29657d9b5d91,diya27@upi,krishnanvanya@upi,531.95,2026-09-21T06:28:46,Akola,ddd946f9-d4c,0,6,0
e334ada9-82b4-4567-8f5e-8805bc128bac,alkadewan@upi,pandeychanchal@upi,4737.44,2026-08-03T04:58:18,Kolkata,a481934d-88c,0,16,0
16a5500d-5439-4fde-956f-64514333b3a7,qnayar@upi,znori@upi,2417.68,2026-09-17T00:18:41,Mumbai,4c2a3569-70e,0,18,0
2ba93bdd-4e86-4e52-967d-3356a2b61cb1,dugalnakul@upi,lakshmi51@upi,4807.92,2026-08-23T06:19:20,Hyderabad,88e8aa3c-ec0,0,6,0
1ad43256-f31a-4112-80eb-7d1e7a7d5a2c,vlanka@upi,randhawaanvi@upi,4842.17,2026-08-10T08:14:14,Delhi,a07327ee-ec0,0,8,0
fa7a0225-349e-4c7e-b87a-aec8141ec62f,znori@upi,osachdeva@upi,4603.48,2026-09-26T19:04:34,Kolkata,575ce5f1-951,0,19,0
6df38cc0-1264-40a9-82db-691333823865,avarkey@upi,qpandya@upi,3113.66,2026-08-03T19:09:40,Pune,2060d1a2-7a7,0,19,0
03c3524e-d9ad-4175-b40d-c899a3aaa033,randhawaanvi@upi,beramax@upi,806.56,2026-07-08T19:30:08,Bengaluru,4e527681-5a1,0,19,0
c0780424-ee44-4ef8-ad12-7ba453fb2d95,khatrinathan@upi,qvyas@upi,2295.72,2026-09-12T23:53:08,Pune,67200f98-d64,0,23,0
7d4740b2-d015-48bc-815e-e8953169cf96,dateanvi@upi,eyohannan@upi,609.04,2026-07-14T09:39:57,Chennai,61876a84-17b,0,9,0
46b9076c-e05a-46cf-9af2-547dac7ef5fc,kgole@upi,vinayakanda@upi,89231.84,2026-08-15T02:23:11,Hyderabad,c89b5935-e88,1,2,1
501b6e89-bfed-4f47-98e9-8559ed01d4ef,aarnavrege@upi,hrattan@upi,2881.52,2026-08-31T12:40:30,Kolkata,33daedc4-9e0,0,12,0
ff82b303-f4aa-4be9-bfd6-8e10bdaa0878,fswamy@upi,pavani85@upi,3011.55,2026-09-25T15:01:40,Chennai,ffe1ecd3-cab,0,15,0
1dfabb0d-ef53-4365-a11e-92ce5c860b87,devimatthew@upi,alkadewan@upi,3698.54,2026-08-23T20:27:54,Hyderabad,a1b0f18a-d9c,0,20,0
d4dfacb6-6677-4ef0-ac8d-dc6656b53c17,daksh45@upi,odhar@upi,215.15,2026-08-11T06:45:28,Akola,072ac257-0f0,0,6,0
91e588c7-9ec0-450e-9eee-b064736a4763,alkadewan@upi,atharv13@upi,2290.45,2026-09-23T19:17:21,Akola,a481934d-88c,0,19,0
20280e1b-5191-4674-832b-e344f5f95b61,lalpranav@upi,theodore28@upi,1754.03,2026-07-20T00:29:17,Hyderabad,4246c913-061,0,9,0
9eff1b00-9f2d-45a2-9616-d2f695ab3dab,esawhney@upi,fsamra@upi,725.09,2026-09-18T18:37:05,Chennai,23e5b872-dee,0,18,0
d2729a7d-3b8a-472b-8f14-b3d116ee91b6,baldevika@upi,henry25@upi,1684.95,2026-08-09T04:21:01,Kolkata,d32ca56c-31d,0,10,0
4800602b-61c7-4dc7-8d88-bfb85f45f10e,pradhankalpit@upi,yashica46@upi,1201.49,2026-07-04T11:09:55,Pune,4db802c1-9ff,0,11,0
d49edea8-6c89-48db-bc45-8ca87c4ed024,janujasankar@upi,shagaurang@upi,1689.0,2026-07-08T04:25:35,Delhi,9939ea42-a08,0,8,0
7aebc363-5be0-47ef-986d-6a8f01314c01,bhavyamandal@upi,amblesamarth@upi,2306.84,2026-07-12T01:30:40,Bengaluru,dc1c0b6c-2bd,0,12,0
534ddcc4-9276-4d91-9db0-020b209bc165,kashviedwin@upi,harini14@upi,3917.35,2026-08-17T05:55:01,Hyderabad,0696c6bf-850,0,13,0
61151db3-bae8-49ed-a455-93c83358cd3d,baraldayamai@upi,ansh98@upi,3144.81,2026-08-29T12:50:43,Chennai,3f9b0bda-4d2,0,12,0
5cde9f6a-a08f-4e9e-9a71-d1ff2fbd445a,sidhudaksha@upi,anshbedi@upi,4162.12,2026-07-06T07:26:43,Delhi,79c4350e-7bd,0,7,0
6b4fcd07-f6ca-42b9-99e1-02ad96123b9b,ekaraj45@upi,urvibhavsar@upi,2725.18,2026-08-31T23:54:44,Mumbai,9046f951-c5c,0,23,0
7ac30327-5b62-4848-bc94-53d1e01363ef,tanvi51@upi,beramax@upi,1843.0,2026-07-29T16:03:23,Delhi,df69cfd2-a83,0,16,0
fb6555a9-29db-4227-91ea-457bd406a407,ansh98@upi,aviramesh@upi,3965.83,2026-08-21T21:51:22,Pune,996b3a25-6da,0,21,0
729dc430-49dd-41a2-ac2f-d69f9d50bdb5,amaradutta@upi,devimatthew@upi,4969.01,2026-09-14T14:43:49,Kolkata,aa02a852-3bd,0,14,0
6e7633f1-e81c-46e1-9219-d1581441581f,choudhuryjanani@upi,suhaninarain@upi,266.84,2026-09-09T00:33:01,Pune,4c93c7d1-a58,0,8,0
db173b5a-0b41-43d6-88e7-653585d6e4b0,amblesamarth@upi,indirakanda@upi,890.84,2026-07-17T21:50:06,Kolkata,8afd62cd-bcc,0,21,0
684bee43-f530-49af-8587-abcfe3a4bebd,dugalnakul@upi,eyohannan@upi,3330.26,2026-09-03T17:32:42,Bengaluru,88e8aa3c-ec0,0,17,0
5ff42e99-dc28-4b24-a405-7028aaf69137,yutika95@upi,kom@upi,2099.25,2026-08-05T08:11:37,Bengaluru,534764bd-7d8,0,8,0
def250d8-57b4-4de2-a4f3-c840999d9e82,faqidsavant@upi,mananbakshi@upi,84.21,2026-09-13T23:24:56,Hyderabad,1ca35c16-a10,0,23,0
c342b629-e3e3-4a98-a1b3-2f190bd994e1,qpandya@upi,gauriganguly@upi,3481.22,2026-07-30T20:56:42,Akola,420fdf64-228,0,20,0
5f9cd9cb-8b9a-4da0-a7b2-9944efb706f8,raigunbir@upi,zaidchauhan@upi,2860.56,2026-07-26T18:03:15,Delhi,81bf5faf-76e,0,18,0
b3139147-6a05-4afa-b932-872352b924b4,zaidchauhan@upi,aarnavrege@upi,3635.78,2026-07-19T19:46:37,Hyderabad,f25fae62-8b8,0,19,0
968b3e2d-a006-4780-abee-0b4d6922252c,rsathe@upi,thamanorinder@upi,4190.31,2026-07-18T01:19:10,Pune,b4287f0f-ef4,0,8,0
8059df59-7263-4892-aaa3-4e62cb1813a3,sidhudaksha@upi,zarnapathak@upi,1158.45,2026-08-05T04:00:12,Pune,79c4350e-7bd,0,16,0
9a729ca7-fbe7-4758-8d26-4673c7046511,janujasankar@upi,timothy17@upi,1169.9,2026-07-28T20:31:56,Hyderabad,9939ea42-a08,0,20,0
449ef334-931e-41ca-9633-c1bf46a93c67,nandinibhargava@upi,sarinanirudh@upi,267.33,2026-09-16T04:56:16,Mumbai,48e3bd88-2ee,0,13,0
2ef0c5e2-5702-4475-a2ca-3ee4456b027f,shroffbhavna@upi,pushti49@upi,3304.0,2026-09-16T05:58:16,Akola,b34f4617-f13,0,15,0
a332c278-1679-4aa8-a4a6-a6e5b87c18d3,hritikpalla@upi,diya27@upi,3821.66,2026-09-06T13:45:06,Kolkata,72907c22-57a,0,13,0
b5723bbf-599c-4fdd-9aa2-9d877d93e652,ekapadjohal@upi,shagaurang@upi,1434.31,2026-07-01T17:07:24,Hyderabad,057e37c4-ccf,0,17,0
0f5aca49-858e-4806-a056-162cdd025ed7,beramax@upi,henry25@upi,3809.49,2026-08-27T11:25:20,Akola,66663ca1-cbd,0,11,0
c7279d86-0a8a-4b47-b1c6-70a2168525bb,mananbakshi@upi,frederickkhurana@upi,3046.66,2026-09-07T04:21:46,Chennai,bbc34ec7-2f8,0,15,0
f791370d-1b36-481e-add9-7df9fbb72eef,suhaninarain@upi,vedamalhotra@upi,3868.58,2026-07-29T15:49:41,Mumbai,eeef38f2-0d4,0,15,0
eaa2f26c-60e0-4b7b-9a83-28a884d58d88,pchhabra@upi,beramax@upi,469.65,2026-07-31T01:27:41,Akola,cecd6417-13d,0,19,0
b74afb03-b044-4f7c-8fa9-7dd8df935063,onikannan@upi,daksh58@upi,4216.26,2026-09-12T03:00:52,Pune,3986b98f-c16,0,11,0
b3951b9c-052d-47b0-91c6-8047d1e8719a,udantdewan@upi,rajanranveer@upi,4686.6,2026-07-30T16:50:27,Bengaluru,66e63f8b-6eb,0,16,0
7f124e3f-35e8-4625-bac9-76b8c3dc1048,cswaminathan@upi,indirakanda@upi,1836.44,2026-08-13T03:09:56,Akola,46baf193-06b,0,21,0
a12f7982-fdaf-4331-9c9d-1793222d620c,vihaan13@upi,dugalnakul@upi,2024.35,2026-09-26T08:25:58,Bengaluru,dda8abfe-645,0,8,0
ab108d91-faca-47e8-ad76-6f9d8c8100a0,fsamra@upi,karnikazad@upi,2227.5,2026-07-10T02:01:22,Pune,16d95fa1-3ca,0,9,0
483a63cb-9626-43a4-961f-7566d0d3303f,sidhudaksha@upi,yashawinilanka@upi,3734.73,2026-08-20T21:55:33,Mumbai,79c4350e-7bd,0,21,0
3a3eff10-29e2-4bb7-bc01-3b7c48c56330,rajanranveer@upi,trivenipathak@upi,2710.07,2026-07-01T15:44:35,Delhi,d345db24-261,0,15,0
c2674567-3130-4733-bb69-855c256bf9e7,farhanchada@upi,ikakar@upi,3038.38,2026-07-29T20:16:13,Mumbai,d163c594-7f8,0,20,0
462c5208-10d3-483a-b731-0b1c52c9ccab,petersachar@upi,krishnanvanya@upi,4770.74,2026-08-23T07:56:58,Hyderabad,dc7609f9-ab8,0,7,0
3706fcb6-90a5-4595-a07f-b8ab14fb5bb3,yashica46@upi,ojasvi77@upi,4572.04,2026-09-11T19:56:34,Delhi,44bc0387-f29,0,19,0
79c90780-3fb1-4849-85ea-4a78b40087ea,bhattvamakshi@upi,triyagopal@upi,3498.7,2026-09-08T08:10:04,Bengaluru,b4b08621-6b3,0,8,0
fb07151f-0720-45ff-9898-691f649aa89d,amblesamarth@upi,teerth09@upi,4051.65,2026-07-09T13:41:22,Pune,8afd62cd-bcc,0,13,0
906f571f-ccab-4f76-bb74-f9b21a5e5728,kibeharsh@upi,znori@upi,551.06,2026-09-15T04:38:49,Pune,ff6d3c99-65e,0,19,0
2842b039-4fec-42da-b918-f5358cdecab9,osachdeva@upi,kgole@upi,42426.94,2026-07-13T04:58:10,Mumbai,379613b5-fa9,1,4,1
6afb01e4-8872-4274-a8b2-3176cd34d771,qvyas@upi,petersachar@upi,4341.03,2026-08-18T02:15:16,Delhi,e316ffc2-72c,0,13,0
60a350a4-97dc-49da-97ee-58fca15a9511,hritikpalla@upi,eyohannan@upi,557.81,2026-09-11T04:55:50,Mumbai,72907c22-57a,0,16,0
749db335-ed90-48b6-9633-8dd80b374349,saumyadey@upi,dharazaan@upi,2764.75,2026-08-20T14:54:27,Mumbai,a9e6a037-41e,0,14,0
9fdc5e08-7eeb-4326-be49-f812235dc23a,hyadav@upi,priya51@upi,4892.26,2026-07-15T04:11:08,Kolkata,7662df68-57c,0,18,0
dc59756f-49c5-4d45-b98e-ef7349e1dfa2,amol24@upi,kabirsoman@upi,2978.33,2026-08-09T20:44:35,Kolkata,8937ded1-b0c,0,20,0
b798363c-cfe7-41d8-ace4-b80e01927ad0,amaradeep@upi,sidhudaksha@upi,2463.16,2026-06-29T23:30:14,Delhi,c542da04-786,0,23,0
0f2bf0b1-bfba-47a4-9335-b1b76540e61f,modibhavini@upi,yauvanicomar@upi,1006.64,2026-07-15T23:28:12,Mumbai,2ce18ffb-7ff,0,23,0
2e83030a-182b-4f9d-bf4e-0bf7cf2546ca,ikakar@upi,zdeol@upi,1395.71,2026-08-13T01:20:38,Kolkata,4e636d14-cda,0,9,0
a1c3ba78-c874-4ce6-9f60-86c7b1cb8963,ishaanshenoy@upi,aryasunder@upi,1335.45,2026-08-13T02:44:09,Mumbai,d25bdbcf-05d,0,10,0
efcc6555-2b7e-471a-98e5-c65cad3d3e2c,ansh98@upi,onikannan@upi,1497.85,2026-08-26T15:30:51,Chennai,996b3a25-6da,0,15,0
4f8b6d8d-577a-450a-a90d-6d4763c01c8b,hrattan@upi,aviramesh@upi,4327.61,2026-08-12T11:08:34,Chennai,c3f5975c-ac9,0,11,0
6b314685-2fc9-49f8-b60d-72db255fcd59,zaidchauhan@upi,twalia@upi,85069.93,2026-08-24T04:40:42,Mumbai,01cd1f63-51a,1,4,1
faee9a89-b95c-4014-a630-eeda4613ada0,borramanthan@upi,ekaraj45@upi,4852.41,2026-09-01T09:42:21,Chennai,e997552c-ae6,0,9,0
ce4eb701-9a03-4e92-93f3-c999f541171b,sawhneyojas@upi,nihalshere@upi,2834.31,2026-09-12T15:18:15,Mumbai,925a5673-7ea,0,15,0
727795b4-354f-401e-95f5-20e56e335270,upmavenkataraman@upi,sudiksha89@upi,2861.84,2026-07-22T17:27:34,Chennai,38c9fa48-2f9,0,17,0
b1072333-61fc-4e16-8055-7ad6c66d8adf,zaidchauhan@upi,dateanvi@upi,3586.5,2026-07-31T21:45:59,Bengaluru,f25fae62-8b8,0,21,0
e06824d5-6f2d-46dd-bd34-7ecae7c438b1,uchandran@upi,rudra61@upi,3811.55,2026-09-13T13:25:42,Pune,ea9893d5-713,0,13,0
140eda9f-d0fd-4409-a467-f2a33367dc99,rudra61@upi,kibeharsh@upi,2144.04,2026-07-23T19:43:57,Kolkata,6ae81ea1-31b,0,19,0
ee70aa3f-bbb2-4c7f-affd-de1c8ffa4fa4,ojasvi77@upi,ishakuruvilla@upi,4078.88,2026-07-05T21:18:45,Chennai,436c8c6f-1ee,0,21,0
55db0be8-020c-4b55-bcb9-50decc1e453a,saumyadey@upi,cswaminathan@upi,3374.84,2026-07-07T08:29:28,Hyderabad,a9e6a037-41e,0,8,0
b762ec55-5816-466c-a3d5-93e732ce53d8,kibeharsh@upi,oseth@upi,4149.52,2026-09-03T09:37:28,Chennai,ff6d3c99-65e,0,9,0
281875e5-b597-41b7-b186-64b9c14dc5b9,alkadewan@upi,mangalwahab@upi,534.17,2026-07-16T22:39:11,Chennai,a481934d-88c,0,22,0
7f73ff86-39f3-4abc-9bd2-ccb74ad1dde1,rajanranveer@upi,bariaazaan@upi,4887.91,2026-08-22T04:29:21,Bengaluru,d345db24-261,0,19,0
ecb7f4f1-8d8f-42ba-a0b0-b496a00e2a15,mangalwahab@upi,osachdeva@upi,3078.92,2026-09-18T07:44:36,Delhi,ddfc0db5-5e5,0,7,0
ca4e6051-b5f9-4939-951e-2386824cf167,petersachar@upi,charan16@upi,2157.31,2026-09-20T21:49:14,Chennai,dc7609f9-ab8,0,21,0
df817c4e-a3b1-4daa-9da6-d8d1fb0e6945,upai@upi,frederickkhurana@upi,3491.2,2026-08-16T04:18:39,Mumbai,eb6db7d5-b4b,0,16,0
3976ad81-4c0b-48e7-99be-4c22db8ff36b,aarnavrege@upi,nihalshere@upi,3300.84,2026-07-21T12:15:43,Pune,33daedc4-9e0,0,12,0
9d1560cd-7b1b-4a60-bf51-153c41688467,hritikpalla@upi,alkadewan@upi,218.71,2026-09-15T02:29:55,Kolkata,72907c22-57a,0,8,0
3ca380b0-3fba-4317-979f-393550b5e3bd,dharazaan@upi,jkohli@upi,3257.83,2026-07-29T22:42:39,Hyderabad,f6dfa22f-783,0,22,0
54c4e02f-4d82-48a1-8325-94683c50cd24,cdatta@upi,krishnanvanya@upi,2456.43,2026-08-18T22:57:28,Kolkata,5549160f-884,0,22,0
589d4960-3a60-4724-8c01-61ea935b8891,mangalwahab@upi,daksh45@upi,3929.77,2026-09-10T02:31:03,Chennai,ddfc0db5-5e5,0,8,0
705cf709-ea0e-4593-b46a-d0de2c8b1b36,mkapadia@upi,harini14@upi,3830.19,2026-08-17T04:14:35,Bengaluru,7e9eef66-f41,0,21,0
f6de3827-cf32-45b0-be5d-286e0823ac23,jasmitwali@upi,amaradeep@upi,1986.39,2026-08-23T05:35:48,Delhi,c7e0aeac-11c,0,21,0
2f1fc740-278e-4434-9efb-20b616a7b71c,sudiksha89@upi,nattdominic@upi,664.68,2026-07-17T02:45:02,Hyderabad,06dc236b-954,0,20,0
983b3ce4-72b1-44e4-ad36-5d56401e6e95,jonathansolanki@upi,desaiaishani@upi,3333.87,2026-08-18T11:28:28,Hyderabad,2744506e-bbb,0,11,0
89196f08-4bf9-4e1d-8627-5809450bc906,rudra61@upi,nandinibhargava@upi,1620.56,2026-09-19T03:40:23,Kolkata,6ae81ea1-31b,0,13,0
ab30913c-71ef-48ab-9a6d-1ef20e877a7a,urvashi66@upi,daksh58@upi,234.99,2026-08-20T20:47:00,Chennai,f2baea33-475,0,20,0
a04e92de-38d8-4547-aa06-aadfef8c9da2,dugalnakul@upi,fchaudhary@upi,3185.01,2026-08-12T20:27:04,Pune,88e8aa3c-ec0,0,20,0
69fff9d3-c717-4d45-abac-01f847582d70,petersachar@upi,maneupasna@upi,2564.35,2026-07-08T18:46:37,Chennai,dc7609f9-ab8,0,18,0
c1a5b734-ad22-4d29-84ec-6a0d1a842345,advika35@upi,amaradeep@upi,31795.71,2026-09-18T04:57:35,Delhi,44ef4a96-965,1,4,1
aaf2f9bf-36f2-4554-aeed-07766a331f57,upai@upi,karnikazad@upi,2632.73,2026-08-08T23:31:39,Pune,eb6db7d5-b4b,0,23,0
9ca33d4d-0468-427d-97f2-2896bbb309f7,shagaurang@upi,xiti28@upi,471.91,2026-08-05T00:16:16,Akola,f2695b17-da3,0,20,0
6805e1dd-6d16-4f78-9c26-6681501a20b3,ekarajbath@upi,kgole@upi,1984.03,2026-09-16T18:33:36,Delhi,9134902d-876,0,18,0
58e9383f-4a5e-4ef8-9075-d51552843492,finn70@upi,pavani85@upi,874.89,2026-07-09T03:19:43,Kolkata,7646228b-fd5,0,18,0
d0a5b874-2491-4afb-ab8e-3058b4594444,sarinanirudh@upi,frederickkhurana@upi,3028.63,2026-07-22T12:10:42,Akola,6f6b6ab6-2ba,0,12,0
be737643-1c52-4602-bcfb-b5209f802fef,nattdominic@upi,ojasvi77@upi,1482.84,2026-07-04T04:53:10,Kolkata,a40028bd-8ea,0,8,0
307a3439-8076-403a-81d4-4157db878167,qvyas@upi,yauvanicomar@upi,2257.61,2026-07-15T12:45:31,Pune,e316ffc2-72c,0,12,0
cd2c2fe9-b4b9-4e6e-a803-55d06a85c015,yadavinarula@upi,randhawaanvi@upi,3202.65,2026-09-23T07:31:49,Hyderabad,2dbf9870-7bf,0,7,0
88d8a939-32db-4865-b14d-e835b489e294,raksha87@upi,udantdewan@upi,1505.21,2026-07-13T09:27:52,Mumbai,cd38bc87-080,0,9,0
56317309-fd95-4113-b2df-ad191d391753,thamanorinder@upi,pushti49@upi,4767.37,2026-08-23T21:11:17,Kolkata,2a9bc1a4-1d0,0,21,0
fd7b3ffb-47bb-47c1-8e04-1ec5b7c93ff2,ssahni@upi,priya51@upi,2561.32,2026-08-19T01:00:23,Hyderabad,5a5477fd-633,0,21,0
f4a2005d-1d56-454a-9477-fb85e7472902,rudra61@upi,cdatta@upi,1910.99,2026-09-12T20:02:05,Bengaluru,6ae81ea1-31b,0,20,0
70b86718-f5ba-453b-b5e5-71cb592201e5,nidhikohli@upi,henry25@upi,89.45,2026-07-02T19:41:19,Pune,1cd764a8-258,0,19,0
82cb36c3-9c32-4956-ab1b-bf93ecafcd07,raigunbir@upi,chakradevbarad@upi,3743.24,2026-07-17T15:32:42,Akola,81bf5faf-76e,0,15,0
0f61b5ea-70dd-4a5b-96c5-9bfb4b1e3c0e,amaradeep@upi,nandinibhargava@upi,1399.72,2026-07-23T20:14:11,Chennai,c542da04-786,0,20,0
ed0804f5-917c-4ac3-95a0-dfbf27f87514,priya51@upi,shroffbhavna@upi,2054.09,2026-07-02T21:55:35,Mumbai,5f36b3fa-a9d,0,21,0
c88f8d55-47bc-4221-8b5a-cfa105527955,aradhanaverma@upi,patrickvasa@upi,520.24,2026-07-03T00:33:23,Mumbai,256a1951-b19,0,7,0
9a57fcf2-4f88-45b8-a33b-8df67d14a9ca,sahaupkaar@upi,osharamachandran@upi,683.03,2026-07-08T05:09:31,Bengaluru,651e1852-8a4,0,11,0
7dc8c4a4-5abb-4678-abbf-66ff359538c0,grewalekapad@upi,onikannan@upi,426.18,2026-08-28T10:21:04,Pune,48f0b03d-9d3,0,10,0
05de5278-81d8-447c-a3ec-5a8be657df82,odhar@upi,falak10@upi,703.32,2026-07-11T00:35:59,Chennai,0fcd6a35-7c5,0,18,0
ef5aacb2-65dd-40f3-b105-47ef013c2a3c,ishaanshenoy@upi,amaradeep@upi,1904.77,2026-08-22T18:09:51,Bengaluru,d25bdbcf-05d,0,18,0
7426fcea-bf88-427f-8a98-efecbbdd8a57,pchhabra@upi,pchhabra@upi,2468.46,2026-08-14T09:14:06,Pune,cecd6417-13d,0,9,0
05d74061-0e06-47b7-b169-6ddeaec6863f,aryasunder@upi,ansh98@upi,4196.19,2026-08-15T00:46:53,Chennai,4ceb4c19-40d,0,19,0
6feb1898-b8da-4b35-b6fc-d4dab5d4f9ae,yashodadeshpande@upi,modibhavini@upi,2930.68,2026-07-12T16:58:44,Delhi,976e20dc-d26,0,16,0
86e3375f-92b1-498d-80aa-0febfabaf0b5,jkohli@upi,kabirsoman@upi,3672.94,2026-07-28T10:59:11,Delhi,009786b3-cbb,0,10,0
95a7467a-60ae-4b7f-bf61-7a0a42beb113,hritikpalla@upi,nattdominic@upi,848.21,2026-07-25T20:00:28,Delhi,72907c22-57a,0,20,0
5fe9821a-3f65-4de1-b55d-377c9c4f7606,dateanvi@upi,rudra61@upi,3988.48,2026-07-19T10:05:45,Hyderabad,61876a84-17b,0,10,0
ddd563c1-be31-49ce-b790-73430cdb7e57,zdeol@upi,fchaudhary@upi,3844.03,2026-08-25T03:02:06,Hyderabad,500c5ea8-5e7,0,17,0
82a3eeff-988e-4867-85f4-4f27cc53ac96,kalpit42@upi,krishnanvanya@upi,4898.46,2026-08-02T21:13:13,Kolkata,25b79fcc-aed,0,21,0
5a59f1d0-bad2-4e1c-b258-f4d0a5cee083,rsathe@upi,onadig@upi,2125.56,2026-09-14T14:52:06,Hyderabad,b4287f0f-ef4,0,14,0
4a72cf32-1e62-4d91-b58f-b96db7114721,bhatvarenya@upi,ekbalbhasin@upi,4302.11,2026-07-16T20:05:06,Pune,e7b4cbd8-66d,0,20,0
cbf5775e-fd5e-482b-bc1b-9112cbc8b42c,timothy17@upi,grewalekapad@upi,4820.75,2026-09-04T08:21:54,Kolkata,7750feff-f48,0,8,0
28ee9878-fe0a-45d2-b037-aee1b6364bdc,janujasankar@upi,qpandya@upi,1591.32,2026-08-12T14:57:30,Akola,9939ea42-a08,0,14,0
c3f7762a-3067-4cda-8e43-72d89fcac047,zdeol@upi,indira19@upi,68369.54,2026-07-23T04:32:05,Delhi,5cdd316a-85b,1,4,1
467c3a91-643c-411c-9d7d-05e610cf9b23,yashawinilanka@upi,nihalshere@upi,2716.31,2026-07-02T17:57:39,Kolkata,f77e4bb1-6bd,0,17,0
c56e90d6-4ccd-4e92-804a-bdcac21c05fa,uaurora@upi,raigunbir@upi,497.58,2026-07-17T01:36:53,Hyderabad,ee6efdd6-203,0,8,0
786a98a3-ed97-4f5d-a068-2d2cfa789bc9,bhagatbrinda@upi,vmerchant@upi,3752.48,2026-07-27T09:40:16,Mumbai,d766091e-4d5,0,9,0
9a10c59d-adc3-4749-94ef-f026886e2922,dharazaan@upi,daksh45@upi,1350.25,2026-07-14T07:27:50,Kolkata,f6dfa22f-783,0,7,0
87708aa5-4936-4433-b69b-4b15d4e1f0f8,ekbalbhasin@upi,dayamai55@upi,2392.64,2026-09-10T07:06:53,Akola,e8c4512b-b01,0,7,0
7b30076d-f69f-492d-b22d-82406ba57476,aarnavmalhotra@upi,patrickvasa@upi,2853.29,2026-08-22T12:42:16,Chennai,de316df9-cc5,0,12,0
87e64132-1a41-4400-b762-7b8b61ec50cf,rsathe@upi,yadavinarula@upi,2876.36,2026-09-16T21:15:02,Chennai,b4287f0f-ef4,0,21,0
d54e99c7-ee9d-4a39-a1c8-fbeb6a035757,jyoti29@upi,gauriganguly@upi,56966.11,2026-07-17T02:15:49,Bengaluru,3f5476f8-0c7,1,2,1
1f33eee0-0549-4984-a206-5182553d8fd2,fchaudhary@upi,onikannan@upi,3612.71,2026-07-13T07:34:09,Pune,062a0cb9-2c4,0,7,0
f5165ff8-7069-45af-88eb-78061abde932,uaurora@upi,suhani46@upi,4354.62,2026-07-31T07:09:41,Chennai,ee6efdd6-203,0,7,0
f2808134-1b7b-4e60-a164-6a3ede91c77b,indali23@upi,osharamachandran@upi,2395.1,2026-09-25T03:57:14,Chennai,56169905-4e3,0,8,0
b52d3043-0716-41f4-a853-b3ac5a8df79b,osharamachandran@upi,kalpit42@upi,2423.0,2026-09-07T19:20:27,Akola,29194246-377,0,19,0
288b616e-78e7-4a29-bc1e-60f2149e6e78,aishanibumb@upi,aarnavmalhotra@upi,3649.04,2026-08-06T00:23:46,Akola,27a02a93-b8a,0,20,0
228318a0-6127-4a66-b27d-55a1b71a5a1a,dateanvi@upi,lakshmi51@upi,2734.73,2026-09-05T18:33:08,Akola,61876a84-17b,0,18,0
0e3818bc-5185-4e6f-a561-06b574ae091c,aryasunder@upi,sidhudaksha@upi,1937.79,2026-08-14T21:44:14,Delhi,4ceb4c19-40d,0,21,0
fb475c62-e274-456e-8e9f-e5b029d2d46c,charan16@upi,frederickkhurana@upi,950.35,2026-07-07T00:28:27,Chennai,027eadc5-718,0,14,0
2ef9c25a-965b-4a10-a00e-e53635b5cdb9,droy@upi,desaiaishani@upi,4021.21,2026-08-29T23:22:57,Kolkata,554ccb59-53a,0,23,0
11c11557-6d47-4a58-8a1e-63006f4afba8,droy@upi,aarnavrege@upi,3355.54,2026-07-23T06:06:00,Kolkata,554ccb59-53a,0,6,0
3abbb745-1d5a-4c84-9fc4-e0b4c8333a79,urvashi66@upi,othakur@upi,1450.05,2026-07-25T15:14:43,Hyderabad,f2baea33-475,0,15,0
1634fda4-3aa0-4d0c-ae76-c4c4a5adc614,qatwal@upi,osachdeva@upi,4181.25,2026-07-04T19:19:43,Bengaluru,cc16e930-bee,0,19,0
9a5e581d-cea1-4adb-8eee-32df3786aff8,uaurora@upi,shagaurang@upi,4740.57,2026-08-13T20:23:27,Pune,ee6efdd6-203,0,20,0
52c7aad8-5484-4928-aa60-907e47a11513,udantbajwa@upi,pradhankalpit@upi,532.31,2026-09-05T11:52:15,Pune,cce36fe7-c93,0,11,0
5803cb99-8f37-4d9c-a060-9e6c48d6aa2e,henry25@upi,gauriganguly@upi,4215.99,2026-07-03T06:25:08,Chennai,166aa591-ee1,0,6,0
97ccf78e-794c-4e6b-a75f-6813c26b92bd,finn70@upi,bcherian@upi,4892.77,2026-09-04T17:00:34,Delhi,7646228b-fd5,0,17,0
e46e797b-fbe4-4c2d-bef1-61c4caad739a,fswamy@upi,uaurora@upi,2701.9,2026-09-05T07:56:16,Hyderabad,ffe1ecd3-cab,0,7,0
168a3f53-76a8-4069-bb18-c61cf22066d4,dayamai55@upi,chanderwarjas@upi,739.48,2026-06-30T06:53:44,Akola,4e7f1479-d7f,0,6,0
bf289737-ea6f-4333-8b3f-7767f63cef02,soodyadavi@upi,advika35@upi,8077.58,2026-09-08T04:26:09,Bengaluru,50b6c4b9-513,1,4,1
9bc379c9-450e-4cfe-b5c0-5955721b6b79,urvashi66@upi,yashica46@upi,1673.43,2026-07-04T03:18:20,Akola,f2baea33-475,0,12,0
807e1caa-359c-4dbf-9bd0-1ae5ad3a2cb2,yashawinilanka@upi,znori@upi,2853.47,2026-08-05T15:22:30,Bengaluru,f77e4bb1-6bd,0,15,0
e9fdebc9-77d1-443f-b52a-013444280d3c,odhar@upi,bhavani27@upi,4347.88,2026-07-29T03:23:33,Akola,0fcd6a35-7c5,0,20,0
6a0dcb74-e68f-4ddd-8c5d-f0abab3a7023,dayamai55@upi,anamikayohannan@upi,1945.63,2026-09-05T13:46:27,Kolkata,4e7f1479-d7f,0,13,0
9dd7e82f-0d3f-435d-a59d-d913388f1c54,triyagopal@upi,henry25@upi,4340.53,2026-08-05T23:51:01,Delhi,6fa13b38-3c4,0,23,0
d81d70ba-52ac-4baa-a62d-c7a83563eae0,uchandran@upi,znori@upi,2163.92,2026-08-27T23:45:16,Akola,ea9893d5-713,0,23,0
48035252-93dc-4e77-a378-4201f9ed0fd0,rsathe@upi,owen10@upi,1538.65,2026-09-06T04:16:45,Bengaluru,b4287f0f-ef4,0,21,0
e289941a-fb2d-43d1-8987-b06cb31e7b4f,bhavnakaran@upi,petersachar@upi,167.24,2026-08-07T15:37:15,Chennai,acdecfc2-24d,0,15,0
1f98c0c3-332e-40e2-b3a2-2900a0d1c80e,qwadhwa@upi,vedamalhotra@upi,4273.99,2026-09-21T09:09:45,Chennai,d7ea7a98-7ad,0,9,0
4761c43b-f132-4953-9074-5cb8a3a68f4f,indira19@upi,aviramesh@upi,2550.38,2026-09-08T01:29:41,Delhi,068a185b-655,0,7,0
87efc75d-aa11-46a1-b7b1-839971eda8f4,osachdeva@upi,grewalekapad@upi,4093.39,2026-08-09T04:53:56,Pune,5fbc55ef-2de,0,17,0
c4f902c3-a779-4cff-90bd-349ff993aeab,yashodadeshpande@upi,isha34@upi,700.52,2026-09-08T16:18:02,Delhi,976e20dc-d26,0,16,0
53af95b8-474d-4d35-856b-fc6bddf0b9e4,khatrinathan@upi,karnikazad@upi,1420.67,2026-09-05T00:23:59,Bengaluru,67200f98-d64,0,18,0
d4e93e83-0a0b-4fbf-840d-ded66bfa5fa9,pandeychanchal@upi,anshbedi@upi,856.56,2026-07-30T23:08:03,Chennai,864a2d04-55f,0,23,0
26bed135-3220-4b9e-96ce-c40b82b92601,janujasankar@upi,pchhabra@upi,1819.76,2026-09-19T22:41:21,Kolkata,9939ea42-a08,0,22,0
ad38d702-9221-4015-8bb0-b897fda20bde,pavani85@upi,nandinibhargava@upi,1396.3,2026-07-01T20:28:11,Delhi,f45333eb-f0e,0,20,0
b69798c0-dec7-4d67-b99f-0c025041cbbc,kalpit42@upi,koshybalveer@upi,2197.3,2026-07-21T01:00:27,Mumbai,25b79fcc-aed,0,7,0
1d6e4d8c-c13e-4aa5-85cf-f50f45a30929,bariaazaan@upi,oseth@upi,379.66,2026-08-18T08:02:58,Hyderabad,88c64c48-2d1,0,8,0
f727fb16-bedc-4304-98d0-444fc565af09,osachdeva@upi,vihaan13@upi,80442.96,2026-09-07T04:24:31,Delhi,9b04748f-c27,1,4,1
eab70c05-5325-412b-9427-2366450a18d0,rudra61@upi,nattdominic@upi,2247.73,2026-07-29T03:54:39,Mumbai,6ae81ea1-31b,0,8,0
e6be2821-17a3-4124-bff9-18a57e3da154,sarinanirudh@upi,chakradevbarad@upi,2995.42,2026-07-22T11:00:26,Pune,6f6b6ab6-2ba,0,11,0
45b940f6-9d29-4aef-9912-3217dd6dc44f,saumyadey@upi,bariaazaan@upi,1011.71,2026-09-02T21:14:00,Hyderabad,a9e6a037-41e,0,21,0
2dedb069-3d95-41c0-bc67-55fb07d808f2,khatrinathan@upi,dugalnakul@upi,4170.05,2026-07-08T14:16:58,Chennai,67200f98-d64,0,14,0
3b698163-b2c9-4e4c-b225-e21fa17ea895,sarinanirudh@upi,zarnapathak@upi,937.17,2026-07-16T02:42:01,Kolkata,6f6b6ab6-2ba,0,9,0
af0ac208-25f4-486b-8054-d853fde3fb92,bhavnakaran@upi,onadig@upi,2719.93,2026-07-18T09:08:44,Mumbai,acdecfc2-24d,0,9,0
1592ca81-3c99-49e1-b986-5bfd91cff521,dateanvi@upi,roak@upi,383.63,2026-08-01T10:27:32,Mumbai,61876a84-17b,0,10,0
d2c3e749-099a-4407-9bda-67164407bf13,kakardivya@upi,othakur@upi,1109.23,2026-07-01T08:30:28,Hyderabad,5f331193-cf1,0,8,0
4b1bc2cd-e763-4c1a-906a-201c9e678655,qwadhwa@upi,dayamai55@upi,1961.09,2026-08-21T16:47:18,Bengaluru,d7ea7a98-7ad,0,16,0
c49318f8-b199-4acc-bb23-636d7f6e03ec,amaradeep@upi,hritikpalla@upi,90129.93,2026-07-24T04:58:50,Akola,afeab767-33e,1,4,1
dc51137a-dc19-4b1e-a0ce-e4d85e9057fb,diya27@upi,nathanielsami@upi,2812.53,2026-08-01T09:32:53,Pune,ddd946f9-d4c,0,9,0
95222976-3c4a-4b86-bd0d-8a8ada8fd96e,rajanranveer@upi,bariaazaan@upi,2825.4,2026-07-17T18:34:43,Mumbai,d345db24-261,0,18,0
fc9c351e-e997-4e2d-b891-3aeb190fb3a7,hrattan@upi,anshbedi@upi,3531.6,2026-09-11T17:55:19,Akola,c3f5975c-ac9,0,17,0
8be183f4-3f26-40f0-9e74-5a1ad7847454,cdatta@upi,randhawaanvi@upi,4305.55,2026-08-23T18:00:04,Chennai,5549160f-884,0,18,0
79452b86-93ab-4e62-a3eb-8be1945eee95,udantbajwa@upi,pavani85@upi,3344.11,2026-07-27T04:25:35,Kolkata,cce36fe7-c93,0,9,0
935bc35b-6fef-430b-a0ac-0ac8cb0e8c39,sachdevanikita@upi,yadavinarula@upi,4151.32,2026-08-17T22:58:21,Chennai,84a60f35-56b,0,22,0
100f9634-72a8-48c5-aa1a-eeeff416b0fb,vamakshi82@upi,thamanorinder@upi,3173.69,2026-08-20T20:49:22,Chennai,54f56fb8-041,0,20,0
283926a5-4761-49ed-bba6-ad1ebf96760f,saumyadey@upi,nihalshere@upi,3798.17,2026-08-25T14:55:45,Bengaluru,a9e6a037-41e,0,14,0
c8d64bc7-834a-4241-b033-2612776fdc0f,priya51@upi,dayamai55@upi,1879.16,2026-08-11T12:24:26,Bengaluru,5f36b3fa-a9d,0,12,0
6b7d4c99-65e0-4fdb-ac5a-a9707c664bac,ishaanshenoy@upi,ojasvi77@upi,3386.81,2026-07-10T19:07:09,Chennai,d25bdbcf-05d,0,19,0
92e0dc75-1abc-4349-a6ca-020951e6b22e,shivansh53@upi,rudra61@upi,1093.74,2026-08-26T09:06:53,Akola,40f069c3-46c,0,9,0
ae71edf6-6b0d-4349-b4d9-d12a5de7c452,charan16@upi,krishnarama@upi,311.68,2026-08-20T04:21:17,Akola,027eadc5-718,0,14,0
c50c30d7-ded0-4c38-8378-954a3aebda1f,osharamachandran@upi,bnayar@upi,1098.45,2026-07-27T16:20:20,Pune,29194246-377,0,16,0
4b0bf7f4-c74d-4ecf-9e53-80b42d61a832,mray@upi,aishanibumb@upi,3355.92,2026-07-27T02:19:00,Hyderabad,4d9d1830-dbb,0,10,0
764c0c69-a989-4788-aadd-9e93aaed6f56,ekapadjohal@upi,hyadav@upi,2627.4,2026-06-30T23:15:10,Mumbai,057e37c4-ccf,0,23,0
77e6b202-6866-48ac-b011-e7b1c3af896c,mkapadia@upi,zaidchauhan@upi,3387.51,2026-09-04T03:40:26,Hyderabad,7e9eef66-f41,0,20,0
da901818-ebef-4f1d-82f9-b494d0acb29c,uchandran@upi,kashviedwin@upi,4117.34,2026-07-22T00:53:49,Chennai,ea9893d5-713,0,22,0
24739316-2dd3-428a-afb0-6b16d63a419e,nathanielsami@upi,yashawinilanka@upi,502.36,2026-08-16T11:17:50,Chennai,dc6d5618-766,0,11,0
87dd1bb4-59d2-433b-a8ae-a455a8fcf474,droy@upi,vinayakanda@upi,3765.23,2026-09-06T15:09:29,Pune,554ccb59-53a,0,15,0
ba8cd49b-a836-4154-bcc4-1792be073a89,tanvi51@upi,sarinanirudh@upi,893.53,2026-07-31T20:46:57,Chennai,df69cfd2-a83,0,20,0
bc7a048b-8157-416a-8959-16afb2737b8b,utkarsh52@upi,dugalnakul@upi,336.63,2026-08-09T01:45:01,Delhi,217f4f0c-209,0,20,0
71ee5ac7-f9af-4ef3-a6cb-6d8383f722c2,teerth77@upi,uaurora@upi,3405.61,2026-07-20T06:19:02,Bengaluru,195c66ab-c8b,0,6,0
b8ef50b7-a332-4ea3-b552-99ab8c900f0d,chanderwarjas@upi,dayamai55@upi,2541.93,2026-09-11T11:29:21,Mumbai,803cb4f5-eb2,0,11,0
d399ff5c-8d98-4e7c-8136-24e39393754e,amaradeep@upi,maneupasna@upi,3062.24,2026-09-09T16:16:05,Kolkata,c542da04-786,0,16,0
2cf46a57-62e4-447f-be5f-2d505c7a6836,nihalshere@upi,beramax@upi,2161.0,2026-09-19T11:42:32,Hyderabad,fed80d2e-7e6,0,11,0
7ea88737-7b8a-4181-8bcd-14f9a6f41ef7,droy@upi,anshbedi@upi,2957.33,2026-07-23T23:22:42,Bengaluru,554ccb59-53a,0,23,0
eaa01a74-adbb-45ab-9312-f61090cceba8,indira19@upi,bhavnakaran@upi,977.53,2026-07-08T23:37:55,Delhi,068a185b-655,0,23,0
4c41a408-5011-4cac-98e7-abf365ff073e,eyohannan@upi,yadavinarula@upi,1166.21,2026-09-11T01:16:12,Bengaluru,0f358453-475,0,20,0
82cdcdfe-0f90-4874-b800-89b8ca3fe1ca,twalia@upi,vinayakanda@upi,2870.46,2026-07-27T15:58:06,Pune,a3de5c1a-f8a,0,15,0
78420cd4-a623-40b7-830f-2157b322eb08,bcherian@upi,nihalshere@upi,4893.49,2026-07-15T05:09:35,Kolkata,c441206e-dd2,0,11,0
5a9cbe98-ad57-42b0-aef5-d914a19fc5b1,udantdewan@upi,qnayar@upi,2020.3,2026-09-12T17:54:28,Hyderabad,66e63f8b-6eb,0,17,0
f8af0104-df31-4ef2-ae30-9d3062567d62,bhatvarenya@upi,sidhudaksha@upi,54034.51,2026-07-29T03:32:34,Delhi,6d5fc1fe-c52,1,3,1
c54a4503-e5b6-4453-928d-002967314fe3,patrickvasa@upi,ojasvi77@upi,1381.96,2026-07-29T04:13:14,Chennai,5486ec5a-863,0,7,0
4acdd435-323c-434a-92dc-9e1e066099cc,udantbajwa@upi,qatwal@upi,384.19,2026-08-08T06:31:02,Mumbai,cce36fe7-c93,0,6,0
56ab4a7e-369d-45cf-8d30-516f39c2af96,yashodadeshpande@upi,jkohli@upi,2277.8,2026-07-11T04:22:44,Mumbai,976e20dc-d26,0,17,0
425b32f9-44bb-4b51-8c5d-1dc50131f0f5,hritikpalla@upi,zaidchauhan@upi,2158.68,2026-08-19T14:37:13,Delhi,72907c22-57a,0,14,0
8c3ce8b6-53f0-4208-94dd-03fa960eaa13,aarnavrege@upi,hyadav@upi,4633.91,2026-07-07T12:44:13,Chennai,33daedc4-9e0,0,12,0
83ebc137-54fa-4065-b76c-9ff6e45f1d34,dateanvi@upi,dateanvi@upi,3189.75,2026-09-04T13:27:39,Delhi,61876a84-17b,0,13,0
c2669862-745d-4fe2-b91d-29e165e6c3b8,dayamai55@upi,soodyadavi@upi,1172.57,2026-07-24T21:49:50,Akola,4e7f1479-d7f,0,21,0
93f12b39-bc13-44ad-a255-022b865a3b07,yauvanicomar@upi,yutika95@upi,4752.04,2026-07-14T18:27:54,Delhi,b458f741-708,0,18,0
b7760a18-9ef7-4b2a-88a1-f40ae1fbb5f3,indira19@upi,owen10@upi,3731.81,2026-08-02T03:23:56,Chennai,068a185b-655,0,9,0
ff86c315-6ed9-43b8-b595-70335bef9d5b,shagaurang@upi,charan16@upi,393.8,2026-08-29T22:28:24,Delhi,f2695b17-da3,0,22,0
76486fcb-090e-4865-ac2f-1e85f6c032b6,koshybalveer@upi,yashodadeshpande@upi,4584.56,2026-08-14T16:50:33,Bengaluru,53981699-769,0,16,0
064ca08c-a0a1-4c10-9bbf-8f106d11c231,dateanvi@upi,uaurora@upi,4091.97,2026-09-24T04:16:20,Kolkata,61876a84-17b,0,22,0
1595cd6f-a1c5-4876-9ae0-2f922200bd4b,fchaudhary@upi,vlanka@upi,4041.04,2026-08-31T03:26:06,Mumbai,062a0cb9-2c4,0,21,0
8ec95eaf-e2ca-4381-a609-1adc7f275e8e,karnikazad@upi,aryasunder@upi,1309.37,2026-08-20T10:02:43,Delhi,6f0a5b17-392,0,10,0
f11bbca5-3a11-45f8-be2a-81ca12167a6b,timothy17@upi,grewalekapad@upi,1133.78,2026-08-08T22:24:01,Hyderabad,7750feff-f48,0,22,0
1e3796bd-9b9e-4782-beea-e53dea051de8,osachdeva@upi,chakradevbarad@upi,1553.08,2026-07-31T22:44:16,Pune,5fbc55ef-2de,0,22,0
1955cbcc-4753-4fd7-aafb-3a50ca40fca0,rsathe@upi,aryasunder@upi,2763.29,2026-07-16T04:09:32,Pune,b4287f0f-ef4,0,22,0
144e4aed-d2cb-45dc-9bd2-440b32e14cda,thamanorinder@upi,farhanchada@upi,788.27,2026-08-16T03:36:03,Delhi,2a9bc1a4-1d0,0,9,0
514e278b-0c6f-42ae-abf5-effbc63f9b25,uaurora@upi,droy@upi,4086.6,2026-09-14T05:49:20,Bengaluru,ee6efdd6-203,0,16,0
ab2eb4fa-1cb5-438e-9555-078cfbfb6d03,yutika95@upi,sidhudaksha@upi,4498.78,2026-07-21T06:26:59,Delhi,534764bd-7d8,0,6,0
8b507516-e1c8-41a8-9342-b6a09b86a243,bnayar@upi,finn70@upi,233.24,2026-08-23T11:02:23,Chennai,9ae0f61e-249,0,11,0
d5cb6d44-e3ab-4588-b1e9-cec09aa0abe7,shivansh53@upi,grewalekapad@upi,2482.7,2026-07-23T05:29:53,Chennai,40f069c3-46c,0,19,0
5a4bc460-d452-49b2-b633-8e3dfabb1ad9,upai@upi,zaidchauhan@upi,1170.02,2026-08-25T10:38:03,Akola,eb6db7d5-b4b,0,10,0
dd4ec854-e7f6-421f-94e1-a1039b39fa7b,aradhanaverma@upi,udantbajwa@upi,2203.17,2026-08-05T09:22:16,Bengaluru,256a1951-b19,0,9,0
2469cc18-27bc-470c-9c2d-caf397da6817,daksh45@upi,pavani85@upi,2490.25,2026-09-18T05:00:06,Chennai,072ac257-0f0,0,10,0
502006bc-32f8-4042-9640-605b87d4efcc,indirakanda@upi,vinayakanda@upi,3578.85,2026-08-18T19:12:28,Delhi,0b3b9bf5-fe4,0,19,0
74976400-873d-40ac-92a0-952071217042,jonathansolanki@upi,modibhavini@upi,3237.17,2026-08-17T14:36:02,Hyderabad,2744506e-bbb,0,14,0
ecd33766-6209-4956-b36e-4d23f93d0279,dateanvi@upi,zdeol@upi,564.55,2026-08-31T10:45:08,Pune,61876a84-17b,0,10,0
b5727956-af9f-46b4-b64a-5bd223e75464,diya27@upi,vamakshi82@upi,1991.84,2026-09-11T08:29:06,Delhi,ddd946f9-d4c,0,8,0
36cbf981-fcbf-4049-b332-31f0118939cc,fsarma@upi,janujapradhan@upi,875.52,2026-07-06T20:25:19,Chennai,7033c9dc-e9c,0,20,0
56e10338-f139-4f1f-a034-1883aa001b43,bnayar@upi,dayamai55@upi,4574.54,2026-08-04T07:20:53,Kolkata,9ae0f61e-249,0,7,0
18416f6d-50bc-46c5-9947-f523a685abef,osharaghavan@upi,bhatvarenya@upi,3367.96,2026-09-23T01:51:41,Kolkata,ad326f07-fe5,0,22,0
3af581ff-0539-479d-b0d6-55e7344271cb,raigunbir@upi,devimatthew@upi,2551.51,2026-09-08T00:09:45,Mumbai,81bf5faf-76e,0,13,0
41327ac3-8d4e-44ca-af9c-822a13b126e5,trivenipathak@upi,fchaudhary@upi,2643.52,2026-07-24T15:17:55,Delhi,6011f78b-818,0,15,0
d2ce3a33-37a8-4f73-a4a8-36d9d547bc77,frederickkhurana@upi,soodyadavi@upi,1353.01,2026-08-30T07:21:17,Delhi,5469bd7e-cfb,0,7,0
10717d8a-00cd-4ab3-b1dc-1a2d39ec0a41,mananbakshi@upi,farhanchada@upi,4441.93,2026-07-30T06:18:44,Bengaluru,bbc34ec7-2f8,0,6,0
0890ad93-97bf-45c7-a85c-03ae3d8ebe01,vinayakanda@upi,udantbajwa@upi,4117.23,2026-09-03T00:51:15,Akola,23fef535-1f4,0,21,0
06c66652-82dd-4735-bcae-0b982b1c21ff,timothy17@upi,fsamra@upi,2890.91,2026-08-24T19:50:58,Akola,7750feff-f48,0,19,0
3fd0e177-924e-442e-80ae-edf5453442d8,choudhuryjanani@upi,ranbir39@upi,1035.94,2026-09-12T17:25:45,Delhi,4c93c7d1-a58,0,17,0
44244ccb-d77e-4aed-9eaa-9b8b2c464afc,teerth09@upi,bariaazaan@upi,257.58,2026-09-07T16:07:44,Pune,ffd45e2d-603,0,16,0
dca35949-6797-4f16-b32b-1a495de0f9b1,jkohli@upi,amaradutta@upi,4165.66,2026-07-05T15:50:38,Bengaluru,009786b3-cbb,0,15,0
0b55d633-33ad-4e70-a703-0c6b73f3f9f2,nattdominic@upi,randhawaanvi@upi,4869.73,2026-09-10T12:54:27,Kolkata,a40028bd-8ea,0,12,0
e03714e3-6840-47cb-93b6-3e20048de72a,hrattan@upi,randhawaanvi@upi,4466.75,2026-08-05T18:29:58,Mumbai,c3f5975c-ac9,0,18,0
3ba50920-2a24-43e6-aac6-469c5f37327b,ansh98@upi,zdeol@upi,2535.32,2026-08-15T12:43:09,Delhi,996b3a25-6da,0,12,0
5a9552a1-aadd-4737-ae44-7c8491e04ac2,modibhavini@upi,teerth77@upi,3038.0,2026-09-12T05:14:14,Bengaluru,2ce18ffb-7ff,0,14,0
cc6fbbc7-5fe0-4383-9c6a-5888c273f133,henry25@upi,michaelborra@upi,3689.85,2026-07-30T06:35:16,Bengaluru,166aa591-ee1,0,6,0
b2547397-2e0b-4ce0-a6e5-14b66cb3aa39,xiti28@upi,vmerchant@upi,590.14,2026-09-21T11:41:20,Bengaluru,4a9d640c-559,0,11,0
6226e099-903d-4af2-a168-ebb6c0e0a422,rajanranveer@upi,pushtibal@upi,3151.08,2026-09-04T21:32:23,Bengaluru,d345db24-261,0,21,0
93ec0bd8-47e6-4195-a46e-92b3dcb8e8a8,mangalwahab@upi,borramanthan@upi,3326.33,2026-08-15T15:03:16,Kolkata,ddfc0db5-5e5,0,15,0
284dc735-cb3e-404f-a256-d553c7b31c55,esawhney@upi,anshbedi@upi,39480.67,2026-08-18T02:05:17,Hyderabad,e0c31390-8b1,1,2,1
29ec4097-0e96-4b6e-a9d6-6da2785a2587,baraldayamai@upi,chakradevbarad@upi,4181.2,2026-08-04T01:52:05,Hyderabad,3f9b0bda-4d2,0,22,0
438cc105-74e4-49c0-8e8a-1b1c47b5e639,vedamalhotra@upi,droy@upi,298.58,2026-09-05T07:42:23,Pune,e558806d-c5f,0,7,0
1311c792-1c89-4a0c-a5b6-24b9f82dd057,suhani46@upi,shivansh53@upi,1746.53,2026-07-31T18:22:59,Kolkata,5d0c0d11-0c6,0,18,0
e30ed35c-664c-4df5-b4a1-935f0f8849f9,pushti49@upi,anamikayohannan@upi,1477.97,2026-07-04T03:48:13,Hyderabad,d8857b1b-100,0,10,0
a17fa970-c6bb-48b0-b52f-b89a0d2bab8b,shagaurang@upi,faqidsavant@upi,3675.69,2026-09-12T09:34:33,Pune,f2695b17-da3,0,9,0
d501808c-0453-4a63-9733-e9742fef8490,esawhney@upi,diya27@upi,2458.19,2026-08-10T10:17:22,Kolkata,23e5b872-dee,0,10,0
cc602655-676c-4f60-9a38-0792b6d604fa,aarnavrege@upi,hyadav@upi,823.8,2026-08-23T18:14:18,Pune,33daedc4-9e0,0,18,0
0774ac68-4bc7-4cdf-bb65-eeec3ecbe9ec,othakur@upi,shagaurang@upi,2226.35,2026-08-04T11:52:52,Delhi,bba7a234-41e,0,11,0
9f51bffc-542c-49c8-bdc5-5a901434275d,shroffbhavna@upi,pradhankalpit@upi,3502.48,2026-09-06T09:35:50,Chennai,b34f4617-f13,0,9,0
41f2da71-4948-429e-9298-dbd6db4b9ab5,gautammerchant@upi,oseth@upi,2504.29,2026-07-18T17:06:31,Akola,c39bd9f0-2f5,0,17,0
37fb2872-af22-4fcb-b85e-5c250a57b9bc,petersachar@upi,dugalnakul@upi,3490.08,2026-07-11T16:51:47,Delhi,dc7609f9-ab8,0,16,0
87976838-2c34-4a66-a36b-6daf20448b55,qatwal@upi,pushtibal@upi,1302.27,2026-08-12T15:26:47,Chennai,cc16e930-bee,0,15,0
82baf33e-4196-4b27-8488-eda8fb4e1fda,zdeol@upi,nidhikohli@upi,1127.18,2026-07-27T06:33:40,Bengaluru,500c5ea8-5e7,0,6,0
edebfbc2-7473-4e64-a6cd-915db303045f,sachdevanikita@upi,ssahni@upi,306.35,2026-09-17T21:32:12,Hyderabad,84a60f35-56b,0,21,0
426d49c3-85d4-488b-a730-bb9a5eb07da2,shivansh53@upi,lalpranav@upi,3185.76,2026-07-21T05:20:50,Chennai,40f069c3-46c,0,20,0
84b9eb48-23db-48aa-98d5-8bba6b6bd2cf,chakradevbarad@upi,yauvanicomar@upi,1191.16,2026-07-06T07:09:58,Pune,a0208131-c51,0,7,0
608edc60-429a-4ed0-a6b5-1276d10a126f,znori@upi,qatwal@upi,1080.9,2026-09-21T01:03:55,Akola,575ce5f1-951,0,18,0
4f8326ae-67f5-47d7-a4a6-36129aa9e623,gautammerchant@upi,modibhavini@upi,2571.6,2026-09-04T14:16:36,Kolkata,c39bd9f0-2f5,0,14,0
4ab33682-2a58-425e-8f6f-514ad224d30c,onikannan@upi,jkohli@upi,2188.65,2026-08-25T07:46:43,Delhi,3986b98f-c16,0,7,0
fb47ec2d-d829-48c7-a03b-8850ce7c5d84,triyagopal@upi,choudhuryjanani@upi,1923.0,2026-08-17T15:54:13,Hyderabad,6fa13b38-3c4,0,15,0
3112dd7f-2d39-4650-bbce-1db9d1604c8c,sachdevanikita@upi,khatrinathan@upi,1138.28,2026-08-17T09:16:12,Hyderabad,84a60f35-56b,0,9,0
da1d2e34-4547-4f6c-beac-de4066224742,yauvanicomar@upi,udantdewan@upi,4601.73,2026-07-22T21:20:43,Mumbai,b458f741-708,0,21,0
a2bafe04-1e73-4473-95a6-d5c14f0ce0b3,bcherian@upi,shroffbhavna@upi,4613.26,2026-08-04T06:06:03,Akola,c441206e-dd2,0,6,0
e95fe337-b305-48d8-ac30-056036ede55d,kabirsoman@upi,vamakshi82@upi,596.26,2026-09-15T01:05:39,Kolkata,6ef910ee-e62,0,21,0
b406df1b-0fe2-42c5-97d1-1a98415ff414,indali23@upi,ekapadjohal@upi,376.26,2026-08-30T09:31:52,Delhi,56169905-4e3,0,9,0
65ee0f8e-0c6d-4dcb-a916-eda3b76d187e,bhavani27@upi,advika35@upi,1361.79,2026-07-11T06:10:35,Delhi,527b9e26-830,0,6,0
79774fa4-0e02-47b5-a3f0-5ba3d890484d,oseth@upi,pushtibal@upi,3756.21,2026-07-20T13:08:24,Chennai,d85c553b-6f2,0,13,0
6bb8d4b4-73db-4532-951a-231ae61c3fa5,nandinibhargava@upi,ekbalbhasin@upi,4342.29,2026-07-21T03:36:44,Kolkata,48e3bd88-2ee,0,17,0
bf7ffbf4-8dbd-4735-b113-5f8938a3ed48,jkohli@upi,sahaupkaar@upi,2075.94,2026-09-03T15:20:37,Hyderabad,009786b3-cbb,0,15,0
6e44265d-228a-47be-80ee-06b3f7b09207,soodyadavi@upi,bhandarijyoti@upi,4112.66,2026-09-19T23:33:27,Delhi,82f6eeaf-083,0,23,0
1792642b-2b49-4ec5-9f7d-a9843f7b9afd,osharamachandran@upi,ranbir39@upi,2677.72,2026-09-13T07:48:48,Hyderabad,29194246-377,0,7,0
07ce1803-d269-440a-84b4-4f70e9b6b69d,ekantika31@upi,vlanka@upi,96794.72,2026-08-02T04:43:31,Pune,1068395c-32a,1,4,1
ed468ec9-9fc0-44b7-9ade-33af3349d100,ekarajbath@upi,dhaliwalupkaar@upi,4597.91,2026-07-29T22:22:20,Hyderabad,9134902d-876,0,22,0
85b335fb-7307-41d8-af92-408d05ce2a84,aradhanaverma@upi,avarkey@upi,1430.69,2026-08-19T19:32:54,Kolkata,256a1951-b19,0,19,0
e5307a5a-6802-4dce-b34d-b72995ffc915,onadig@upi,osharaghavan@upi,3889.68,2026-07-16T17:43:42,Chennai,2edf66dc-30a,0,17,0
6ffb046c-07d3-4bf4-9e20-0cc94a978824,ranbir39@upi,qwadhwa@upi,3312.82,2026-07-08T14:15:03,Akola,06491864-379,0,14,0
0c2e0eb4-2e2d-483f-ac5c-dbfefa067d69,amblesamarth@upi,fsarma@upi,1824.39,2026-07-03T20:26:08,Chennai,8afd62cd-bcc,0,20,0
55544516-eabc-404c-ae2e-c1c5bba0d123,osachdeva@upi,mangalwahab@upi,4708.75,2026-08-09T09:13:30,Chennai,5fbc55ef-2de,0,9,0
3d68f4cd-e3b1-4218-acbe-152edf03767e,falak10@upi,jasmitwali@upi,2519.62,2026-07-15T22:21:51,Kolkata,ddebfabe-8b8,0,22,0
cd1e550b-1477-4481-96c7-34fa3ba7a997,osharamachandran@upi,vlanka@upi,479.65,2026-08-08T16:49:48,Pune,29194246-377,0,16,0
f7a8a1e7-42dc-4bf9-95b1-b73b7dec462e,zaidchauhan@upi,uaurora@upi,735.11,2026-07-22T21:48:24,Akola,f25fae62-8b8,0,21,0
2ea721cd-330a-4d6d-b3c0-5f90dcceb5e9,othakur@upi,ekapadjohal@upi,2751.86,2026-08-09T17:58:23,Chennai,bba7a234-41e,0,17,0
ff372582-36ac-480d-b89a-cb5b205d69c8,qnayar@upi,bnayar@upi,70.69,2026-07-02T16:57:32,Akola,4c2a3569-70e,0,16,0
aae51b57-0a80-4d0d-b1d1-d6f4b3923b51,mangalwahab@upi,kashviedwin@upi,318.03,2026-07-26T22:53:17,Chennai,ddfc0db5-5e5,0,22,0
b35a72fd-1fbb-4d5f-83c8-c4663eab9da3,isha34@upi,nidhikohli@upi,4815.84,2026-09-05T07:50:19,Kolkata,8fc07b5e-994,0,7,0
e3be566e-ee59-447c-8de9-c05523321786,ekarajbath@upi,nidhikohli@upi,2312.38,2026-09-26T20:57:00,Pune,9134902d-876,0,20,0
1214473c-bd88-4329-bce2-a1c07f670009,odhar@upi,yashica40@upi,3061.65,2026-07-18T21:32:26,Pune,0fcd6a35-7c5,0,21,0
60aff3d9-08df-4bc0-8811-62bb8dcf00e7,krishnanvanya@upi,lshere@upi,3537.94,2026-09-11T16:37:21,Hyderabad,8ff5ffba-9c3,0,16,0
03321463-8472-41a4-89fc-565ec707496f,priya51@upi,fswamy@upi,669.59,2026-06-30T12:47:45,Hyderabad,5f36b3fa-a9d,0,12,0
adbd2245-36bd-4f65-b913-fdad9b3e1f7b,maneupasna@upi,amaradeep@upi,3281.68,2026-07-14T10:28:07,Mumbai,e7ceef85-245,0,10,0
00d51e4c-77bf-4053-928d-00efb3905c07,pandeychanchal@upi,farhanchada@upi,3035.7,2026-08-04T10:30:57,Mumbai,864a2d04-55f,0,10,0
e837fbc9-ce9a-4aa9-ab0e-6f721e161c4a,bhandarijyoti@upi,triyagopal@upi,3546.77,2026-07-14T06:08:49,Delhi,32dea559-1cb,0,6,0
745ad56e-0cd0-4d0f-ae26-02572d2eaba7,yashica40@upi,sidhudaksha@upi,42526.16,2026-07-31T02:13:17,Bengaluru,4117f2b3-add,1,2,1
7574e21a-b0e1-4cd4-8661-6f2ead935821,aradhanaverma@upi,osachdeva@upi,148.64,2026-07-23T12:00:47,Kolkata,256a1951-b19,0,12,0
ccc83c4b-a0a9-4778-b1c3-4f3ab7e9d97d,chandani64@upi,aarnavmalhotra@upi,349.72,2026-08-06T07:29:13,Hyderabad,0a20b114-3c9,0,7,0
c3e4f3d4-c292-4fc3-886e-b520822617dc,nidhikohli@upi,shagaurang@upi,3100.49,2026-08-28T05:56:05,Chennai,1cd764a8-258,0,10,0
0386bb62-d6c7-4e4f-9769-8ca2a96f4641,dhaliwalupkaar@upi,qpandya@upi,591.36,2026-09-09T15:36:00,Hyderabad,7a9a9350-e0a,0,15,0
72dc0e6c-6725-493e-8bd6-0a94fb625d5a,nandinibhargava@upi,dugalnakul@upi,4010.8,2026-07-30T20:56:43,Chennai,48e3bd88-2ee,0,20,0
cab93512-0f32-401d-949c-18558b1c4f16,jyoti29@upi,mray@upi,2850.99,2026-07-09T11:13:09,Delhi,1b8449aa-325,0,11,0
787590fa-082f-4c95-b81d-d0e65eb29710,yashica46@upi,yashica40@upi,4731.29,2026-08-16T21:02:41,Bengaluru,44bc0387-f29,0,21,0
8e72208b-6d8c-4e6a-a54a-36aca46e6112,upmavenkataraman@upi,modibhavini@upi,92783.88,2026-07-25T23:07:23,Hyderabad,44d47bd1-c9e,1,23,1
912c8a72-fa32-4137-acd8-9c0e0b7c7d53,teerth09@upi,theodore28@upi,2212.91,2026-08-18T17:43:54,Chennai,ffd45e2d-603,0,17,0
1181afeb-0078-401e-a687-6065d858a0c6,oseth@upi,kibeharsh@upi,1944.86,2026-07-06T09:09:07,Akola,d85c553b-6f2,0,9,0
b3bbe399-219c-4b37-ba0f-70ebebeebdbd,fsamra@upi,qatwal@upi,1551.88,2026-08-31T21:36:38,Pune,16d95fa1-3ca,0,21,0
d6a424dd-8424-46c7-9647-ced17292846a,modibhavini@upi,udantbajwa@upi,3295.96,2026-08-22T07:47:08,Delhi,2ce18ffb-7ff,0,7,0
577fcaff-1d3a-418c-8d1f-7d197425f600,aishanibumb@upi,modibhavini@upi,1185.96,2026-09-13T09:20:13,Kolkata,27a02a93-b8a,0,9,0
fbb5b676-3f55-4fe6-9e4f-ad268c1d83f2,alkadewan@upi,fsamra@upi,4054.03,2026-07-29T09:37:46,Mumbai,a481934d-88c,0,9,0
d8135006-1f69-4fb6-9d67-713bda7c886f,thamanorinder@upi,hrattan@upi,2476.74,2026-09-06T20:00:42,Hyderabad,2a9bc1a4-1d0,0,20,0
eb1691f5-354c-41a6-b2ef-5684f266faf9,vinayakanda@upi,saumyadey@upi,4880.41,2026-08-23T18:40:54,Chennai,23fef535-1f4,0,18,0
a20d6044-ff6e-47ed-b4be-51467e4d4c2e,nattdominic@upi,udantdewan@upi,3159.83,2026-09-03T13:48:09,Mumbai,a40028bd-8ea,0,13,0
309fd928-6fb6-4ab4-a780-b403e55d2044,jkohli@upi,jyoti29@upi,3078.81,2026-07-25T20:22:04,Chennai,009786b3-cbb,0,20,0
c0fee103-4728-4704-9396-490635a33e1e,rudra61@upi,udantdewan@upi,1600.29,2026-07-04T04:40:15,Chennai,6ae81ea1-31b,0,19,0
d745e874-6f2c-487f-82a1-34be725d574c,zaidchauhan@upi,patrickvasa@upi,3759.21,2026-09-13T01:05:38,Akola,f25fae62-8b8,0,8,0
607fe8e3-8b65-4030-b449-f1dbbe9ce5f2,faqidsavant@upi,krishnarama@upi,3408.54,2026-07-11T10:44:42,Mumbai,1ca35c16-a10,0,10,0
57fa99a3-fbf0-4725-9902-69f1597f81ce,upai@upi,pandeychanchal@upi,2247.67,2026-09-22T14:38:11,Mumbai,eb6db7d5-b4b,0,14,0
adbd8d42-b490-4035-930c-b002e41b28bc,chandani64@upi,amaradutta@upi,2459.78,2026-08-17T15:53:54,Delhi,0a20b114-3c9,0,15,0
b6b160ce-b13a-43af-8d45-d2adacb27851,krishnarama@upi,kom@upi,15194.37,2026-07-16T23:18:57,Pune,a3f9872a-1a0,1,23,1
ca881133-c073-495e-b4cd-d775a9aabf23,kakardivya@upi,beramax@upi,3166.36,2026-09-14T06:07:31,Hyderabad,5f331193-cf1,0,6,0
51bd18f3-1760-42c9-848a-e5216627df74,darsh64@upi,maneupasna@upi,1395.55,2026-09-09T10:39:54,Delhi,4991f5c6-f24,0,10,0
09a34ed7-542d-482a-b081-7fa299f47854,twalia@upi,yashawinilanka@upi,16403.12,2026-08-15T02:06:56,Bengaluru,4b5b66e6-65d,1,2,1
351bbf30-44ff-48cd-937a-3f0d1bced7c5,tanvi51@upi,pushtibal@upi,4348.39,2026-09-12T06:18:56,Bengaluru,df69cfd2-a83,0,6,0
19889e8f-e0e1-48fc-8b43-9fa5a5cbff72,pushti49@upi,pradhankalpit@upi,1003.67,2026-07-04T15:04:02,Chennai,d8857b1b-100,0,15,0
588a1fbb-cba1-4060-9c3e-3f98f0b73901,frederickkhurana@upi,yadavinarula@upi,1550.35,2026-07-23T23:05:46,Kolkata,5469bd7e-cfb,0,23,0
fce1b663-fe6c-47ab-89b0-aae11d0b7cae,daksh58@upi,qpandya@upi,2182.48,2026-09-11T23:07:04,Pune,b2da648a-195,0,23,0
da2d5bef-0d76-408a-9271-e1c9b04a78ec,kabirsoman@upi,karnikazad@upi,2301.19,2026-08-04T20:35:42,Hyderabad,6ef910ee-e62,0,20,0
0a82b713-3cf8-476a-bf14-3f64284493d6,ssahni@upi,dayamai55@upi,4351.41,2026-08-02T15:54:34,Pune,5a5477fd-633,0,15,0
9f643fe4-6db6-48cd-8f63-fe4ed3f6e575,nandinibhargava@upi,hyadav@upi,2400.61,2026-08-13T08:38:40,Pune,48e3bd88-2ee,0,8,0
4f8afb36-06b1-43c8-a7bd-75b681a78107,qatwal@upi,utkarsh52@upi,1049.5,2026-07-05T08:00:53,Bengaluru,cc16e930-bee,0,8,0
6ac9e65b-5bf0-451b-a96b-9839eff3e4a7,uaurora@upi,petersachar@upi,292.97,2026-07-23T10:05:59,Pune,ee6efdd6-203,0,10,0
46c6108b-eaa2-4ff8-b5fc-6f23c9725100,kashviedwin@upi,atharv13@upi,4403.36,2026-09-14T19:27:07,Chennai,0696c6bf-850,0,19,0
73d30ea4-672d-40f9-9071-b3cec9a90d91,pandeychanchal@upi,daksh45@upi,1585.34,2026-07-12T13:11:37,Chennai,864a2d04-55f,0,13,0
db312f21-0efe-4545-acf8-02659f816b2f,sachdevanikita@upi,aradhanaverma@upi,2414.74,2026-07-15T14:45:21,Akola,84a60f35-56b,0,14,0
a264675f-9e6a-4d10-b6f5-866f36cde1a0,avarkey@upi,baldevika@upi,4743.02,2026-08-05T14:49:55,Chennai,2060d1a2-7a7,0,14,0
56352ddd-d70c-41c8-a62b-878e59861b2b,randhawaanvi@upi,shagaurang@upi,2793.09,2026-09-24T10:13:17,Kolkata,4e527681-5a1,0,10,0
14fd8928-c65f-4fbb-a33e-3033a48c8786,krishnanvanya@upi,kom@upi,4856.65,2026-08-19T23:24:23,Delhi,8ff5ffba-9c3,0,23,0
324c7275-79a0-4cc2-b9e7-84b2bd21d198,osachdeva@upi,fswamy@upi,1127.62,2026-08-28T00:31:53,Mumbai,5fbc55ef-2de,0,8,0
b2f64810-c431-43f2-b103-b4cb6ef6b424,khatrinathan@upi,suhani46@upi,3432.44,2026-08-20T13:49:31,Pune,67200f98-d64,0,13,0
172ef946-bca3-4a03-adcb-61f2f9e28913,finn70@upi,teerth09@upi,2327.81,2026-09-15T03:47:47,Chennai,7646228b-fd5,0,22,0
17a6de17-7c27-4b89-9417-b691d92d3d5f,nidhikohli@upi,xiti28@upi,3254.03,2026-07-18T00:55:57,Kolkata,1cd764a8-258,0,20,0
ddc393e5-f80e-4f27-8d2f-0744c763551f,raigunbir@upi,kashviedwin@upi,892.11,2026-07-12T05:50:50,Delhi,81bf5faf-76e,0,7,0
2f58445b-e31a-4dfe-9acb-e2005d6eb636,suhani46@upi,bariaazaan@upi,1728.04,2026-08-01T08:05:40,Mumbai,5d0c0d11-0c6,0,8,0
a3953096-fcb2-4e63-bdf0-899d93d8ccc2,yauvanicomar@upi,desaiaishani@upi,2714.55,2026-07-28T17:58:31,Kolkata,b458f741-708,0,17,0
42f89327-93a3-42fb-913d-90b3b1f2cc4d,beramax@upi,sarinanirudh@upi,3824.2,2026-09-06T03:21:23,Delhi,66663ca1-cbd,0,9,0
6bccf44e-3fc4-4e46-9b8d-0e80585e9aeb,mray@upi,beramax@upi,4372.43,2026-09-15T21:03:15,Kolkata,4d9d1830-dbb,0,21,0
957efad9-849c-49c1-bde2-35a62ad130e6,anamikayohannan@upi,jkohli@upi,3608.24,2026-09-11T04:24:50,Akola,588457f2-bbd,0,14,0
dafdcd6f-1284-4eb1-b17a-356e6ede99f8,mray@upi,ekbalbhasin@upi,11288.51,2026-09-21T23:42:10,Bengaluru,baf4e6b2-575,1,23,1
d59404d4-696c-4180-99d1-62fbbe810fef,dhaliwalupkaar@upi,ansh98@upi,3517.02,2026-09-16T09:14:45,Mumbai,7a9a9350-e0a,0,9,0
febd8e36-fe8b-4abf-b982-11c80dcd2389,jasmitwali@upi,sudiksha89@upi,318.63,2026-07-01T06:13:38,Hyderabad,c7e0aeac-11c,0,6,0
25e837e9-d7d3-476f-b15d-fd121ad57e90,choudhuryjanani@upi,chandani64@upi,204.97,2026-08-02T07:59:49,Akola,4c93c7d1-a58,0,7,0
855e552b-f86f-4df9-9248-c0d70855f15c,suhaninarain@upi,farhanchada@upi,3215.16,2026-07-08T21:57:21,Mumbai,eeef38f2-0d4,0,21,0
efffc886-d214-4c2d-ba2f-4bc7b66a6461,yashawinilanka@upi,fsamra@upi,1044.4,2026-08-13T07:17:01,Hyderabad,f77e4bb1-6bd,0,7,0
d367683f-f861-461c-b908-80aee5add749,pushti49@upi,eyohannan@upi,3883.21,2026-09-13T02:17:40,Delhi,d8857b1b-100,0,17,0
70161cae-19d6-4b0e-b83d-7c77fda7a9b6,teerth09@upi,osharamachandran@upi,2546.07,2026-08-07T21:26:42,Chennai,ffd45e2d-603,0,21,0
b55896a6-3457-4d37-8fd8-fbc68ed062b4,znori@upi,krishnanvanya@upi,2790.33,2026-07-23T03:14:16,Chennai,575ce5f1-951,0,20,0
446fc3ca-f5d1-4378-94d3-c874ccb58409,ekapadjohal@upi,chakradevbarad@upi,1996.97,2026-08-08T11:16:18,Kolkata,057e37c4-ccf,0,11,0
5a957392-70d8-4efd-a2f9-00f2a543c3ee,harrisonrai@upi,xiti28@upi,2272.39,2026-07-06T17:47:40,Chennai,e7816626-028,0,17,0
89e26b61-2275-40db-8275-e9368e6fe5ef,aishanibumb@upi,faqidsavant@upi,1415.32,2026-09-20T16:15:52,Chennai,27a02a93-b8a,0,16,0
e961749d-0a3c-4f38-814b-d1850ed3269c,hrattan@upi,balangirik@upi,516.72,2026-09-10T18:47:12,Kolkata,c3f5975c-ac9,0,18,0
f2b74a05-6249-41ff-a392-8788705e42e0,uchandran@upi,ansh98@upi,2339.23,2026-07-28T03:37:46,Chennai,ea9893d5-713,0,8,0
ce637ce7-b86d-41f2-8e38-f90ac18f01cc,qnayar@upi,baraldayamai@upi,4938.88,2026-07-05T07:23:42,Hyderabad,4c2a3569-70e,0,7,0
063238ce-5089-4837-ae2d-24bc0ed70e6b,rudra61@upi,raigunbir@upi,40349.63,2026-07-22T23:29:16,Chennai,2440e3c0-48c,1,23,1
5c3a8a76-184c-4a5e-92c4-fa8e47a4a270,advika35@upi,nattdominic@upi,1772.23,2026-08-07T15:45:00,Kolkata,c31a4817-673,0,15,0
7d5c88a4-34ef-40fe-a769-f327b6b9956c,daksh45@upi,nihalshere@upi,3516.46,2026-07-30T13:03:56,Kolkata,072ac257-0f0,0,13,0
196a89ed-46d4-4398-8083-c2ad9c6c05b1,rudra61@upi,diya27@upi,2281.88,2026-07-25T17:58:04,Bengaluru,6ae81ea1-31b,0,17,0
aae7c257-071b-473f-afe9-29258de406ab,pandeychanchal@upi,triyagopal@upi,4451.84,2026-08-24T19:43:36,Bengaluru,864a2d04-55f,0,19,0
b1dc12e0-a8ee-4de9-b49c-6f81f739105f,sudiksha89@upi,eyohannan@upi,4386.76,2026-08-10T13:08:59,Hyderabad,06dc236b-954,0,13,0
70a8f0ad-04e8-4ca9-a5cb-4b9d003ec424,zaidchauhan@upi,frederickkhurana@upi,917.57,2026-09-08T14:40:03,Delhi,f25fae62-8b8,0,14,0
57161e58-7f2b-47d0-9aac-c526c8e1d205,thamanorinder@upi,cswaminathan@upi,4229.37,2026-07-27T13:46:26,Akola,2a9bc1a4-1d0,0,13,0
b423ac06-6755-4ecb-b894-20537be16742,daksh45@upi,teerth09@upi,4685.48,2026-07-10T16:54:18,Akola,072ac257-0f0,0,16,0
c6b42456-042b-4cbb-b5be-4a6c6f55397f,krishnanvanya@upi,udantbajwa@upi,1527.04,2026-09-13T02:19:46,Delhi,8ff5ffba-9c3,0,17,0
a435e83e-05b0-4ba4-9c9f-81bef37b2dc0,petersachar@upi,owen10@upi,3665.95,2026-09-16T21:19:42,Bengaluru,dc7609f9-ab8,0,21,0
41bed86a-e33f-4f48-9f43-bb9739f64da8,kom@upi,shroffbhavna@upi,2379.89,2026-08-29T14:36:05,Hyderabad,4bc2a128-c81,0,14,0
0e177abb-1064-4a86-969c-f878ede2e3cc,qatwal@upi,hritikpalla@upi,3909.38,2026-07-29T07:38:45,Akola,cc16e930-bee,0,7,0
f4f78bc9-d0ca-4dc1-8d06-0713d6b7ff22,ansh98@upi,sachdevanikita@upi,1853.23,2026-07-28T18:15:35,Mumbai,996b3a25-6da,0,18,0
c64043e8-05ef-4a68-989b-bf190ec1b0e5,yashica40@upi,darsh64@upi,3746.49,2026-07-15T22:03:05,Chennai,4f00d0f2-cb4,0,22,0
809c7e60-0383-4335-994b-e8bf594a11b9,janujapradhan@upi,ikakar@upi,152.64,2026-07-01T20:32:22,Mumbai,9c9396c8-258,0,20,0
4f5749f6-b76f-4105-a356-26b7471f34cb,suhaninarain@upi,petersachar@upi,3788.91,2026-07-25T15:50:46,Chennai,eeef38f2-0d4,0,15,0
8a6fe2a0-f32f-4ff9-bb05-839a7b137492,kgole@upi,baraldayamai@upi,2249.81,2026-07-28T23:56:22,Chennai,033b6f25-c1a,0,23,0
1f92a416-aaec-4ecf-8a38-4bdeaf23d441,janujapradhan@upi,qwadhwa@upi,2551.2,2026-09-06T03:39:27,Chennai,9c9396c8-258,0,11,0
c6327db7-79b5-41e8-aacf-431caa525cf0,desaiaishani@upi,karnikekansh@upi,4951.93,2026-08-02T02:42:45,Mumbai,3be7191f-103,0,19,0
2a260bd5-5313-4232-ad20-9b0be0732e12,hritikpalla@upi,aradhanaverma@upi,3692.12,2026-07-15T23:21:46,Delhi,72907c22-57a,0,23,0
81c6af3d-245a-43fb-bf75-39fb276f0660,patrickvasa@upi,kibeharsh@upi,3835.84,2026-09-11T10:10:28,Hyderabad,5486ec5a-863,0,10,0
3cd3a909-3652-4b5a-bc6f-da1e03368691,qwadhwa@upi,yashica46@upi,4487.48,2026-08-02T20:52:43,Akola,d7ea7a98-7ad,0,20,0
b8d84c31-5e2c-4052-9151-17f8bf3a1e54,jonathansolanki@upi,vihaan13@upi,2152.62,2026-07-12T13:07:16,Mumbai,2744506e-bbb,0,13,0
3eb52d41-3084-404e-a87a-f0d472d8fba7,priya51@upi,kalpit42@upi,1903.58,2026-08-23T04:42:07,Chennai,5f36b3fa-a9d,0,21,0
87c06993-4d70-427a-af3e-2909f2bbd709,ekantika31@upi,yauvanicomar@upi,1720.18,2026-09-03T20:01:03,Kolkata,c10de943-186,0,20,0
508598a5-a558-40b5-8a91-f06b8feea325,randhawaanvi@upi,sudiksha89@upi,4470.4,2026-08-21T18:04:11,Hyderabad,4e527681-5a1,0,18,0
b75cede8-1b59-44c3-93f8-0bf2d99afd14,droy@upi,qatwal@upi,2226.83,2026-07-05T02:51:44,Kolkata,554ccb59-53a,0,21,0
9cb676f7-1060-44e9-b21b-8f1e7fe38a19,avarkey@upi,baraldayamai@upi,2499.69,2026-07-31T14:18:38,Delhi,2060d1a2-7a7,0,14,0
9b7a9fe5-e169-431c-99a9-8a6d6f8b72c7,trivenipathak@upi,desaiaishani@upi,168.36,2026-09-12T02:14:56,Akola,6011f78b-818,0,7,0
fffee0b0-6c41-40f7-9784-a61a88a339a1,rajanranveer@upi,kgole@upi,334.61,2026-07-20T01:38:16,Mumbai,d345db24-261,0,21,0
ef1fb24b-ec3c-47ad-a35b-8dd7df5913cc,raigunbir@upi,ekarajbath@upi,421.46,2026-09-13T14:34:59,Akola,81bf5faf-76e,0,14,0
3ffa62f2-985b-42dc-b046-79526c1feecf,daksh45@upi,qpandya@upi,2669.12,2026-08-18T02:36:18,Mumbai,072ac257-0f0,0,10,0
9f45af5d-3a09-41e7-a693-44d631660a8c,onikannan@upi,kibeharsh@upi,1227.84,2026-07-07T07:21:06,Kolkata,3986b98f-c16,0,7,0
f5469448-7d92-4e4f-960b-b6efe6608a70,balangirik@upi,yadavinarula@upi,670.37,2026-07-04T11:07:22,Akola,1960d8de-cb3,0,11,0
64d7d7ff-2c14-4ae2-8463-b892988cf82f,nattdominic@upi,xiti28@upi,4335.7,2026-09-11T14:13:08,Akola,a40028bd-8ea,0,14,0
b1366c16-e55b-4c8f-9089-4150b1037a4b,upmavenkataraman@upi,ekantika31@upi,734.2,2026-06-30T00:07:18,Pune,38c9fa48-2f9,0,19,0
a40d1b1b-1a8d-4478-a94f-6b9b94fe4f4b,daksh58@upi,ekapadjohal@upi,235.22,2026-07-21T15:18:27,Delhi,b2da648a-195,0,15,0
f8d2b136-294a-4d63-bb1f-748bd9b40ae3,suhani46@upi,yauvanicomar@upi,3984.75,2026-09-21T21:45:04,Pune,5d0c0d11-0c6,0,21,0
eb2a1299-9dac-4ee4-ad8c-e0f2e708d60e,vmerchant@upi,baraldayamai@upi,3651.16,2026-08-04T23:21:22,Chennai,af2f2527-a1c,0,23,0
c25e7f86-e722-46e8-ba1a-eb867ce8303f,pushtibal@upi,mkapadia@upi,1601.4,2026-08-04T17:32:47,Mumbai,ef54e936-8e0,0,17,0
5d8a3b5f-5083-4cab-96c8-159e04fafeb6,uaurora@upi,vedamalhotra@upi,393.8,2026-08-16T13:10:06,Delhi,ee6efdd6-203,0,13,0
2c41b854-ed59-4d6a-831d-0aa14de8aae9,yutika95@upi,aradhanaverma@upi,3380.37,2026-09-08T16:32:36,Delhi,534764bd-7d8,0,16,0
13c2a12b-9948-4ef2-9ed9-90040d5336b2,amol24@upi,uaurora@upi,2159.89,2026-07-19T05:28:08,Kolkata,8937ded1-b0c,0,16,0
10abce96-3bf3-4967-841e-ff184b925e1e,shivansh53@upi,nathanielsami@upi,1909.45,2026-09-02T00:50:29,Bengaluru,40f069c3-46c,0,18,0
ff211e05-7e41-4f37-84d6-e1a387fa6c4e,diya27@upi,desaiaishani@upi,413.98,2026-08-04T05:39:56,Kolkata,ddd946f9-d4c,0,15,0
089b1f2e-5ddd-4771-8992-f4391cfcfbcf,yauvanicomar@upi,hrattan@upi,2812.52,2026-07-19T20:27:17,Pune,b458f741-708,0,20,0
8e3054f9-2c24-49e7-98c7-3b8090c63669,advika35@upi,pavani85@upi,2243.5,2026-07-15T19:28:31,Delhi,c31a4817-673,0,19,0
e98f3cf0-d4d4-4ce6-8285-17f94e20a11e,yashica46@upi,dharazaan@upi,41452.41,2026-09-20T23:04:45,Kolkata,20291630-e3a,1,23,1
4b3397ed-70af-41f2-a4e4-f0be58ac67a3,qvyas@upi,tanvi51@upi,3572.62,2026-09-08T12:02:27,Chennai,e316ffc2-72c,0,12,0
aeacbe70-09da-4095-b34e-d0f45aa0ceab,vihaan13@upi,ksehgal@upi,448.26,2026-09-10T19:04:00,Kolkata,dda8abfe-645,0,19,0
bb5eb573-c522-45fb-9ca0-78c2b0b0ae58,pandeychanchal@upi,atharv13@upi,3656.6,2026-07-21T21:57:44,Chennai,864a2d04-55f,0,21,0
59d0d95b-2cb1-448b-8e4b-7e9893950864,jyoti29@upi,bariaazaan@upi,3329.29,2026-08-31T00:59:52,Hyderabad,1b8449aa-325,0,11,0
4f4025db-304f-4bcb-89b9-d697f6d265fb,choudhuryjanani@upi,nandinibhargava@upi,4541.27,2026-08-10T19:04:08,Akola,4c93c7d1-a58,0,19,0
b0ef3411-3fd4-44b9-9dd8-c238d692950b,urvashi66@upi,odhar@upi,1261.33,2026-08-12T09:41:37,Hyderabad,f2baea33-475,0,9,0
fe7fca0e-61af-41da-a15e-676815149f35,ssahni@upi,hritikpalla@upi,3684.29,2026-07-18T15:19:15,Akola,5a5477fd-633,0,15,0
475b90ca-6efb-4f6e-bb34-0a7c1e0b0b81,borramanthan@upi,cswaminathan@upi,27912.62,2026-08-03T00:24:18,Bengaluru,450b1d0f-9db,1,0,1
cff2aea8-ed45-456d-8687-c222ed728bca,bcherian@upi,lalpranav@upi,4632.09,2026-09-13T20:07:53,Mumbai,c441206e-dd2,0,20,0
2f220936-b172-4fcc-955d-2f0e5b08b58f,shroffbhavna@upi,ekbalbhasin@upi,4119.59,2026-07-13T22:30:47,Bengaluru,b34f4617-f13,0,22,0
3c0fd39a-24df-4a22-8385-53da04dfe65e,amaradutta@upi,owen10@upi,447.1,2026-09-04T12:06:56,Bengaluru,aa02a852-3bd,0,12,0
db010e5a-bb7a-4dac-966f-fde257c7bd9b,randhawaanvi@upi,shivansh53@upi,4343.15,2026-07-02T06:56:09,Bengaluru,4e527681-5a1,0,6,0
bf874c78-a597-4df4-824b-c1bc88b6faa5,maneupasna@upi,sudiksha89@upi,98.61,2026-08-10T07:46:13,Chennai,e7ceef85-245,0,7,0
4e9e3602-8fd5-4644-b22a-4cc9f7ae7987,timothy17@upi,sawhneyojas@upi,2406.98,2026-09-21T16:58:06,Hyderabad,7750feff-f48,0,16,0
704ef2c5-355b-46de-94b4-9970b2a5b59c,advika35@upi,mananbakshi@upi,4694.46,2026-07-18T10:54:46,Bengaluru,c31a4817-673,0,10,0
61bfa48e-12a8-4051-8f98-28601aaf52a8,dhaliwalupkaar@upi,qnayar@upi,3157.67,2026-08-04T10:10:49,Chennai,7a9a9350-e0a,0,10,0
9672eea1-ccfb-484d-a9aa-cacf2fcb3b50,hyadav@upi,avarkey@upi,2159.21,2026-07-15T23:15:49,Kolkata,7662df68-57c,0,23,0
2f5ac75a-8dab-4aab-b89b-9101326fdd60,patrickvasa@upi,henry25@upi,1910.32,2026-08-05T14:37:30,Chennai,5486ec5a-863,0,14,0
4be1fe08-53ed-40d5-8089-6973a6476dcc,suhani46@upi,baldevika@upi,4372.62,2026-08-19T18:00:03,Pune,5d0c0d11-0c6,0,18,0
511b7537-7901-4498-98be-f1b83a2d1aa0,kgole@upi,baldevika@upi,2208.51,2026-08-04T00:23:27,Chennai,033b6f25-c1a,0,13,0
6bbc013a-6c9f-490e-b35b-e3d81b82017e,amaradutta@upi,onadig@upi,2776.65,2026-08-11T10:24:06,Chennai,aa02a852-3bd,0,10,0
03fabaa9-a16b-41ab-98c7-e17643f72346,upmavenkataraman@upi,bhavyamandal@upi,1890.75,2026-09-16T01:59:24,Hyderabad,38c9fa48-2f9,0,10,0
f684aa3a-ece9-409f-8459-7eaa94528cea,onikannan@upi,xiti28@upi,1728.15,2026-09-20T07:57:00,Akola,3986b98f-c16,0,7,0
d2ee8b6e-f58a-4974-add1-9f8f3fe7552a,aishanibumb@upi,karnikazad@upi,4084.07,2026-09-02T14:47:47,Bengaluru,27a02a93-b8a,0,14,0
97b7e96e-f35d-42c9-863a-48ba0ab89fca,xiti28@upi,bhandarijyoti@upi,1378.17,2026-08-24T08:16:21,Pune,4a9d640c-559,0,8,0
97d0cc25-44d2-4221-81b9-41df5cd5d77f,cswaminathan@upi,khatrinathan@upi,4840.1,2026-07-29T03:22:24,Chennai,46baf193-06b,0,11,0
98688d2f-ef09-4c7a-9b7a-e7dac2055ee9,sudiksha89@upi,ekarajbath@upi,3679.28,2026-08-12T22:44:35,Mumbai,06dc236b-954,0,22,0
b0cbe968-5ad4-41a7-a653-33f0ba3fe3eb,zdeol@upi,pchhabra@upi,401.42,2026-09-02T00:08:52,Mumbai,500c5ea8-5e7,0,14,0
128b782e-6371-4b71-b650-fe5eb8f51851,yauvanicomar@upi,sudiksha89@upi,3294.23,2026-07-22T23:25:22,Hyderabad,b458f741-708,0,23,0
53d372de-22dc-4ab8-990a-e5314d92dfb7,ekapadjohal@upi,farhanchada@upi,774.33,2026-08-14T10:10:16,Pune,057e37c4-ccf,0,10,0
141558d7-c88f-4425-88c9-dd540fc8769d,isha34@upi,ekaraj45@upi,3922.82,2026-07-17T21:25:43,Hyderabad,8fc07b5e-994,0,21,0
3ecab734-2e0e-4c41-9fd1-f871ee4c2b41,priya51@upi,bhavyamandal@upi,3831.86,2026-09-05T18:49:58,Kolkata,5f36b3fa-a9d,0,18,0
b171dd3e-cb21-4d36-acfb-a2e805177700,mray@upi,aarnavrege@upi,89397.72,2026-08-26T00:23:04,Akola,6beb2f66-7d7,1,0,1
7c95a7dd-c12d-43c0-b586-c7522fab644c,upai@upi,yutika95@upi,1839.93,2026-07-19T03:18:33,Hyderabad,eb6db7d5-b4b,0,12,0
f87a72de-0ae2-467d-b39c-94ae5597d346,raigunbir@upi,priya51@upi,2551.77,2026-09-17T01:14:08,Hyderabad,81bf5faf-76e,0,8,0
15912204-cf1e-487e-98e2-b67591f15436,zarnapathak@upi,zarnapathak@upi,3939.51,2026-07-21T12:57:15,Akola,1812699a-1b3,0,12,0
571365dc-85bf-44f8-b894-27a32b24c3ce,udantbajwa@upi,pandeychanchal@upi,3581.01,2026-08-16T21:47:58,Chennai,cce36fe7-c93,0,21,0
86e4834c-369a-4228-b922-f8a2064fe06c,falak10@upi,utkarsh52@upi,1008.55,2026-08-03T12:08:29,Chennai,ddebfabe-8b8,0,12,0
ab3c2cff-f0d2-44f2-b178-3fb6d64778fd,teerth09@upi,ranbir39@upi,1720.08,2026-07-15T16:15:05,Mumbai,ffd45e2d-603,0,16,0
77297bdc-e802-49cd-8f40-cda89a718a51,utkarsh52@upi,avarkey@upi,3694.09,2026-08-07T19:06:56,Pune,217f4f0c-209,0,19,0
dfdba16c-d7e8-4bf0-b31d-2f27a1fc86b8,fswamy@upi,fchaudhary@upi,4883.71,2026-08-06T21:20:47,Kolkata,ffe1ecd3-cab,0,21,0
b810bb5a-9fba-4b3f-9489-bacb4fd78d4d,raksha87@upi,daksh58@upi,1166.63,2026-08-16T06:41:24,Akola,cd38bc87-080,0,6,0
2fe0b707-f887-49f3-81a7-3dd2a0a1d1b9,nihalshere@upi,modibhavini@upi,326.54,2026-09-07T23:47:47,Bengaluru,fed80d2e-7e6,0,23,0
bac69a61-ad8c-4b09-81b2-19135f044390,rudra61@upi,kgole@upi,2407.35,2026-08-11T22:49:20,Kolkata,6ae81ea1-31b,0,22,0
8199fa78-040f-466f-a8be-36a5eaaa66ac,ansh98@upi,oseth@upi,4093.61,2026-08-31T00:26:11,Bengaluru,996b3a25-6da,0,15,0
cadeb0aa-6930-4353-94e1-a8e328009241,koshybalveer@upi,modibhavini@upi,4028.24,2026-09-07T21:56:13,Hyderabad,53981699-769,0,21,0
cb500511-e0c1-4150-98b9-fe19a1322306,xiti28@upi,aviramesh@upi,855.14,2026-07-12T06:13:12,Akola,4a9d640c-559,0,6,0
a4bf58df-d0c8-4ed6-b8f2-04ae2da1dae7,esawhney@upi,ekantika31@upi,4625.34,2026-07-23T05:01:52,Hyderabad,23e5b872-dee,0,9,0
348f60ac-59bc-4ef3-8c0e-40d9aadae7c6,uaurora@upi,yadavinarula@upi,99589.18,2026-08-08T23:31:25,Chennai,2d37b2fd-d37,1,23,1
7e6598d6-6fa0-48ad-87d2-bf148d60760c,baldevika@upi,falak10@upi,3958.46,2026-07-28T18:07:03,Akola,d32ca56c-31d,0,18,0
244350f6-503c-4611-a98d-a0836e5b333b,chanderwarjas@upi,fsamra@upi,924.84,2026-09-18T22:02:33,Mumbai,803cb4f5-eb2,0,22,0
38f80359-7f8f-4837-9973-90e3ebd9c896,beramax@upi,mkapadia@upi,2041.88,2026-08-05T01:08:04,Hyderabad,66663ca1-cbd,0,11,0
e1ab648c-5c01-41ba-94dd-9816439d40ae,ishaanshenoy@upi,dateanvi@upi,693.83,2026-09-13T21:28:14,Hyderabad,d25bdbcf-05d,0,21,0
6fa84a28-78cb-4c1b-9d59-1c79542535be,kashviedwin@upi,ishaanshenoy@upi,1556.6,2026-08-04T08:47:47,Kolkata,0696c6bf-850,0,8,0
b3e5f6d1-c35b-41f7-814a-2cd2322ee5e7,ekarajbath@upi,daksh45@upi,2087.64,2026-08-03T09:33:04,Kolkata,9134902d-876,0,9,0
2c8a5e95-e194-493b-a9fb-d0c20d09d18b,kakardivya@upi,sahaupkaar@upi,2298.83,2026-07-16T23:49:55,Bengaluru,5f331193-cf1,0,23,0
62092623-e33d-4b3e-bf1e-ebcb02ff55c9,lakshmi51@upi,zaidchauhan@upi,1696.52,2026-07-19T11:03:45,Bengaluru,c26b652f-797,0,11,0
8913b05f-520d-4ce5-8a26-b4eb0d9cba05,advika35@upi,fchaudhary@upi,1057.61,2026-08-11T03:54:41,Bengaluru,c31a4817-673,0,16,0
e721e5a5-8a5d-44a0-ad7d-13b62962555f,balangirik@upi,harrisonrai@upi,4684.43,2026-09-24T03:01:01,Kolkata,1960d8de-cb3,0,7,0
5b179e5c-20b2-471b-8728-6c571ec4f2d5,droy@upi,pandeychanchal@upi,4632.3,2026-09-04T08:20:20,Pune,554ccb59-53a,0,8,0
5ba89841-b52a-4f98-a8d7-6504b9c6a96d,uchandran@upi,vihaan13@upi,2733.11,2026-09-05T00:00:32,Mumbai,ea9893d5-713,0,21,0
d2fd64e8-c3b9-41ca-8828-afdf813d5d80,kgole@upi,timothy17@upi,1935.48,2026-09-02T13:55:14,Hyderabad,033b6f25-c1a,0,13,0
6c3e4e78-656c-4d7d-b99a-13e99d1100f3,hrattan@upi,ekapadjohal@upi,1733.95,2026-08-24T02:35:37,Bengaluru,c3f5975c-ac9,0,17,0
5029da9c-9e39-42f3-9d47-58ba8f1f502e,chandani64@upi,tanvi51@upi,4009.11,2026-08-20T13:32:43,Bengaluru,0a20b114-3c9,0,13,0
562e8367-a2dd-4f87-92a4-1fcbd4b05f25,patrickvasa@upi,triyagopal@upi,969.4,2026-08-31T21:36:22,Chennai,5486ec5a-863,0,21,0
db6bc706-5fd7-4864-abbe-eca3f9e9311c,daksh58@upi,vmerchant@upi,1658.19,2026-07-19T02:24:37,Chennai,b2da648a-195,0,19,0
5ccc1f04-f2be-4950-bb94-91918eb6eb1d,dhaliwalupkaar@upi,darsh64@upi,1311.56,2026-07-09T11:04:17,Delhi,7a9a9350-e0a,0,11,0
c8d12951-b1ef-4542-8dce-64a918d114a6,aishanibumb@upi,koshybalveer@upi,970.39,2026-07-09T07:30:40,Delhi,27a02a93-b8a,0,7,0
6ceeacb7-1958-409f-a76c-a2b3f9d2bfc7,ssahni@upi,ekapadjohal@upi,1594.86,2026-08-24T23:14:31,Delhi,5a5477fd-633,0,23,0
9ef677a0-79e7-4f19-a9e8-7129843b3b6f,kakardivya@upi,zarnapathak@upi,420.41,2026-09-25T18:39:43,Mumbai,5f331193-cf1,0,18,0
be139a64-1e32-4fb2-a78f-09ded8cf0535,qpandya@upi,sawhneyojas@upi,3601.06,2026-09-18T08:38:56,Delhi,420fdf64-228,0,8,0
dd04ad65-f0e5-46fc-b7ed-ccce431ff322,bhattvamakshi@upi,vamakshi82@upi,3182.9,2026-07-09T21:21:32,Akola,b4b08621-6b3,0,21,0
1dfa148f-3e6b-454c-bc88-abb0d4a34d6f,roak@upi,daksh45@upi,55221.07,2026-07-08T01:44:53,Pune,57eee3f8-c7c,1,1,1
f893df37-62dd-4f00-8c33-9fc93634a766,ojasvi77@upi,owen10@upi,2502.02,2026-09-10T18:20:25,Chennai,436c8c6f-1ee,0,18,0
6b8c6b63-a8e8-44de-9264-76dc0d91541a,pushtibal@upi,beramax@upi,1185.31,2026-09-22T04:08:05,Hyderabad,ef54e936-8e0,0,21,0
42106992-41d0-400e-9eb9-f0572e5c9a9a,ansh98@upi,cdatta@upi,4880.51,2026-09-13T02:06:02,Chennai,996b3a25-6da,0,22,0
bc2452d8-c067-4590-8905-52fe566d6193,indirakanda@upi,bhattvamakshi@upi,2004.92,2026-08-24T15:12:05,Mumbai,0b3b9bf5-fe4,0,15,0
e05e28a3-24eb-46c1-9cfe-1f72dd4e96c3,yashica46@upi,diya27@upi,3515.56,2026-08-29T22:15:15,Bengaluru,44bc0387-f29,0,22,0
82302b49-a953-4365-ae02-acdd6f797b91,trivenipathak@upi,vmerchant@upi,3032.14,2026-07-11T15:14:16,Bengaluru,6011f78b-818,0,15,0
095e8867-aefb-4610-8e33-48728a94bd66,gautammerchant@upi,upai@upi,3893.42,2026-07-14T16:00:56,Chennai,c39bd9f0-2f5,0,16,0
e1d7a761-2380-4a93-a469-8f0a829243f1,udantbajwa@upi,bhagatbrinda@upi,230.61,2026-09-05T18:12:42,Pune,cce36fe7-c93,0,18,0
cde0b05f-7717-43f9-97c0-dbabec4fd385,avarkey@upi,farhanchada@upi,4032.78,2026-08-12T16:44:37,Delhi,2060d1a2-7a7,0,16,0
1e56fbc1-c561-47ef-a2c7-02ffeb448538,choudhuryjanani@upi,qpandya@upi,27094.71,2026-09-07T01:10:42,Akola,61ff4148-6c3,1,1,1
7dd0e0af-d87e-425f-9cea-5514b41c1edb,onikannan@upi,diya27@upi,253.14,2026-08-02T00:22:01,Pune,3986b98f-c16,0,13,0
deeaacb6-8884-4c1a-bc93-3db7f962c0ad,mkapadia@upi,gauriganguly@upi,4479.04,2026-08-08T13:11:41,Kolkata,7e9eef66-f41,0,13,0
80e35c0b-d84f-437f-a794-6647ea413bd0,koshybalveer@upi,uaurora@upi,623.3,2026-09-21T22:19:18,Kolkata,53981699-769,0,22,0
380efb60-0520-4394-ba54-b46a97b6bbf7,devimatthew@upi,modibhavini@upi,3468.52,2026-07-03T23:11:01,Kolkata,a1b0f18a-d9c,0,23,0
4ca0b9a3-b315-4b31-b2d8-ac91b4bb6bf3,saumyadey@upi,lakshmi51@upi,2934.72,2026-07-15T08:43:59,Hyderabad,a9e6a037-41e,0,8,0
75c66b58-6099-4966-81c6-4e1571d97d05,frederickkhurana@upi,hyadav@upi,61374.52,2026-07-03T04:16:31,Chennai,7b81ffe0-cc1,1,4,1
d209f5e8-ab05-4980-8f6b-f8bc187b55f5,pavani85@upi,kashviedwin@upi,4746.03,2026-06-30T22:33:05,Delhi,f45333eb-f0e,0,22,0
b0a12cb9-9185-4615-8d07-91903d2fd1da,yashodadeshpande@upi,nattdominic@upi,1541.67,2026-06-30T10:51:45,Kolkata,976e20dc-d26,0,10,0
b360d6d7-7c0d-4a88-ac40-a806258979e2,ranbir39@upi,harrisonrai@upi,2180.1,2026-09-06T16:59:00,Mumbai,06491864-379,0,16,0
103b21e1-31d9-420e-b289-41c50e4bfb45,lakshmi51@upi,kakardivya@upi,4735.23,2026-07-18T15:03:41,Chennai,c26b652f-797,0,15,0
2ac2c235-9da9-44bf-bc74-e9f68d50be4d,theodore28@upi,fchaudhary@upi,1236.49,2026-08-24T06:39:08,Bengaluru,bf68b038-433,0,6,0
b92acab2-cdcf-4a6b-bd49-dea42d360bdc,vihaan13@upi,indali23@upi,2899.68,2026-07-19T17:56:46,Chennai,dda8abfe-645,0,17,0
3d5f03a3-0044-4367-b6e4-3704545f1cbd,avarkey@upi,aradhanaverma@upi,2377.07,2026-08-20T12:48:41,Kolkata,2060d1a2-7a7,0,12,0
3da62dea-cabb-4fbd-a35b-2ca6ca802163,ishakuruvilla@upi,randhawaanvi@upi,793.59,2026-08-19T12:45:37,Hyderabad,6bc0dd84-3b8,0,12,0
fea8849c-4c3e-4895-b9a0-06b81ea738ee,qatwal@upi,ekarajbath@upi,3455.83,2026-09-22T21:16:44,Hyderabad,cc16e930-bee,0,21,0
6cc55fba-3c93-487b-81df-4b03c2ccac23,nattdominic@upi,qpandya@upi,1779.54,2026-07-20T06:22:43,Pune,a40028bd-8ea,0,6,0
8a123ca4-93c0-43fc-af07-c9e326dd3123,chandani64@upi,nandinibhargava@upi,1571.61,2026-07-07T00:11:25,Chennai,0a20b114-3c9,0,14,0
af91445b-f483-4da2-ae68-21a52d2f22fe,bhatvarenya@upi,bhavyamandal@upi,4130.78,2026-09-13T13:30:36,Hyderabad,e7b4cbd8-66d,0,13,0
ab7f3e65-8f09-419e-940e-7f1d9df9a09e,ishakuruvilla@upi,alkadewan@upi,4308.83,2026-07-03T07:24:37,Akola,6bc0dd84-3b8,0,7,0
f080320d-03d5-4d61-be2e-d3a602442609,dhaliwalupkaar@upi,sudiksha89@upi,1635.27,2026-07-03T13:33:49,Chennai,7a9a9350-e0a,0,13,0
d72f0f4d-6d76-4ccf-b2a5-21a2118f1984,grewalekapad@upi,raigunbir@upi,2456.2,2026-07-13T12:51:50,Kolkata,48f0b03d-9d3,0,12,0
4bf912d8-2099-4ce9-9110-e55d11c00d88,priya51@upi,gautammerchant@upi,2695.4,2026-07-26T20:07:13,Pune,5f36b3fa-a9d,0,20,0
d3182eba-0c59-4f19-a175-e813e4cbc9ae,mkapadia@upi,onikannan@upi,1362.03,2026-08-18T00:44:37,Chennai,7e9eef66-f41,0,13,0
de0576ea-eaeb-427e-a3c2-853b9d905c6e,amol24@upi,qvyas@upi,2722.65,2026-09-02T20:35:20,Bengaluru,8937ded1-b0c,0,20,0
66baf1be-9201-4014-99e0-f818699cb1e6,balangirik@upi,maneupasna@upi,3296.01,2026-08-19T12:25:55,Akola,1960d8de-cb3,0,12,0
c78d07e7-c113-4271-9620-667b94041f72,chakradevbarad@upi,ksehgal@upi,2134.42,2026-07-03T09:38:52,Kolkata,a0208131-c51,0,9,0
f5fa6177-c8ad-48cf-adb7-5caaaeeff98a,amblesamarth@upi,dayamai55@upi,2426.96,2026-09-11T05:19:28,Hyderabad,8afd62cd-bcc,0,22,0
db7b533d-4084-4777-a9ba-78fe3ef8c6c4,kabirsoman@upi,ranbir39@upi,1400.54,2026-09-07T18:43:30,Delhi,6ef910ee-e62,0,18,0
48566a13-4c4e-4332-9cdb-5612329b70dd,ksehgal@upi,onadig@upi,1222.02,2026-08-05T05:03:31,Hyderabad,c2d55ab7-5eb,0,17,0
934e8212-440e-47d2-a236-08ea7a8ee19e,kabirsoman@upi,zarnapathak@upi,900.09,2026-09-19T22:14:29,Kolkata,6ef910ee-e62,0,22,0
61f40f5f-ae54-4199-9734-2a85a00b676c,bhavyamandal@upi,fsamra@upi,4180.58,2026-09-17T12:21:08,Bengaluru,dc1c0b6c-2bd,0,12,0
6242d0fc-6437-444d-b4d6-d95dd2eddc23,randhawaanvi@upi,upai@upi,4765.27,2026-07-08T18:30:33,Mumbai,4e527681-5a1,0,18,0
3c41d8e4-efff-41db-bdf9-2e431f12921b,jasmitwali@upi,kakardivya@upi,156.14,2026-08-29T10:57:05,Mumbai,c7e0aeac-11c,0,10,0
31656bef-0afd-4212-843d-1795c445ee0e,cdatta@upi,theodore28@upi,892.65,2026-09-26T15:58:01,Delhi,5549160f-884,0,15,0
4b4a3823-2c36-4af7-8db9-8e3cbe1951cc,yashica46@upi,ishakuruvilla@upi,1287.62,2026-08-29T15:17:04,Hyderabad,44bc0387-f29,0,15,0
ec8b81de-824d-4525-b33a-1abc2c066a59,aradhanaverma@upi,oseth@upi,388.64,2026-09-06T01:38:06,Mumbai,256a1951-b19,0,12,0
cd103cf0-b311-411e-b2e9-0a1eed3e902d,raksha87@upi,ekapadjohal@upi,3212.75,2026-07-07T00:35:58,Chennai,cd38bc87-080,0,15,0
385ac534-115e-46e8-adc4-e0af3dd9ab69,udantbajwa@upi,koshybalveer@upi,704.58,2026-07-20T14:03:58,Mumbai,cce36fe7-c93,0,14,0
05abaca0-6b63-4c31-b698-f17ff8953137,charan16@upi,kgole@upi,4729.07,2026-09-07T02:22:41,Hyderabad,027eadc5-718,0,16,0
e065ea9d-133e-4969-bf39-05165d47af4f,krishnanvanya@upi,vmerchant@upi,4192.82,2026-08-17T19:28:24,Akola,8ff5ffba-9c3,0,19,0
ad1f0901-54ff-481f-9dab-11d1d254f43f,aradhanaverma@upi,falak10@upi,4193.03,2026-07-18T00:11:37,Pune,256a1951-b19,0,8,0
a94b001b-f93e-4dc7-a00d-3d6c584ad456,krishnarama@upi,patrickvasa@upi,3994.01,2026-09-20T05:05:08,Hyderabad,12ee3893-8c0,0,11,0
883a92ea-399b-4a53-aae2-d2d1eb026962,sahaupkaar@upi,bcherian@upi,813.39,2026-07-27T15:04:14,Bengaluru,651e1852-8a4,0,15,0
e3b0b73b-039c-41ed-8af3-7a8051f8c32c,urvashi66@upi,osharaghavan@upi,1543.74,2026-09-21T14:22:43,Bengaluru,f2baea33-475,0,14,0
2a8a44f0-f8ed-4e6d-8316-58cd03ddce08,upai@upi,sachdevanikita@upi,3762.08,2026-07-01T16:28:01,Pune,eb6db7d5-b4b,0,16,0
51a21838-539d-49ee-a652-f94f7d428cd4,upai@upi,udantbajwa@upi,4047.11,2026-08-05T07:33:43,Pune,eb6db7d5-b4b,0,7,0
0e82a1cb-92ec-4f99-a199-ef7fc75d36d9,ksehgal@upi,suhani46@upi,4060.71,2026-07-23T01:47:34,Pune,c2d55ab7-5eb,0,7,0
b7ccedfc-8ff1-43ed-bc30-a479fba98452,bhavani27@upi,dharazaan@upi,2308.11,2026-09-01T15:56:13,Bengaluru,527b9e26-830,0,15,0
d9641c00-393f-4b42-a1b1-3c83e1d01b62,khatrinathan@upi,ishaanshenoy@upi,2897.82,2026-08-24T00:32:53,Delhi,67200f98-d64,0,16,0
d96dce50-d4f3-4a6b-b69d-e1e214768be3,cdatta@upi,raksha87@upi,4744.46,2026-06-30T04:37:17,Hyderabad,5549160f-884,0,10,0
b905a000-1eae-4f01-a87f-48c041341bd4,randhawaanvi@upi,theodore28@upi,4870.76,2026-08-03T12:27:39,Chennai,4e527681-5a1,0,12,0
255619c9-1ebc-4fd2-9acd-f5c71c73ad23,kalpit42@upi,krishnanvanya@upi,4030.95,2026-08-23T19:31:00,Kolkata,25b79fcc-aed,0,19,0
a7f9be71-4294-4757-a86d-821bd79617be,harrisonrai@upi,indirakanda@upi,2368.48,2026-07-10T01:50:09,Chennai,e7816626-028,0,21,0
1b70fe6a-0923-4783-b81b-efcd3c1c6d23,esawhney@upi,uaurora@upi,4549.17,2026-08-30T16:48:33,Kolkata,23e5b872-dee,0,16,0
62fbfd63-9709-4930-b8f0-6222c242269d,nandinibhargava@upi,desaiaishani@upi,351.02,2026-07-03T23:55:24,Hyderabad,48e3bd88-2ee,0,23,0
230bdeb0-8626-4dc0-ba74-bd167329cfa8,maneupasna@upi,yadavinarula@upi,1445.13,2026-08-26T12:18:11,Akola,e7ceef85-245,0,12,0
e6a7a8c5-fe6d-4978-a300-d8e2698c10d5,darsh64@upi,finn70@upi,455.64,2026-06-29T21:55:51,Mumbai,4991f5c6-f24,0,21,0
27511e27-7ed7-42bd-b99e-576b9664da06,harrisonrai@upi,amblesamarth@upi,280.18,2026-08-19T15:38:52,Delhi,e7816626-028,0,15,0
84fffc6c-32aa-4dc6-8e27-c75a4ec20f85,karnikazad@upi,mray@upi,2386.42,2026-09-26T04:04:11,Bengaluru,6f0a5b17-392,0,19,0
c75408bc-506e-44e8-a18e-21b447df2b3b,dateanvi@upi,sidhudaksha@upi,1869.34,2026-07-10T09:48:58,Pune,61876a84-17b,0,9,0
c0783ffe-1b4b-4fce-bf94-a2af92f6e176,bhavyamandal@upi,udantdewan@upi,4234.6,2026-07-19T06:03:33,Akola,dc1c0b6c-2bd,0,6,0
9a26ef91-196a-4c4b-b311-0d6c040ee590,kabirsoman@upi,finn70@upi,4499.68,2026-09-22T14:34:52,Pune,6ef910ee-e62,0,14,0
25ac9168-c727-4e89-8560-09a433891ff8,nidhikohli@upi,vamakshi82@upi,1946.07,2026-07-31T19:18:35,Kolkata,1cd764a8-258,0,19,0
c9d8375e-b6c7-4e90-9e07-de0ed1a98c6e,ranbir39@upi,devimatthew@upi,1939.82,2026-07-21T10:08:00,Bengaluru,06491864-379,0,10,0
3891b05a-837b-4dd8-99c1-e2dbdd4d8e7e,ishakuruvilla@upi,janujasankar@upi,989.76,2026-09-09T19:56:03,Kolkata,6bc0dd84-3b8,0,19,0
4024bbd3-ce49-4c9b-8ccc-59f005a1ca47,onikannan@upi,upai@upi,3485.45,2026-09-14T04:26:52,Kolkata,3986b98f-c16,0,9,0
db150f3a-b258-4268-bc24-5fd1aa268acb,mray@upi,roak@upi,251.92,2026-07-08T06:08:50,Akola,4d9d1830-dbb,0,6,0
b7ac31e8-a8c7-48b4-86a7-7be7659d188b,indira19@upi,avarkey@upi,2384.76,2026-07-07T04:58:52,Chennai,068a185b-655,0,9,0
2c9d86e0-4d2f-461d-8afe-0c73bb3ca76a,ishaanshenoy@upi,sachdevanikita@upi,4017.19,2026-09-13T12:28:36,Pune,d25bdbcf-05d,0,12,0
b1d387c3-79ff-4d42-a892-e7a1bfbd250e,qwadhwa@upi,bnayar@upi,3031.87,2026-08-10T17:48:53,Delhi,d7ea7a98-7ad,0,17,0
c296b6b4-02b4-4344-8bdd-d14e9cf7e24c,hritikpalla@upi,aradhanaverma@upi,71387.26,2026-08-05T04:39:05,Pune,d839cb42-ce3,1,4,1
131d0d96-d661-4a28-813d-ef020ce705f1,nattdominic@upi,uchandran@upi,3645.25,2026-08-06T11:47:39,Hyderabad,a40028bd-8ea,0,11,0
b94bcfc7-7591-44c8-a371-fa28becb3efe,gauriganguly@upi,othakur@upi,2322.04,2026-07-22T23:18:31,Pune,c72e7ae4-f85,0,23,0
f66ee1a3-04b2-4811-a70d-0049009dc191,dhaliwalupkaar@upi,kom@upi,4606.15,2026-09-16T02:26:20,Chennai,7a9a9350-e0a,0,22,0
977c5d8e-32eb-4338-9401-cd5da490806c,sahaupkaar@upi,osharamachandran@upi,2209.29,2026-07-30T12:28:08,Kolkata,651e1852-8a4,0,12,0
da9906cc-7859-4a66-9866-920cb90f4616,avarkey@upi,borramanthan@upi,4370.08,2026-07-28T00:51:53,Pune,2060d1a2-7a7,0,14,0
2177e763-b5b3-4ff3-ac64-634b755bc5a1,chanderwarjas@upi,devimatthew@upi,3084.01,2026-08-28T15:24:08,Hyderabad,803cb4f5-eb2,0,15,0
aec6b115-2d7e-4de3-b8f8-296a210e8a8a,vinayakanda@upi,sidhudaksha@upi,475.79,2026-08-21T19:26:50,Mumbai,23fef535-1f4,0,19,0
28536347-0e98-46b2-ae66-7ec54d1f436f,khatrinathan@upi,udantdewan@upi,4731.0,2026-09-04T16:58:30,Hyderabad,67200f98-d64,0,16,0
a69379de-4e48-4eac-97f6-3715de6de5f3,ssahni@upi,pavani85@upi,4561.86,2026-08-30T13:28:19,Akola,5a5477fd-633,0,13,0
7ee1b054-612b-4874-b062-87ab37d69090,aishanibumb@upi,cdatta@upi,1243.57,2026-07-19T13:08:57,Delhi,27a02a93-b8a,0,13,0
bdb6c8be-ca0d-4bbc-80b8-410ff424b9a1,upmavenkataraman@upi,kakardivya@upi,92816.58,2026-08-04T01:36:36,Bengaluru,13013bd9-418,1,1,1
fae9f3f6-0103-453a-b5f9-e052c21c5474,bariaazaan@upi,fsarma@upi,1531.42,2026-06-30T05:48:53,Pune,88c64c48-2d1,0,19,0
c0540f67-b6ff-4957-9dd6-7b50a2a45c90,roak@upi,onikannan@upi,3911.1,2026-08-20T05:34:48,Pune,caf157f1-769,0,9,0
61d9f44d-91ca-4cbf-8b3e-f59a5945f762,rsathe@upi,jasmitwali@upi,900.28,2026-08-29T04:46:42,Mumbai,b4287f0f-ef4,0,10,0
e0d68096-a7be-4400-95eb-21a7406db8c5,bhavyamandal@upi,maneupasna@upi,1419.57,2026-08-27T11:53:12,Akola,dc1c0b6c-2bd,0,11,0
32938b0f-8a29-46ad-b6a7-c037fba6f6d0,raksha87@upi,vedamalhotra@upi,4955.15,2026-07-30T14:24:24,Mumbai,cd38bc87-080,0,14,0
0a8f8efd-3ee7-4c5f-a5ee-9d67ae3d2e0d,isha34@upi,upmavenkataraman@upi,2640.62,2026-09-01T07:02:30,Delhi,8fc07b5e-994,0,7,0
24feef44-4cfb-4082-ad32-ffeaf9a1ee45,utkarsh52@upi,qnayar@upi,1560.69,2026-08-12T08:43:50,Pune,217f4f0c-209,0,8,0
d37d243d-e7e6-48f2-b786-a58ea4b5682c,harrisonrai@upi,randhawaanvi@upi,2347.87,2026-07-30T11:10:34,Pune,e7816626-028,0,11,0
ec4363f4-9cd1-4af2-b06d-ae69d4d5b057,raksha87@upi,beramax@upi,4078.65,2026-07-21T02:03:57,Kolkata,cd38bc87-080,0,16,0
b2ef367e-d68f-49eb-b9b4-3061db65f43d,droy@upi,thamanorinder@upi,2754.45,2026-07-22T16:21:57,Chennai,554ccb59-53a,0,16,0
290e906f-e7e5-453e-b640-9b2048a453e1,farhanchada@upi,kgole@upi,1819.06,2026-07-30T23:35:39,Mumbai,d163c594-7f8,0,23,0
e1af0ccb-b1ed-49b6-a227-1e4f4f50870c,nandinibhargava@upi,dharazaan@upi,779.08,2026-08-22T10:51:08,Delhi,48e3bd88-2ee,0,10,0
e230f6c0-0b6b-4ed2-90ca-f7c0ee6b6439,karnikekansh@upi,yutika95@upi,962.6,2026-07-12T16:36:28,Mumbai,9ebe94a8-d7f,0,16,0
d5bf9f9c-4d51-4b42-b298-20e1c8a4384f,indira19@upi,beramax@upi,887.87,2026-08-11T16:33:07,Kolkata,068a185b-655,0,16,0
a125377a-6f82-4740-a585-2f14b6d1b29e,avarkey@upi,henry25@upi,1514.16,2026-07-19T11:13:33,Delhi,2060d1a2-7a7,0,11,0
d0dd4fef-4278-4408-976e-f76f774a051d,aradhanaverma@upi,sahaupkaar@upi,3122.04,2026-09-03T14:30:44,Mumbai,256a1951-b19,0,14,0
08d047a0-0378-40f9-b953-1dc51c101053,alkadewan@upi,suhaninarain@upi,4901.85,2026-09-22T13:03:56,Pune,a481934d-88c,0,13,0
4e1c5ced-74ec-4f1d-8316-b2e82e89f18f,roak@upi,osachdeva@upi,82.99,2026-08-17T13:26:12,Mumbai,caf157f1-769,0,13,0
a33545d6-1fe4-4934-b9e5-ccb70e59146a,osachdeva@upi,lalpranav@upi,1066.32,2026-09-02T13:03:21,Bengaluru,5fbc55ef-2de,0,13,0
84af0845-23fe-41bf-a2eb-03d536448d53,hyadav@upi,fchaudhary@upi,134.86,2026-07-26T02:39:54,Chennai,7662df68-57c,0,12,0
d2c291c5-45f4-47c1-ab29-66501d403840,ranbir39@upi,kom@upi,4373.25,2026-09-12T14:53:01,Mumbai,06491864-379,0,14,0
6c8b7a74-d812-4d71-a726-70a7cfb10739,ojasvi77@upi,znori@upi,3025.24,2026-08-22T11:32:47,Pune,436c8c6f-1ee,0,11,0
be64a879-218a-48e2-b657-7d0ef24940bd,bhavnakaran@upi,grewalekapad@upi,3286.85,2026-08-22T10:24:45,Bengaluru,acdecfc2-24d,0,10,0
1a95a041-1a59-4fde-b5c9-0970c569247f,fchaudhary@upi,znori@upi,3651.41,2026-08-22T02:33:10,Akola,062a0cb9-2c4,0,10,0
4dd1e38d-a1e7-4334-9d1e-ce9fee1c0b6c,jyoti29@upi,bcherian@upi,3063.49,2026-08-28T07:38:15,Mumbai,1b8449aa-325,0,7,0
41e39ace-dce7-447b-af2b-fc89847e07b2,shivansh53@upi,falak10@upi,4483.22,2026-08-10T18:45:47,Akola,40f069c3-46c,0,18,0
9c249eaf-7acf-4e1d-b344-446966a0c15e,krishnarama@upi,utkarsh52@upi,1462.02,2026-06-30T07:29:13,Chennai,12ee3893-8c0,0,7,0
a8ddb634-46b1-4f99-9c8f-4c28ff36d032,owen10@upi,aviramesh@upi,977.59,2026-09-12T09:00:00,Kolkata,2a881e5f-0a3,0,9,0
af9a041d-9335-47ad-b790-1425f730c5dc,bnayar@upi,karnikekansh@upi,1273.5,2026-07-07T09:43:12,Hyderabad,9ae0f61e-249,0,9,0
5e9b070b-265a-4c8c-925e-c1d901d42813,ksehgal@upi,nihalshere@upi,4242.45,2026-07-07T21:34:02,Chennai,c2d55ab7-5eb,0,21,0
e26c61cc-f9a9-4e9d-b4df-f0726d7a52cb,yashica40@upi,sahaupkaar@upi,4161.22,2026-06-30T22:32:34,Delhi,4f00d0f2-cb4,0,22,0
ff2954ff-9c4c-4593-befa-cf309fb12575,ojasvi77@upi,bhatvarenya@upi,48631.51,2026-07-07T23:45:16,Hyderabad,46c68a73-82d,1,23,1
46c3800b-1161-4e62-be63-f104b35d2538,aviramesh@upi,harini14@upi,1835.47,2026-07-27T10:48:25,Delhi,ce2fa891-0b2,0,10,0
050faac2-7102-42b9-a1a4-749dd8c90063,ksehgal@upi,amblesamarth@upi,317.44,2026-08-23T22:09:49,Akola,c2d55ab7-5eb,0,22,0
3449ce8c-37c3-4585-970a-2cc4f1b3b872,zdeol@upi,gauriganguly@upi,1276.35,2026-08-20T07:08:24,Bengaluru,500c5ea8-5e7,0,7,0
a5c9c240-06ad-4f34-87b2-b04cee717375,atharv13@upi,osharaghavan@upi,2648.56,2026-07-21T14:17:26,Hyderabad,42f27329-005,0,14,0
3e54dda8-47fe-47a9-ba00-24fd04a31aa2,nandinibhargava@upi,dayamai55@upi,192.93,2026-07-01T15:14:58,Kolkata,48e3bd88-2ee,0,15,0
22e841c7-71f6-49e3-92ec-1bbdc2c35147,janujasankar@upi,fchaudhary@upi,4636.27,2026-08-02T03:53:59,Pune,9939ea42-a08,0,14,0
2891e8b6-bb86-4ecb-a41f-e3da5c2ddc59,aarnavrege@upi,shroffbhavna@upi,2216.84,2026-07-01T20:48:11,Chennai,33daedc4-9e0,0,20,0
9a8c8afe-de24-4557-b885-314e5fcfa4d4,sudiksha89@upi,karnikazad@upi,3817.91,2026-08-08T22:16:06,Bengaluru,06dc236b-954,0,22,0
1b7b3462-14d4-4d9c-8cf1-8c5eb6e22e2b,bariaazaan@upi,vamakshi82@upi,374.8,2026-07-03T13:53:37,Chennai,88c64c48-2d1,0,13,0
39f9c2b9-ad17-4c5a-86d7-820978be9940,indali23@upi,nihalshere@upi,2801.17,2026-08-06T15:33:51,Pune,56169905-4e3,0,15,0
6e2343bb-5cda-4bbd-a8a0-6f0f4fa58af6,nattdominic@upi,janujapradhan@upi,1153.25,2026-07-14T23:24:32,Kolkata,a40028bd-8ea,0,23,0
72a85ad6-cfb4-4294-9bf0-90d2fb76c48b,daksh45@upi,pandeychanchal@upi,2331.1,2026-09-27T10:50:22,Akola,072ac257-0f0,0,10,0
2a353194-4d9d-4a75-a4cf-0a83aa9e9901,koshybalveer@upi,saumyadey@upi,83737.91,2026-09-14T23:58:42,Chennai,79c02ce0-67e,1,23,1
893b5eba-4b27-4010-bce0-5b01a4e991b7,qwadhwa@upi,modibhavini@upi,4746.52,2026-07-28T01:12:25,Akola,d7ea7a98-7ad,0,18,0
6dc179fd-ad45-4689-8be5-3ebd1cd0aa6b,teerth77@upi,rajanranveer@upi,554.41,2026-08-02T23:51:43,Hyderabad,195c66ab-c8b,0,23,0
23864de7-2f4c-47f9-96f4-f0cacaf75156,rudra61@upi,bhattvamakshi@upi,1774.25,2026-08-19T06:54:57,Kolkata,6ae81ea1-31b,0,6,0
bf216c29-3bf0-4183-b176-158fd4a77f45,esawhney@upi,thamanorinder@upi,2634.12,2026-08-08T21:59:19,Akola,23e5b872-dee,0,21,0
fc5ea803-ce41-4f5d-a264-bded52f255b3,ansh98@upi,daksh45@upi,79139.96,2026-07-22T04:02:41,Hyderabad,ceb910b7-43a,1,4,1
7d8fa14e-9639-44fa-b692-b9b868c5dbfa,dhaliwalupkaar@upi,hritikpalla@upi,2347.59,2026-09-20T12:10:07,Chennai,7a9a9350-e0a,0,12,0
39c33e6e-5ea0-487d-9064-e537ed6b719f,shagaurang@upi,pushti49@upi,1511.2,2026-07-27T22:32:41,Pune,f2695b17-da3,0,22,0
c38b8133-4a37-498a-91f7-04a6e999956a,oseth@upi,pushti49@upi,490.85,2026-09-16T07:32:38,Akola,d85c553b-6f2,0,7,0
04b4cd0a-d49c-4e5a-bc11-54a29587c849,osharaghavan@upi,yadavinarula@upi,2268.46,2026-08-30T10:57:41,Mumbai,ad326f07-fe5,0,10,0
63f5900b-55e4-41d0-aa08-ba1e609ad502,krishnanvanya@upi,osachdeva@upi,3372.36,2026-09-21T15:23:19,Chennai,8ff5ffba-9c3,0,15,0
df6cf74d-6a4b-4697-ba1b-c1c45f412645,harrisonrai@upi,pchhabra@upi,1780.85,2026-07-06T08:36:15,Pune,e7816626-028,0,8,0
d4568654-fefd-4896-8d67-b779391b4c05,kabirsoman@upi,ssahni@upi,1752.23,2026-09-01T14:03:51,Kolkata,6ef910ee-e62,0,14,0
0298b1a9-b18a-4d9b-a769-ed34d56cfd93,roak@upi,yashawinilanka@upi,3137.86,2026-09-26T19:06:40,Hyderabad,caf157f1-769,0,19,0
addfee7f-032d-4543-bcc9-32f4a0586cb5,bhavnakaran@upi,nihalshere@upi,1420.99,2026-09-25T09:37:22,Delhi,acdecfc2-24d,0,9,0
f908d029-02da-430a-a8dc-74d09b096827,dharazaan@upi,ekbalbhasin@upi,77536.59,2026-08-04T00:09:40,Bengaluru,41616042-351,1,0,1
2f10f504-3d3d-4b56-b94d-24ed43af81fe,lalpranav@upi,hyadav@upi,3306.91,2026-07-25T21:32:08,Hyderabad,4246c913-061,0,21,0
64d86838-63d3-490a-8135-193ea4de71a9,harrisonrai@upi,roak@upi,3737.88,2026-08-10T18:15:46,Pune,e7816626-028,0,18,0
988920a6-12ac-4095-a952-68b0b234ac61,patrickvasa@upi,anshbedi@upi,3054.49,2026-08-20T23:18:49,Akola,5486ec5a-863,0,23,0
784d7b1b-5462-4426-8024-1df535a25377,ekaraj45@upi,indirakanda@upi,2740.33,2026-09-10T16:30:11,Mumbai,9046f951-c5c,0,16,0
2deb183e-b681-4934-b5c8-158bbc0b7754,saumyadey@upi,koshybalveer@upi,702.77,2026-09-04T00:12:05,Mumbai,a9e6a037-41e,0,15,0
1118c43d-7692-4032-9c77-4aa2130f30ff,eyohannan@upi,kgole@upi,3994.0,2026-08-28T05:23:03,Akola,0f358453-475,0,13,0
c252ca0c-3267-4ab9-9097-dde86fe106cc,oseth@upi,jonathansolanki@upi,2103.74,2026-08-09T04:27:31,Chennai,d85c553b-6f2,0,18,0
a141f406-a339-4dde-825b-acc6603a256f,alkadewan@upi,indirakanda@upi,1422.57,2026-07-13T14:36:47,Mumbai,a481934d-88c,0,14,0
ecc24056-6a95-46ed-ac9e-0de8eaeccba1,chanderwarjas@upi,urvashi66@upi,736.74,2026-07-18T18:16:18,Akola,803cb4f5-eb2,0,18,0
810e74d6-6269-4409-a5c8-c050bc018bb5,qwadhwa@upi,bhavyamandal@upi,4876.16,2026-08-03T15:30:20,Hyderabad,d7ea7a98-7ad,0,15,0
9a7a4c93-6e88-4ecd-a6f2-eca573762a07,shroffbhavna@upi,anamikayohannan@upi,2697.43,2026-09-06T22:28:45,Delhi,b34f4617-f13,0,22,0
05312596-a91c-42d2-abaf-f79b3e674261,fsarma@upi,dharazaan@upi,4007.9,2026-08-24T17:26:13,Kolkata,7033c9dc-e9c,0,17,0
a6be1295-f613-407f-8162-2e6b3685fea7,bhandarijyoti@upi,thamanorinder@upi,1257.12,2026-08-21T13:32:38,Kolkata,32dea559-1cb,0,13,0
e130fc2a-36c7-433d-9af7-95855ee76533,raigunbir@upi,karnikazad@upi,355.7,2026-09-04T18:43:24,Pune,81bf5faf-76e,0,18,0
fd08128f-6a36-4ad2-8602-181d8f25ef15,timothy17@upi,anshbedi@upi,3673.41,2026-09-04T21:47:37,Chennai,7750feff-f48,0,21,0
dd6784b0-f925-481b-9811-8954261d5818,advika35@upi,sudiksha89@upi,2356.97,2026-09-01T04:35:09,Chennai,c31a4817-673,0,10,0
63d0c730-0b6e-49a1-a963-5d86123d56de,ekapadjohal@upi,yashodadeshpande@upi,836.94,2026-08-20T22:14:53,Hyderabad,057e37c4-ccf,0,22,0
6836f7ac-236d-42bf-8f0e-222be6b5405f,grewalekapad@upi,raigunbir@upi,4498.38,2026-08-19T08:01:37,Kolkata,48f0b03d-9d3,0,8,0
ede7a4cd-3076-4e53-8211-6dd9e5eb7504,teerth09@upi,roak@upi,2286.97,2026-07-14T14:17:34,Mumbai,ffd45e2d-603,0,14,0
796c3cc6-22d2-4aeb-97c2-e77b9987c2aa,bhavani27@upi,yashawinilanka@upi,557.7,2026-07-11T04:04:59,Chennai,527b9e26-830,0,11,0
0fb00f6d-f6a3-4401-be4d-00603ccd9681,bhavyamandal@upi,yauvanicomar@upi,1727.71,2026-08-21T09:05:31,Kolkata,dc1c0b6c-2bd,0,9,0
28764207-f73b-4f8a-bba0-d498a5e44357,pradhankalpit@upi,daksh58@upi,2490.76,2026-09-01T20:08:52,Chennai,4db802c1-9ff,0,20,0
98e8cd59-750e-45c0-b5aa-83abaa350c1d,upai@upi,janujapradhan@upi,3507.68,2026-09-01T07:30:27,Delhi,eb6db7d5-b4b,0,7,0
d4e8e136-a9f4-44c2-8fc1-aa4b6d6c586c,amol24@upi,bhavnakaran@upi,3594.3,2026-09-20T10:02:03,Chennai,8937ded1-b0c,0,10,0
ecef2b15-1631-4a23-9f58-bedad96b0cd0,aishanibumb@upi,balangirik@upi,1740.68,2026-07-25T07:15:56,Kolkata,27a02a93-b8a,0,7,0
04bc4028-abcf-41bb-acf9-9b9b1315a1a7,jasmitwali@upi,vedamalhotra@upi,1538.16,2026-07-16T06:06:55,Chennai,c7e0aeac-11c,0,6,0
2e6241fa-4e47-4b28-8f69-607c0fe9e7dc,michaelborra@upi,teerth09@upi,729.96,2026-09-11T16:27:55,Pune,b9b15ca7-23c,0,16,0
f0587a51-b130-40c8-8c2f-77d5161ec01e,dhaliwalupkaar@upi,patrickvasa@upi,3250.9,2026-09-20T11:02:33,Pune,7a9a9350-e0a,0,11,0
a527edbe-2a7f-4909-bbfe-0646bdfd9962,onikannan@upi,bhattvamakshi@upi,2837.68,2026-09-17T16:43:03,Pune,3986b98f-c16,0,16,0
ebc7f3d8-52bb-4cd7-acd1-ebf3d6113697,znori@upi,jonathansolanki@upi,1602.78,2026-08-18T18:57:23,Bengaluru,575ce5f1-951,0,18,0
29fc9e84-019a-41ce-9b0a-f99c06858733,aradhanaverma@upi,vinayakanda@upi,4840.43,2026-09-27T15:34:12,Pune,256a1951-b19,0,15,0
55cdb072-02b6-43eb-a7dd-1d65122d7ae2,anshbedi@upi,yashawinilanka@upi,1603.83,2026-09-06T03:49:21,Hyderabad,a7b3a41a-177,0,9,0
f53891be-e535-43a6-a6f9-52e1b366de9d,oseth@upi,uchandran@upi,2612.52,2026-08-04T14:30:35,Bengaluru,d85c553b-6f2,0,14,0
4d1f2959-8d0e-420f-b60e-59e051786a98,khatrinathan@upi,patrickvasa@upi,3306.71,2026-09-09T15:12:25,Hyderabad,67200f98-d64,0,15,0
b69e657e-35ae-4f54-acbb-4e4a9c5a09c5,theodore28@upi,priya51@upi,1369.31,2026-07-23T02:32:04,Mumbai,bf68b038-433,0,14,0
44e844eb-599c-42ea-a735-0655817b89fb,nidhikohli@upi,fsamra@upi,546.38,2026-08-09T14:58:51,Chennai,1cd764a8-258,0,14,0
07f931ea-47f9-446c-8ecf-a7323467ffaf,gautammerchant@upi,twalia@upi,436.46,2026-08-06T18:14:20,Chennai,c39bd9f0-2f5,0,18,0
c601c3df-4056-4fb2-aeae-17a29615a6c6,vlanka@upi,tanvi51@upi,3466.89,2026-07-17T19:15:52,Pune,a07327ee-ec0,0,19,0
f845569e-777c-4d4d-8c56-8af708767856,vmerchant@upi,gautammerchant@upi,1261.43,2026-09-21T23:31:20,Mumbai,af2f2527-a1c,0,23,0
dd98e25c-8c45-45af-b0e9-5a7faf955455,patrickvasa@upi,shroffbhavna@upi,2694.22,2026-09-19T14:24:00,Chennai,5486ec5a-863,0,14,0
1d514386-9e46-407c-99b3-235697081d68,qvyas@upi,dateanvi@upi,4565.01,2026-09-09T12:28:48,Akola,e316ffc2-72c,0,12,0
a7968efd-a0f0-49c3-b6ef-3e7982f30637,ishaanshenoy@upi,sawhneyojas@upi,4615.64,2026-07-08T18:35:48,Delhi,d25bdbcf-05d,0,18,0
f8579915-0bb4-47f4-a771-67324599336d,yashica46@upi,lalpranav@upi,1975.51,2026-07-09T11:14:02,Pune,44bc0387-f29,0,11,0
92f4360a-9730-4c4a-b47e-45463882497f,bhandarijyoti@upi,owen10@upi,75405.7,2026-07-31T00:52:56,Chennai,5dbb6c0c-069,1,0,1
1b800b96-4e2b-4378-8928-f85cd0b01e08,dateanvi@upi,qwadhwa@upi,743.67,2026-08-31T04:45:35,Hyderabad,61876a84-17b,0,14,0
cc57120b-0e94-4ffb-97b9-8d556c50e5b8,yashica46@upi,shagaurang@upi,2297.57,2026-09-13T15:44:13,Hyderabad,44bc0387-f29,0,15,0
8f7d5390-a99b-40ff-95eb-9f0c27e546f1,dateanvi@upi,khatrinathan@upi,1523.66,2026-09-02T13:47:43,Mumbai,61876a84-17b,0,13,0
45ea4cfb-d9de-4a9f-8029-fbbb846b60be,vamakshi82@upi,rudra61@upi,48671.41,2026-09-24T02:36:52,Pune,e01fd54d-0f5,1,2,1
b5542616-8a29-475a-8872-c4c988152b31,pavani85@upi,faqidsavant@upi,406.77,2026-07-11T21:46:25,Mumbai,f45333eb-f0e,0,21,0
5915683f-6cfd-4e70-b653-019658288c33,eyohannan@upi,patrickvasa@upi,245.98,2026-08-09T03:09:23,Hyderabad,0f358453-475,0,19,0
c8110a89-a8b8-4f89-82ad-5e3c249859b0,zdeol@upi,shagaurang@upi,4471.79,2026-07-18T19:32:52,Akola,500c5ea8-5e7,0,19,0
cf48cabf-1389-4418-baad-21627965aab6,koshybalveer@upi,bhandarijyoti@upi,1785.54,2026-08-14T07:15:50,Kolkata,53981699-769,0,7,0
911de0cb-4048-498e-9fb1-d2a1306b0f8a,dayamai55@upi,fchaudhary@upi,2596.98,2026-07-08T14:59:58,Hyderabad,4e7f1479-d7f,0,14,0
921bd044-39b5-4bcc-ae35-db48167cb91b,janujapradhan@upi,jkohli@upi,503.98,2026-09-12T04:53:06,Pune,9c9396c8-258,0,21,0
6b65c862-f92c-4873-b8d1-db80337aed23,ekaraj45@upi,fswamy@upi,1851.29,2026-07-07T09:29:52,Hyderabad,9046f951-c5c,0,9,0
9d02a553-8b87-4665-8c24-0362c133b7bf,dharazaan@upi,amaradeep@upi,627.0,2026-07-17T03:38:38,Bengaluru,f6dfa22f-783,0,7,0
1d65383b-ab30-4849-b21c-fb8176e3e063,lshere@upi,daksh45@upi,522.93,2026-08-28T23:58:18,Akola,39597721-7f3,0,23,0
b8122001-0c99-48db-94ed-44493c70a3f8,balangirik@upi,maneupasna@upi,2218.67,2026-09-24T02:23:41,Kolkata,1960d8de-cb3,0,10,0
477db867-ea47-41b9-8543-19ffcff44262,lalpranav@upi,chakradevbarad@upi,3266.21,2026-08-26T06:24:43,Chennai,4246c913-061,0,6,0
bb2e50c4-9951-414c-b5b8-05986da97034,yashica46@upi,kalpit42@upi,4792.49,2026-08-12T02:27:53,Kolkata,44bc0387-f29,0,15,0
a88d20df-dcf9-4e05-8e80-8962fb135063,qnayar@upi,sudiksha89@upi,3255.88,2026-08-24T11:04:32,Kolkata,4c2a3569-70e,0,11,0
30f1a9df-1b39-4cc5-99a7-25ec605410e6,teerth09@upi,charan16@upi,2641.13,2026-08-26T09:26:31,Hyderabad,ffd45e2d-603,0,9,0
e172f912-a49b-427f-a908-2a72d9f58469,diya27@upi,twalia@upi,4328.53,2026-07-30T00:58:09,Chennai,ddd946f9-d4c,0,20,0
f59dd476-41cc-4825-a4bd-aff88aefe0c8,yadavinarula@upi,lakshmi51@upi,21145.33,2026-08-27T00:17:12,Chennai,9e1f5051-1a4,1,0,1
fddf702c-7e95-4144-8b2c-2f4670e00c11,uaurora@upi,harrisonrai@upi,4747.26,2026-09-02T23:52:17,Bengaluru,ee6efdd6-203,0,23,0
1cc0880d-e95d-4e1f-be0b-a856d10a4972,advika35@upi,sawhneyojas@upi,420.58,2026-09-26T08:36:23,Kolkata,c31a4817-673,0,8,0
aabd5078-2a1f-4e2f-874e-fc64ccbcfdd7,amaradutta@upi,timothy17@upi,3875.3,2026-07-13T13:01:31,Delhi,aa02a852-3bd,0,13,0
367a7d0e-6c18-4685-b13f-b38e3b7bdebd,oseth@upi,desaiaishani@upi,2370.9,2026-08-04T20:12:00,Kolkata,d85c553b-6f2,0,20,0
2f87efda-dc04-4867-ba02-c3a8bbae5ce3,indirakanda@upi,soodyadavi@upi,4813.43,2026-09-11T22:46:47,Hyderabad,0b3b9bf5-fe4,0,22,0
4a7b180f-2068-4072-b23b-f44167df4206,bnayar@upi,dayamai55@upi,127.51,2026-09-12T13:45:22,Pune,9ae0f61e-249,0,13,0
9f6362d3-3873-4295-afee-5c574428b7ed,fsamra@upi,qwadhwa@upi,3654.41,2026-09-22T05:15:49,Chennai,16d95fa1-3ca,0,20,0
86461449-7ec8-48c6-98ba-ed886d5f7faa,sudiksha89@upi,zdeol@upi,919.69,2026-09-17T16:15:39,Chennai,06dc236b-954,0,16,0
12afeaca-7294-4e4d-8246-9585a6fb8c74,qatwal@upi,yashica46@upi,2060.07,2026-07-07T15:53:44,Mumbai,cc16e930-bee,0,15,0
254a373d-39cf-4c2f-a8e6-dff95be98528,pushti49@upi,vmerchant@upi,1746.51,2026-08-07T21:41:49,Pune,d8857b1b-100,0,21,0
c5fb5b43-b35e-4a3d-9eb4-f3d7baefca47,finn70@upi,ishaanshenoy@upi,1955.15,2026-09-11T20:10:57,Akola,7646228b-fd5,0,20,0
c3668bc0-4d51-4bcf-899c-2e06371074d2,upmavenkataraman@upi,trivenipathak@upi,68784.26,2026-08-03T01:46:57,Delhi,a0a61769-5c2,1,1,1
2728723b-45ed-4e77-9e0c-15844e2e183d,aviramesh@upi,vlanka@upi,3956.67,2026-07-18T19:09:27,Akola,ce2fa891-0b2,0,19,0
0c5bb2eb-01bd-4f4f-88a0-fdc800f1f792,bnayar@upi,ishakuruvilla@upi,1574.78,2026-07-25T19:28:39,Chennai,9ae0f61e-249,0,19,0
206aa707-7d9f-4528-8078-ff8620de67f2,darsh64@upi,charan16@upi,2786.62,2026-08-13T19:26:56,Bengaluru,4991f5c6-f24,0,19,0
a9087024-fc17-4c3f-8c96-eb6b015dbcfc,theodore28@upi,ojasvi77@upi,4184.99,2026-09-22T18:33:59,Delhi,bf68b038-433,0,18,0
282a04a8-822f-4fe9-8f29-0665d998cf9c,qatwal@upi,indira19@upi,4051.82,2026-08-15T12:16:24,Pune,cc16e930-bee,0,12,0
d6f6e871-83e4-4de7-9e59-6ab084e82ef0,saumyadey@upi,mray@upi,270.82,2026-07-20T04:53:53,Bengaluru,a9e6a037-41e,0,7,0
abf9cce5-d5e3-4954-bc62-a5453c6d8a41,pradhankalpit@upi,hyadav@upi,2099.5,2026-07-05T12:03:18,Akola,4db802c1-9ff,0,12,0
6871ed28-d214-4eb3-b221-f53d68bd6091,diya27@upi,ekbalbhasin@upi,4179.9,2026-08-03T09:56:04,Mumbai,ddd946f9-d4c,0,9,0
62974d10-dbf7-453b-8a6d-e6dddb9982e8,isha34@upi,twalia@upi,1353.79,2026-09-10T08:28:23,Chennai,8fc07b5e-994,0,8,0
3d4228a8-6a9a-48b4-9171-605d405d2428,ekbalbhasin@upi,harini14@upi,2246.21,2026-08-11T20:07:21,Hyderabad,e8c4512b-b01,0,20,0
11c36a98-39ac-42f6-824f-3ff18743373c,dayamai55@upi,sidhudaksha@upi,500.16,2026-08-28T02:35:17,Kolkata,4e7f1479-d7f,0,8,0
de4e66f2-9145-4e76-a37a-eff13bad0709,mananbakshi@upi,roak@upi,3752.08,2026-09-14T08:25:24,Kolkata,bbc34ec7-2f8,0,8,0
1f8351ee-2e37-46fb-ac8d-de334aedd09f,indali23@upi,suhaninarain@upi,674.92,2026-07-30T22:13:04,Akola,56169905-4e3,0,22,0
97be81f1-e147-4cb8-ba0f-76cdb3254166,diya27@upi,michaelborra@upi,1479.52,2026-09-17T01:44:36,Kolkata,ddd946f9-d4c,0,19,0
56fe374c-aecb-4356-9f8c-47ca5c877155,chanderwarjas@upi,desaiaishani@upi,1489.47,2026-08-24T03:25:30,Mumbai,803cb4f5-eb2,0,22,0
790df2de-f0a5-4e21-83bb-ef511f7fe7c9,kgole@upi,hyadav@upi,4341.89,2026-09-04T18:14:03,Bengaluru,033b6f25-c1a,0,18,0
93dddc97-8421-42f8-9e28-7791dcf97afb,lakshmi51@upi,onikannan@upi,3789.21,2026-07-13T16:56:33,Akola,c26b652f-797,0,16,0
25c15a80-788b-4d49-b154-58bafc3154bd,ansh98@upi,aarnavrege@upi,1508.75,2026-08-18T10:06:05,Bengaluru,996b3a25-6da,0,10,0
da872c8a-d76e-40e8-b8c3-c8df6e58dd92,saumyadey@upi,bhandarijyoti@upi,524.78,2026-08-22T16:58:02,Chennai,a9e6a037-41e,0,16,0
8cdeaad1-cf76-4dba-b0c2-e6816a78dec5,borramanthan@upi,raksha87@upi,4110.31,2026-07-20T02:47:34,Chennai,e997552c-ae6,0,9,0
803cb0b0-319d-4d1f-a8d9-4f5e26b9bb41,vedamalhotra@upi,khatrinathan@upi,4970.96,2026-09-26T04:29:39,Mumbai,e558806d-c5f,0,9,0
1916c7ab-ee89-4adb-9e34-3063225f7927,thamanorinder@upi,bhavyamandal@upi,2059.86,2026-09-13T20:20:12,Chennai,2a9bc1a4-1d0,0,20,0
1f2c4840-e256-43e1-befe-580cd9318091,beramax@upi,shagaurang@upi,2826.93,2026-08-22T00:39:26,Kolkata,66663ca1-cbd,0,16,0
b6d76b6f-635d-4060-a94f-d57ccde4d586,zaidchauhan@upi,isha34@upi,376.5,2026-09-20T09:12:49,Delhi,f25fae62-8b8,0,9,0
e62432cb-274c-4ae5-946b-62f3e2228e32,patrickvasa@upi,maneupasna@upi,10627.08,2026-08-23T23:26:59,Bengaluru,99fdc39a-ef0,1,23,1
85c03254-06e2-4f1e-9644-6af6b192e7d8,osharamachandran@upi,aradhanaverma@upi,3220.66,2026-08-18T07:00:06,Bengaluru,29194246-377,0,7,0
aceb22a0-d474-49d6-906d-ad05f00f25de,grewalekapad@upi,qpandya@upi,4067.96,2026-09-06T16:26:58,Chennai,48f0b03d-9d3,0,16,0
58c7ade4-572c-4ce7-a8a5-acafb62b8158,uchandran@upi,bcherian@upi,2549.3,2026-09-13T21:46:32,Delhi,ea9893d5-713,0,21,0
075b8a68-d368-45a3-9089-f4e77f5ad5c0,kgole@upi,theodore28@upi,1527.46,2026-07-23T07:01:28,Delhi,033b6f25-c1a,0,7,0
128d4db4-38e9-4161-b38b-085dc7925b3a,nattdominic@upi,owen10@upi,2351.43,2026-07-08T19:14:21,Delhi,a40028bd-8ea,0,19,0
feb73f67-ef1b-4328-bc4f-9198cde56bf9,pushti49@upi,ansh98@upi,1897.35,2026-09-09T15:37:04,Mumbai,d8857b1b-100,0,15,0
6be03824-36c6-4702-aad6-2696dae0e39b,hyadav@upi,chanderwarjas@upi,1775.34,2026-08-13T00:46:59,Hyderabad,7662df68-57c,0,21,0
13cdafa5-97a7-405d-a403-1a92b23c9c38,karnikekansh@upi,lakshmi51@upi,3666.76,2026-07-01T07:32:11,Mumbai,9ebe94a8-d7f,0,7,0
86ecb9b0-d400-4de8-8cfc-2b0458c3f17c,karnikekansh@upi,zaidchauhan@upi,4690.18,2026-08-20T12:01:01,Delhi,9ebe94a8-d7f,0,12,0
711e6815-ed8e-4967-b150-ffbb19ef26d4,shroffbhavna@upi,jasmitwali@upi,4032.3,2026-09-16T05:35:30,Akola,b34f4617-f13,0,15,0
22e6c0f5-37d2-4920-ab15-2f26a77ab7ef,vinayakanda@upi,priya51@upi,2131.5,2026-07-02T04:37:48,Chennai,23fef535-1f4,0,21,0
679a0d16-f886-4507-9e4e-334e6bf60d3f,desaiaishani@upi,cswaminathan@upi,4985.95,2026-09-07T13:21:05,Pune,3be7191f-103,0,13,0
1cc03758-8bc3-40c3-ae78-99da6bc8e755,jyoti29@upi,zdeol@upi,2134.03,2026-09-25T11:44:55,Hyderabad,1b8449aa-325,0,11,0
651af9b4-83ca-4da3-a1f2-9d9bc3404d5b,roak@upi,gautammerchant@upi,1134.69,2026-07-18T06:18:02,Bengaluru,caf157f1-769,0,6,0
de1c005f-266c-4348-825b-14d8e369a00b,pandeychanchal@upi,fsamra@upi,1253.21,2026-09-23T01:06:53,Akola,864a2d04-55f,0,14,0
5b1f9054-1ac3-4c15-ae0f-a980d6f070a6,dateanvi@upi,vihaan13@upi,3235.29,2026-07-08T19:26:42,Akola,61876a84-17b,0,19,0
caaccb22-a9aa-4c0c-b8c5-1fbb0b678e3e,trivenipathak@upi,fsarma@upi,3582.05,2026-07-07T10:21:01,Pune,6011f78b-818,0,10,0
27a5899d-492a-4d51-a014-70d19f90b0b8,dateanvi@upi,shivansh53@upi,2323.16,2026-09-20T07:22:52,Akola,61876a84-17b,0,7,0
acf7f740-3245-4038-a2bd-6fecbb622ceb,dharazaan@upi,znori@upi,4139.47,2026-09-23T11:30:26,Akola,f6dfa22f-783,0,11,0
bf29dcb1-1eb2-41af-92aa-1627eb57aa4a,randhawaanvi@upi,qnayar@upi,305.11,2026-08-02T14:30:41,Chennai,4e527681-5a1,0,14,0
1923cab4-8f3b-4d56-adf0-6f3c9f515b9c,dateanvi@upi,borramanthan@upi,2874.79,2026-07-06T19:46:50,Bengaluru,61876a84-17b,0,19,0
bbab92cb-1a7b-41b5-a293-5ad6f9878462,raigunbir@upi,grewalekapad@upi,2524.01,2026-08-22T08:07:16,Akola,81bf5faf-76e,0,8,0
8830ef09-d8d6-447e-ac9c-a28462cc70f0,qatwal@upi,qnayar@upi,2274.45,2026-09-05T09:19:02,Hyderabad,cc16e930-bee,0,9,0
a696fe76-e47a-4225-b064-512b9f69c6ee,mray@upi,karnikekansh@upi,933.91,2026-09-26T03:22:17,Hyderabad,4d9d1830-dbb,0,8,0
ec078165-6b22-4cb0-b341-4f8964dcf467,lshere@upi,kakardivya@upi,4572.99,2026-08-31T22:36:38,Mumbai,39597721-7f3,0,22,0
84bb9e95-b76c-4309-9d10-117030277a51,daksh58@upi,ranbir39@upi,1734.18,2026-07-26T13:59:39,Pune,b2da648a-195,0,13,0
b000fabf-2e08-42da-863b-58332f87cded,dateanvi@upi,sarinanirudh@upi,3044.56,2026-07-29T07:43:24,Mumbai,61876a84-17b,0,7,0
9b7ba10a-947b-48ed-959f-3c73d559efd4,onikannan@upi,indira19@upi,731.12,2026-09-24T01:15:14,Hyderabad,3986b98f-c16,0,22,0
1b1262bf-559c-4295-8e24-8aa4f54c9c30,sarinanirudh@upi,choudhuryjanani@upi,4328.29,2026-09-22T12:18:49,Delhi,6f6b6ab6-2ba,0,12,0
385a0cc0-0940-4a9e-9739-d9b3b9cf2b50,qnayar@upi,qnayar@upi,2052.76,2026-07-30T23:09:31,Mumbai,4c2a3569-70e,0,23,0
4511e76e-816f-4951-9849-8e2a898b8088,aryasunder@upi,owen10@upi,1787.94,2026-07-17T09:44:45,Bengaluru,4ceb4c19-40d,0,9,0
9e197a41-0f4c-4c6e-ace7-be4326e5a7a3,charan16@upi,kalpit42@upi,2250.3,2026-09-11T06:07:09,Akola,027eadc5-718,0,6,0
5559d901-ee53-4431-a6f8-87b9787e13f3,mkapadia@upi,vinayakanda@upi,2873.31,2026-07-09T01:20:10,Chennai,7e9eef66-f41,0,9,0
3e979412-26c4-42d2-b283-903c71608fc2,nandinibhargava@upi,triyagopal@upi,504.41,2026-09-19T01:10:45,Hyderabad,48e3bd88-2ee,0,9,0
ec697b2e-5c45-46c8-934b-7631d7d39efd,bhatvarenya@upi,pandeychanchal@upi,2623.76,2026-08-05T22:21:32,Bengaluru,e7b4cbd8-66d,0,22,0
5d77a09d-67de-4f55-bf31-6aa00c704950,atharv13@upi,desaiaishani@upi,1370.45,2026-08-25T13:10:18,Kolkata,42f27329-005,0,13,0
0f5538ef-764f-47d9-9069-4c6c781436a4,zaidchauhan@upi,daksh58@upi,3642.16,2026-09-16T20:44:45,Bengaluru,f25fae62-8b8,0,20,0
d78a0826-36e1-4ead-bf73-0deadd816345,upai@upi,modibhavini@upi,3337.11,2026-08-23T14:18:56,Akola,eb6db7d5-b4b,0,14,0
59eb5077-0713-432b-9d50-03c61cc08520,falak10@upi,indira19@upi,2832.59,2026-09-18T10:46:06,Mumbai,ddebfabe-8b8,0,10,0
1bf46a34-ce8f-4b2b-8859-86a93113bc80,pushti49@upi,sachdevanikita@upi,3868.93,2026-08-01T18:26:50,Akola,d8857b1b-100,0,18,0
d8a12272-75a5-4b35-a0b0-f151ee90de63,amblesamarth@upi,krishnanvanya@upi,3156.05,2026-08-18T09:49:14,Delhi,8afd62cd-bcc,0,9,0
1c5fe5e3-9754-47cd-a2ed-8aa0980c7ba1,chandani64@upi,henry25@upi,3749.22,2026-08-15T18:07:40,Akola,0a20b114-3c9,0,18,0
6b5924e9-ab62-41a1-9e27-07c56648aff2,kom@upi,jkohli@upi,3682.93,2026-09-23T10:34:19,Hyderabad,4bc2a128-c81,0,10,0
d7051213-09cd-4abd-9761-ec3d8e39c19b,roak@upi,harrisonrai@upi,2484.51,2026-08-17T01:33:27,Delhi,caf157f1-769,0,14,0
64581e84-f273-4776-95aa-6f9d36492bc6,ikakar@upi,vihaan13@upi,1739.61,2026-09-09T07:12:58,Bengaluru,4e636d14-cda,0,7,0
718ce1d3-4704-48c0-a8d7-e6cdd4fba39b,farhanchada@upi,indirakanda@upi,4399.45,2026-08-22T14:46:53,Mumbai,d163c594-7f8,0,14,0
7661f942-6864-4bff-bbf8-79803182b6fb,atharv13@upi,krishnarama@upi,2181.16,2026-08-28T18:36:00,Hyderabad,42f27329-005,0,18,0
bf9e850c-c25c-4ded-bdc6-980d29176106,cswaminathan@upi,urvashi66@upi,4517.43,2026-08-11T03:43:07,Mumbai,46baf193-06b,0,16,0
417eab53-4328-4a1c-8edc-afc975acb385,uaurora@upi,lshere@upi,1999.29,2026-09-01T14:05:41,Kolkata,ee6efdd6-203,0,14,0
fc151e86-97d8-46ab-adb9-b981434f6e12,karnikazad@upi,diya27@upi,3468.88,2026-09-20T17:06:24,Pune,6f0a5b17-392,0,17,0
5ef96d75-bab0-44db-b268-8aeca3b8bdc7,advika35@upi,bhatvarenya@upi,3719.2,2026-09-15T20:37:54,Mumbai,c31a4817-673,0,20,0
94455351-f3ec-4593-9e3e-215cbf1d2505,alkadewan@upi,faqidsavant@upi,4534.32,2026-08-25T19:22:54,Akola,a481934d-88c,0,19,0
8d305961-20f2-4c1d-b580-be5a003c1612,mananbakshi@upi,shagaurang@upi,163.98,2026-09-25T18:06:05,Kolkata,bbc34ec7-2f8,0,18,0
e4764007-5913-48d9-9762-87c775fb5a37,jyoti29@upi,hrattan@upi,4849.23,2026-09-24T16:24:40,Bengaluru,1b8449aa-325,0,16,0
1f59bca4-e2c3-48d4-a434-c84186a39279,indirakanda@upi,fchaudhary@upi,1203.32,2026-09-15T00:34:28,Hyderabad,0b3b9bf5-fe4,0,9,0
3dc5a4ce-4dd0-4aae-b462-a37d45ebc288,modibhavini@upi,sarinanirudh@upi,1670.67,2026-09-18T03:55:18,Mumbai,2ce18ffb-7ff,0,9,0
39945d26-735c-4145-acec-8e2e95bf17ad,charan16@upi,indira19@upi,1092.33,2026-08-15T06:26:21,Chennai,027eadc5-718,0,6,0
f8dd283c-e315-402f-b730-4d343c459ce0,bnayar@upi,ekaraj45@upi,237.54,2026-07-30T06:32:37,Delhi,9ae0f61e-249,0,6,0
37a44366-7767-45e2-a58a-a353aff55e15,qpandya@upi,qwadhwa@upi,1323.59,2026-08-17T18:46:17,Kolkata,420fdf64-228,0,18,0
287c7145-7ada-4790-8f3a-34cf6a74a69c,janujapradhan@upi,oseth@upi,93585.1,2026-07-25T23:01:19,Delhi,7616f24c-9bb,1,23,1
59360353-a2c2-400d-a965-d278d88abcbc,borramanthan@upi,thamanorinder@upi,4723.48,2026-07-15T22:33:58,Hyderabad,e997552c-ae6,0,22,0
e7ec7c1a-eb43-4bba-a02e-885598097286,jkohli@upi,mkapadia@upi,1539.42,2026-09-04T18:56:39,Hyderabad,009786b3-cbb,0,18,0
cc2e5e5e-0655-41a3-b3b7-ac94cdc66403,fsarma@upi,finn70@upi,307.6,2026-09-24T08:16:01,Akola,7033c9dc-e9c,0,8,0
edb8d52a-78e1-4eaf-8aa3-c8639b03031c,theodore28@upi,indirakanda@upi,3267.05,2026-09-10T19:33:23,Kolkata,bf68b038-433,0,19,0
b615d852-9971-4bc8-b770-697a4553391c,lshere@upi,cswaminathan@upi,55042.86,2026-07-03T23:03:47,Pune,d9f7c711-69c,1,23,1
98ada657-6c73-4e4c-bfa7-f02f29542b70,baldevika@upi,urvibhavsar@upi,1568.69,2026-07-02T19:18:20,Chennai,d32ca56c-31d,0,19,0
d6c90f92-5968-4a98-85e6-f0aa3b65f374,qwadhwa@upi,timothy17@upi,1870.81,2026-07-02T11:51:22,Kolkata,d7ea7a98-7ad,0,11,0
5db197f8-a195-455e-b88d-c077099d4646,atharv13@upi,michaelborra@upi,848.61,2026-09-21T18:00:51,Hyderabad,42f27329-005,0,18,0
e23891b0-3df3-451c-83cb-9e52a8dceab9,sahaupkaar@upi,dhaliwalupkaar@upi,3624.29,2026-09-02T00:14:36,Chennai,651e1852-8a4,0,16,0
3c478cdf-5310-4b1c-b367-9c1d8366637c,qwadhwa@upi,kalpit42@upi,3072.16,2026-08-26T09:41:53,Mumbai,d7ea7a98-7ad,0,9,0
68967791-6351-4a07-8905-f347b432bd3e,rajanranveer@upi,daksh58@upi,4639.8,2026-07-12T14:53:21,Bengaluru,d345db24-261,0,14,0
11c9f443-1260-40f3-808d-3fa28a1c75f5,lakshmi51@upi,dateanvi@upi,4907.61,2026-07-23T08:27:24,Bengaluru,c26b652f-797,0,8,0
8b2009ad-e5dc-4a07-9ca1-6d371906e838,dharazaan@upi,nandinibhargava@upi,3682.72,2026-08-06T02:04:14,Delhi,f6dfa22f-783,0,12,0
f2e2642f-36a6-4b3c-a3fa-df3468667bda,fsarma@upi,beramax@upi,3481.14,2026-08-18T09:10:03,Chennai,7033c9dc-e9c,0,9,0
5982b148-5a83-48f5-8e4e-a81dd8cf860d,dateanvi@upi,zarnapathak@upi,3639.74,2026-06-29T21:08:53,Hyderabad,61876a84-17b,0,21,0
39dbed4b-7951-440f-be5e-01158c150aea,saumyadey@upi,sawhneyojas@upi,2120.28,2026-07-31T03:47:15,Bengaluru,a9e6a037-41e,0,19,0
7c4f9b7c-2a5d-42ed-b5f1-61dc38afbb10,dayamai55@upi,indali23@upi,3787.11,2026-07-28T23:25:41,Chennai,4e7f1479-d7f,0,23,0
21573df5-0d98-4763-b9e0-ab2f6d390cca,janujasankar@upi,mangalwahab@upi,39413.63,2026-08-22T01:02:56,Delhi,20cb8573-398,1,1,1
6e4d6e1d-0517-4768-bec0-cd36916c8057,sahaupkaar@upi,jyoti29@upi,3532.09,2026-08-12T02:01:28,Akola,651e1852-8a4,0,11,0
c649841f-cd0a-426c-ace0-6f7f13c2dc10,pradhankalpit@upi,rudra61@upi,4126.87,2026-07-01T20:48:08,Mumbai,4db802c1-9ff,0,20,0
3cec508e-f966-4d36-a730-4cd960d616ce,othakur@upi,maneupasna@upi,65851.6,2026-09-06T03:17:10,Pune,03f64450-e7c,1,3,1
e17a3592-caf8-46c5-86a5-57745d028615,advika35@upi,ssahni@upi,4495.7,2026-07-23T06:37:51,Hyderabad,c31a4817-673,0,6,0
77cd5571-b261-4bf3-8fcc-2fc6a063221e,nattdominic@upi,ekapadjohal@upi,132.11,2026-09-19T04:19:29,Kolkata,a40028bd-8ea,0,12,0
a70f7d32-8213-42f3-8698-0761cc23abf0,kakardivya@upi,patrickvasa@upi,2220.35,2026-07-10T03:46:11,Hyderabad,5f331193-cf1,0,9,0
8f43e1bc-151a-4cb8-9147-9d6bfd7fca23,hyadav@upi,kakardivya@upi,509.25,2026-09-01T04:12:40,Kolkata,7662df68-57c,0,18,0
778c7aca-5b7e-4749-a6d2-67f9d16fd5dc,diya27@upi,esawhney@upi,1342.58,2026-07-05T15:46:58,Delhi,ddd946f9-d4c,0,15,0
80fc831d-e0bd-46dc-9ce7-18e127b4f5aa,yashawinilanka@upi,sidhudaksha@upi,413.78,2026-09-16T10:22:25,Delhi,f77e4bb1-6bd,0,10,0
bb0b6a21-8b0c-4cdb-8023-6b7f7b5f397d,darsh64@upi,ekaraj45@upi,4504.35,2026-09-11T18:12:12,Bengaluru,4991f5c6-f24,0,18,0
05f6c313-a41c-4d8b-a565-80fbf3b4f24d,krishnarama@upi,patrickvasa@upi,3519.37,2026-08-07T09:50:18,Delhi,12ee3893-8c0,0,9,0
c1fb1ef5-f50d-4de9-978a-dc24797ed6c5,karnikekansh@upi,vinayakanda@upi,2535.78,2026-07-10T18:59:22,Bengaluru,9ebe94a8-d7f,0,18,0
37d112f0-2291-4f04-9526-c96cf1983e31,rudra61@upi,ikakar@upi,4594.44,2026-07-06T19:33:58,Pune,6ae81ea1-31b,0,19,0
dc122714-a978-49d0-a81c-ddca93768846,balangirik@upi,suhani46@upi,3406.14,2026-08-16T21:50:56,Delhi,1960d8de-cb3,0,21,0
b9225b74-950c-45ac-9863-f860aa17e0b1,osachdeva@upi,utkarsh52@upi,4634.38,2026-08-06T04:55:11,Hyderabad,5fbc55ef-2de,0,20,0
e546d124-c6de-4c8b-b1a9-8963e8d55f05,osharamachandran@upi,yashawinilanka@upi,4496.5,2026-09-17T14:19:16,Hyderabad,29194246-377,0,14,0
769eb4ae-8f93-4604-862a-d4b8186a3fd8,bariaazaan@upi,urvibhavsar@upi,783.59,2026-08-06T10:49:24,Delhi,88c64c48-2d1,0,10,0
085a889c-1ea0-4767-bd50-c9b1b503ed54,baldevika@upi,uchandran@upi,3827.45,2026-07-26T21:32:15,Kolkata,d32ca56c-31d,0,21,0
f18e99fd-a816-48f6-a32d-a45046e5a251,mkapadia@upi,balangirik@upi,4900.26,2026-09-01T10:36:40,Akola,7e9eef66-f41,0,10,0
e5c1b2f9-1b7d-4bed-92f3-c11cb3972d52,chakradevbarad@upi,utkarsh52@upi,226.71,2026-09-14T13:05:01,Mumbai,a0208131-c51,0,13,0
6da60e5c-6a17-4406-b021-5932292cfffc,qwadhwa@upi,gautammerchant@upi,637.23,2026-08-15T04:25:34,Chennai,d7ea7a98-7ad,0,11,0
4c1b2b8e-253e-41b3-8689-af686c4abfd9,raigunbir@upi,bhavnakaran@upi,3667.28,2026-08-19T18:15:37,Delhi,81bf5faf-76e,0,18,0
ef2b4763-2b82-487a-98ce-7f69e952aa19,pushti49@upi,vedamalhotra@upi,2134.46,2026-07-16T17:40:17,Kolkata,d8857b1b-100,0,17,0
1c351998-8173-4627-b691-88bd9376f180,bhavyamandal@upi,sachdevanikita@upi,2880.26,2026-08-16T20:37:17,Kolkata,dc1c0b6c-2bd,0,20,0
96c0119c-1f51-4adb-ae9f-219b8b8088f0,eyohannan@upi,zaidchauhan@upi,2009.05,2026-09-22T23:32:11,Hyderabad,0f358453-475,0,23,0
d3209c13-5073-4b91-abed-a20c1c656f0f,teerth77@upi,indirakanda@upi,3004.45,2026-09-27T08:44:02,Bengaluru,195c66ab-c8b,0,8,0
b86e3922-51ad-4203-85f0-5c59d3db7120,osharamachandran@upi,yadavinarula@upi,2174.69,2026-09-11T17:00:09,Delhi,29194246-377,0,17,0
45ba8356-a271-47ea-a423-38c33a9fb163,harini14@upi,baraldayamai@upi,435.15,2026-09-08T00:15:22,Bengaluru,5f85b4a0-39c,0,17,0
6603ba1e-25bd-459b-a5cc-94ffff697de5,osharaghavan@upi,qpandya@upi,4698.46,2026-07-02T01:27:22,Akola,ad326f07-fe5,0,12,0
e29233d2-8dfc-48ff-adbb-597371d1d1ec,beramax@upi,jyoti29@upi,2891.71,2026-08-05T03:57:22,Bengaluru,66663ca1-cbd,0,9,0
0abea81b-7000-4e2c-b6a3-3a2f41b221c0,uaurora@upi,yutika95@upi,50190.61,2026-07-23T23:22:17,Delhi,877e4012-0d4,1,23,1
f7982a05-d9f2-43ac-bec0-4be2710a427d,sawhneyojas@upi,tanvi51@upi,3014.78,2026-07-21T17:37:28,Kolkata,925a5673-7ea,0,17,0
661666da-a60e-4e29-9670-e6ecaec37f1d,droy@upi,vmerchant@upi,3878.13,2026-09-25T14:43:33,Kolkata,554ccb59-53a,0,14,0
78cfc5fd-fbd7-4e9d-b0c4-fcb139740324,mkapadia@upi,koshybalveer@upi,403.35,2026-07-21T04:46:57,Kolkata,7e9eef66-f41,0,12,0
576251be-5902-46d5-b326-9302deb0168a,vamakshi82@upi,upmavenkataraman@upi,1493.01,2026-06-30T20:11:24,Delhi,54f56fb8-041,0,20,0
74c01294-e4cf-427f-81b9-e3ab8e3b7608,chanderwarjas@upi,yutika95@upi,52761.54,2026-08-27T00:33:03,Akola,788ce378-59c,1,0,1
ca419338-e578-46e0-a5a6-48842b59f513,vedamalhotra@upi,nidhikohli@upi,4820.95,2026-07-25T15:52:58,Kolkata,e558806d-c5f,0,15,0
b1f7c711-fe15-44d5-bd88-d184fa606af4,udantdewan@upi,kom@upi,473.4,2026-07-09T03:44:15,Mumbai,66e63f8b-6eb,0,8,0
b26e0aff-f8bc-4df4-a8c3-48a7140cb4ca,rajanranveer@upi,kabirsoman@upi,60.32,2026-07-30T18:16:26,Akola,d345db24-261,0,18,0
c60ade22-127a-4f71-84a1-a8d3db31ba8f,aryasunder@upi,bariaazaan@upi,1418.31,2026-07-12T13:17:01,Pune,4ceb4c19-40d,0,13,0
8c0c0931-2cb0-4a64-9308-8f182fd0e21d,owen10@upi,janujapradhan@upi,132.79,2026-08-23T07:20:16,Hyderabad,2a881e5f-0a3,0,7,0
01ee7ccf-72cd-4d05-afd4-0253dd96eb9a,kashviedwin@upi,vamakshi82@upi,2107.37,2026-07-29T01:19:33,Kolkata,0696c6bf-850,0,22,0
29c564b2-d85f-4624-8c69-0de19816c087,priya51@upi,vedamalhotra@upi,3075.81,2026-07-13T22:03:38,Delhi,5f36b3fa-a9d,0,22,0
445f428e-420a-4ba2-a55e-d838d4728895,zdeol@upi,indali23@upi,82.76,2026-09-21T02:37:54,Hyderabad,500c5ea8-5e7,0,20,0
fe6312db-2c27-4b14-82f0-593d2566256b,dugalnakul@upi,atharv13@upi,4524.17,2026-08-24T13:08:11,Kolkata,88e8aa3c-ec0,0,13,0
d7ef98d2-6e1e-49e3-afef-e0454313caf2,chanderwarjas@upi,patrickvasa@upi,3212.31,2026-09-03T09:28:55,Pune,803cb4f5-eb2,0,9,0
46ff1d55-ba66-4102-93db-68d99a441f06,frederickkhurana@upi,kalpit42@upi,80265.51,2026-07-25T01:18:46,Chennai,a79e28ad-ca0,1,1,1
c5e00c7d-a9c1-444d-b17c-9df26cd32e5e,daksh58@upi,bhandarijyoti@upi,3869.04,2026-07-19T17:15:14,Hyderabad,b2da648a-195,0,17,0
5fe6abd5-12aa-45d8-96a2-d622a4f711c8,aviramesh@upi,charan16@upi,3474.59,2026-07-04T13:26:13,Chennai,ce2fa891-0b2,0,13,0
0e1d9bf3-3c12-4446-8219-a7979d29e3dd,harrisonrai@upi,fsarma@upi,3958.32,2026-09-23T21:59:07,Kolkata,e7816626-028,0,21,0
9006a14a-e507-43cf-9591-281d163880a5,onadig@upi,chandani64@upi,3987.93,2026-07-28T17:14:27,Akola,2edf66dc-30a,0,17,0
dfbde77f-0236-495e-940d-6cab0c742c09,daksh45@upi,karnikekansh@upi,949.56,2026-08-29T04:59:41,Hyderabad,072ac257-0f0,0,19,0
eae375ee-1e7a-4406-8034-a527663376f8,aryasunder@upi,qpandya@upi,95766.34,2026-07-17T03:10:49,Chennai,2aed4bf0-4e4,1,3,1
33b57234-d657-4e15-81bd-56490925ccd5,mray@upi,chakradevbarad@upi,1446.47,2026-07-24T20:38:43,Bengaluru,4d9d1830-dbb,0,20,0
57a41a97-ff3e-445f-bc02-ca9e7c1d0809,janujasankar@upi,karnikazad@upi,3676.13,2026-07-13T11:48:58,Delhi,9939ea42-a08,0,11,0
e1d81255-bce2-4a3d-ad15-e91a5fea9038,pradhankalpit@upi,ansh98@upi,438.31,2026-07-31T23:05:10,Bengaluru,4db802c1-9ff,0,23,0
73ee22ba-2227-476e-be50-3d66ce72f21d,upai@upi,qwadhwa@upi,2990.52,2026-08-22T23:57:26,Bengaluru,eb6db7d5-b4b,0,23,0
d2f552c0-414a-4bb1-8e69-555daece3ab0,kakardivya@upi,yashodadeshpande@upi,292.15,2026-08-02T13:59:04,Bengaluru,5f331193-cf1,0,13,0
9a0beeea-597f-4996-a1a6-d0b4122d84f7,qnayar@upi,droy@upi,375.45,2026-07-20T15:03:50,Chennai,4c2a3569-70e,0,15,0
731dabeb-f9a6-4979-8db6-1864e5944f04,qwadhwa@upi,kom@upi,2309.76,2026-09-26T08:42:43,Chennai,d7ea7a98-7ad,0,8,0
4efa5002-82f0-458b-9a29-8aa67241dde3,qpandya@upi,triyagopal@upi,2221.47,2026-08-06T10:04:41,Mumbai,420fdf64-228,0,10,0
a83e8e83-f25f-4e92-9dac-e35709df4161,uaurora@upi,vihaan13@upi,1984.46,2026-07-09T16:55:04,Kolkata,ee6efdd6-203,0,16,0
37643f95-6a72-4ba2-b0ad-a723fc844272,gauriganguly@upi,darsh64@upi,1306.2,2026-07-13T21:47:39,Hyderabad,c72e7ae4-f85,0,21,0
57de8a9d-b99d-41b2-8d0e-babc2c31741d,yutika95@upi,falak10@upi,2556.36,2026-07-21T07:42:37,Akola,534764bd-7d8,0,7,0
1cfe8d06-b8c5-4d98-bf26-a2408d1e5d90,pushtibal@upi,kakardivya@upi,1757.59,2026-07-15T12:22:48,Mumbai,ef54e936-8e0,0,12,0
c7d0603e-8af3-46be-91a5-b4c1095bbb1c,aviramesh@upi,devimatthew@upi,2414.08,2026-09-12T20:30:08,Pune,ce2fa891-0b2,0,20,0
c5f2b874-300f-456f-907a-0ef474db7a27,amblesamarth@upi,choudhuryjanani@upi,2769.36,2026-08-29T16:39:04,Hyderabad,8afd62cd-bcc,0,16,0
ffe599aa-3e12-457b-9bb2-1c5d2a1145f9,anshbedi@upi,odhar@upi,3973.51,2026-07-03T23:49:01,Hyderabad,a7b3a41a-177,0,23,0
73000fac-cbdd-4895-a7eb-84e49aaea7fc,saumyadey@upi,shagaurang@upi,3041.98,2026-09-08T21:06:43,Bengaluru,a9e6a037-41e,0,21,0
b2620a04-ffce-4277-9e43-c8200982f5d7,maneupasna@upi,avarkey@upi,2147.84,2026-09-09T17:30:13,Chennai,e7ceef85-245,0,17,0
79910261-88c3-45ff-aec4-e872a9401397,daksh45@upi,ksehgal@upi,2342.16,2026-07-31T20:17:27,Bengaluru,072ac257-0f0,0,20,0
4c474d03-38a1-4e07-9d3e-0fe3f4a6d801,owen10@upi,janujasankar@upi,3188.66,2026-09-17T14:33:49,Delhi,2a881e5f-0a3,0,14,0
cb9f9208-c403-4205-be5a-39a40a7a43a1,rajanranveer@upi,ekaraj45@upi,2147.5,2026-08-12T20:42:36,Hyderabad,d345db24-261,0,20,0
4e8353f5-2582-407c-8f92-4e47a2c5235f,maneupasna@upi,pradhankalpit@upi,2405.55,2026-09-21T14:21:02,Mumbai,e7ceef85-245,0,14,0
ca300e6c-b8da-46b9-a145-6cb8041d8f64,darsh64@upi,bhavnakaran@upi,2449.58,2026-07-30T15:14:26,Kolkata,4991f5c6-f24,0,15,0
226d1d2b-78da-47e2-be54-83df4959b4e7,qatwal@upi,cdatta@upi,725.33,2026-07-15T01:00:42,Hyderabad,cc16e930-bee,0,15,0
03823af2-3ef7-40df-9f51-6fb7071c84b9,sarinanirudh@upi,dugalnakul@upi,4624.95,2026-07-23T07:00:11,Kolkata,6f6b6ab6-2ba,0,7,0
5a1c75d4-7eaf-4e3b-a236-7c7f72e82756,faqidsavant@upi,teerth77@upi,1964.42,2026-07-15T18:12:46,Mumbai,1ca35c16-a10,0,18,0
e2552f63-dd21-4f50-b759-2a62d93fc4a1,mkapadia@upi,bhavyamandal@upi,469.06,2026-07-15T08:44:53,Hyderabad,7e9eef66-f41,0,8,0
75dfae28-6ea9-4139-b5cf-6efc684c74e3,shroffbhavna@upi,daksh58@upi,3403.05,2026-09-24T19:58:34,Bengaluru,b34f4617-f13,0,19,0
b1534ca6-93e5-47f6-8f27-ab37a69d269a,kalpit42@upi,indirakanda@upi,2348.17,2026-08-21T09:00:42,Delhi,25b79fcc-aed,0,9,0
959c9a5b-bb6e-48b1-93e4-4b3f7e4e1429,teerth09@upi,ekapadjohal@upi,952.92,2026-07-31T22:25:03,Hyderabad,ffd45e2d-603,0,22,0
479bfe99-734a-4bf7-8a02-ecfe8adcae0c,osharamachandran@upi,aviramesh@upi,541.81,2026-08-19T00:10:30,Akola,29194246-377,0,18,0
4f763765-1efa-4271-95e6-ecc44ba351ee,yashica40@upi,kabirsoman@upi,3313.33,2026-08-12T03:29:09,Hyderabad,4f00d0f2-cb4,0,9,0
f946030e-9490-471d-b018-569c53bef079,trivenipathak@upi,pushti49@upi,3680.71,2026-07-14T13:30:45,Mumbai,6011f78b-818,0,13,0
510ba47c-268f-4b33-9e67-8cdfb130b7a3,owen10@upi,grewalekapad@upi,51439.54,2026-08-24T02:13:33,Pune,97518e90-614,1,2,1
2b670c47-acf4-4e16-a643-e8814591666a,choudhuryjanani@upi,indali23@upi,2547.97,2026-07-12T22:54:17,Hyderabad,4c93c7d1-a58,0,22,0
eef40fb9-e749-4369-be05-e695213a66b3,teerth09@upi,anshbedi@upi,2715.97,2026-09-08T07:57:48,Akola,ffd45e2d-603,0,7,0
0dc1717d-a261-42ca-a11a-cafe990d0bb8,yadavinarula@upi,henry25@upi,588.99,2026-08-11T08:50:54,Bengaluru,2dbf9870-7bf,0,8,0
2381bca0-6986-4512-9d7d-742d6bee90d0,mananbakshi@upi,henry25@upi,1106.43,2026-09-03T19:03:09,Delhi,bbc34ec7-2f8,0,19,0
6cae454c-59dd-4dea-90aa-3fdd9c3fcc57,grewalekapad@upi,ishaanshenoy@upi,984.86,2026-09-05T21:12:47,Kolkata,48f0b03d-9d3,0,21,0
058a9292-a078-434f-874b-8e90b637f611,odhar@upi,petersachar@upi,4418.61,2026-08-21T11:16:13,Delhi,0fcd6a35-7c5,0,11,0
7beb90a5-b403-4f8d-99f0-e116a0315bb4,theodore28@upi,znori@upi,1053.69,2026-09-09T02:07:21,Pune,bf68b038-433,0,18,0
44572526-2ad0-4dea-8e1a-65791de287d9,aarnavrege@upi,khatrinathan@upi,3167.31,2026-07-16T18:40:26,Bengaluru,33daedc4-9e0,0,18,0
e461968c-c428-4fbc-a50e-2b4056b8fc9f,aishanibumb@upi,daksh45@upi,3876.69,2026-09-05T13:19:02,Delhi,27a02a93-b8a,0,13,0
a856ff79-960c-4177-889c-9b235e7af20e,ssahni@upi,indira19@upi,1038.44,2026-08-28T09:35:38,Akola,5a5477fd-633,0,9,0
27e2f90d-7cf0-41a1-b565-ec257801157d,ssahni@upi,bhandarijyoti@upi,3945.11,2026-07-28T19:06:25,Hyderabad,5a5477fd-633,0,19,0
5d5b6fbc-dfe1-480e-a8c5-332facd6662c,ishaanshenoy@upi,advika35@upi,784.27,2026-08-04T20:15:35,Hyderabad,d25bdbcf-05d,0,20,0
1cfd01f4-5bb2-4daf-91c7-b9755bea1c69,uaurora@upi,choudhuryjanani@upi,1146.53,2026-08-10T21:30:06,Mumbai,ee6efdd6-203,0,21,0
25cf8faf-79bb-47f5-b120-e194425e9e83,ekarajbath@upi,theodore28@upi,993.33,2026-07-27T22:50:27,Akola,9134902d-876,0,22,0
af30a4b1-78e8-4cb7-86d9-cdb6591ca0c2,daksh58@upi,janujapradhan@upi,2369.02,2026-07-02T12:53:18,Kolkata,b2da648a-195,0,12,0
c6fabf48-b8ad-4830-b141-551b332ca5ff,lalpranav@upi,mananbakshi@upi,107.43,2026-07-15T01:52:10,Mumbai,4246c913-061,0,11,0
6792639f-b427-4d1e-9616-d3cbe9fc1203,beramax@upi,nathanielsami@upi,594.14,2026-07-27T11:11:00,Mumbai,66663ca1-cbd,0,11,0
37dce492-19ae-46e5-b7b9-576bc52ffbf5,daksh58@upi,faqidsavant@upi,1600.27,2026-07-17T16:18:45,Pune,b2da648a-195,0,16,0
5bfb4733-2b66-441b-bee5-c5c55cce7d01,bhandarijyoti@upi,mananbakshi@upi,350.03,2026-09-05T00:11:18,Akola,32dea559-1cb,0,10,0
49fc5e4f-a71c-4c92-abe7-6f34ddaca881,raigunbir@upi,kgole@upi,1334.16,2026-08-22T08:10:45,Chennai,81bf5faf-76e,0,8,0
378599b0-47c7-4f4e-aebc-e775be16236f,henry25@upi,fsarma@upi,4971.95,2026-08-22T10:00:34,Delhi,166aa591-ee1,0,10,0
2852b5b1-2976-4e47-a0f2-1304dc08101a,sarinanirudh@upi,tanvi51@upi,938.24,2026-07-09T19:17:43,Mumbai,6f6b6ab6-2ba,0,19,0
57357995-5798-422b-8e93-fbdb48a18cbc,bnayar@upi,udantbajwa@upi,2964.82,2026-09-26T17:17:30,Mumbai,9ae0f61e-249,0,17,0
e35b4eb7-ce0d-4a30-9929-a377a033238a,ksehgal@upi,shroffbhavna@upi,4172.81,2026-08-27T20:32:04,Chennai,c2d55ab7-5eb,0,20,0
62b371ab-37bf-4e7e-806a-b2a3f3d69fa1,modibhavini@upi,znori@upi,4480.64,2026-08-14T11:17:06,Kolkata,2ce18ffb-7ff,0,11,0
5b1942cf-2dfd-4b17-8d64-2c174bd91e84,jonathansolanki@upi,zarnapathak@upi,1632.76,2026-08-08T19:20:58,Delhi,2744506e-bbb,0,19,0
1c5104d7-5eab-445f-9c99-6abde025ab54,krishnarama@upi,bnayar@upi,3917.1,2026-08-20T18:50:13,Mumbai,12ee3893-8c0,0,18,0
e251906f-ebfc-495b-99c7-080cc422827a,owen10@upi,sachdevanikita@upi,3305.95,2026-07-12T10:18:49,Chennai,2a881e5f-0a3,0,10,0
e42df9cf-2e5a-4585-ba5f-b790a5b6651d,aradhanaverma@upi,lakshmi51@upi,3774.34,2026-08-23T11:03:58,Kolkata,256a1951-b19,0,11,0
7b21b57c-0ce7-4596-8da2-09532f5d344e,tanvi51@upi,kalpit42@upi,1057.52,2026-08-27T07:44:06,Bengaluru,df69cfd2-a83,0,7,0
8207fc37-7c7a-4957-a6c4-94090f342b71,ssahni@upi,qpandya@upi,1638.36,2026-08-06T20:48:01,Pune,5a5477fd-633,0,20,0
0e3b2ae2-ae58-4488-a1d7-e836056fcdf2,desaiaishani@upi,devimatthew@upi,815.08,2026-08-28T02:13:40,Delhi,3be7191f-103,0,16,0
f2aac609-4d45-454b-bcfc-6a85de073866,krishnanvanya@upi,yashica46@upi,4096.89,2026-09-08T16:56:10,Delhi,8ff5ffba-9c3,0,16,0
cfb64799-56f9-4dee-b41b-6affead4bdfe,xiti28@upi,ishaanshenoy@upi,557.86,2026-08-12T09:22:32,Akola,4a9d640c-559,0,9,0
f29ee26c-4ed2-4213-b2fa-01499e28233b,bariaazaan@upi,gauriganguly@upi,37901.87,2026-07-15T01:12:00,Pune,4aa9ae0d-feb,1,1,1
19ae8c51-004e-400b-b337-21cdd3a2b901,odhar@upi,qatwal@upi,3972.53,2026-08-30T09:01:37,Kolkata,0fcd6a35-7c5,0,9,0
18e0ae25-a5c9-4f67-9124-97e34f52c2ca,ksehgal@upi,falak10@upi,2987.38,2026-09-08T04:29:14,Delhi,c2d55ab7-5eb,0,11,0
3b81221e-6141-478d-82a4-36f09752ee63,khatrinathan@upi,fchaudhary@upi,4425.46,2026-09-08T19:23:25,Akola,67200f98-d64,0,19,0
7f8aac4b-246b-496a-8409-0e2742b1b8a5,janujapradhan@upi,thamanorinder@upi,1664.35,2026-08-25T18:23:51,Delhi,9c9396c8-258,0,18,0
fc7eed6b-02a4-4685-8794-39e6e348da92,dayamai55@upi,teerth09@upi,239.5,2026-07-12T10:11:26,Bengaluru,4e7f1479-d7f,0,10,0
b434e5b5-7ba0-4e60-82bf-1213ca433471,yauvanicomar@upi,kgole@upi,2651.11,2026-08-06T21:23:29,Akola,b458f741-708,0,21,0
5ea53b11-1413-4bb2-8aee-feccef1225a9,alkadewan@upi,fsarma@upi,1326.82,2026-09-19T17:13:09,Kolkata,a481934d-88c,0,17,0
c19d632a-1475-42f0-a79a-5c2267a8f888,dayamai55@upi,dharazaan@upi,744.27,2026-07-04T12:35:52,Hyderabad,4e7f1479-d7f,0,12,0
a51578d0-a288-430f-a32c-007a508378c5,udantdewan@upi,gauriganguly@upi,595.44,2026-09-03T00:29:09,Mumbai,66e63f8b-6eb,0,22,0
d9b0ca63-f1fc-4658-afcb-9ea460e398db,odhar@upi,hyadav@upi,1741.07,2026-09-24T22:31:21,Kolkata,0fcd6a35-7c5,0,22,0
74b3f566-e1c3-4a19-bd0f-35e0dfd792bf,udantdewan@upi,ekarajbath@upi,72518.52,2026-09-02T03:53:41,Akola,d96cd66e-120,1,3,1
f68a2025-40e5-4267-9e7e-7fb4866b9331,avarkey@upi,daksh58@upi,1040.88,2026-08-18T17:08:12,Bengaluru,2060d1a2-7a7,0,17,0
9f4b0b41-ddaf-45aa-ac81-e5c2fe2b1a10,janujasankar@upi,henry25@upi,2350.88,2026-09-14T07:36:56,Chennai,9939ea42-a08,0,7,0
c38d4ea9-10d6-497e-9f01-7c804fff479a,patrickvasa@upi,choudhuryjanani@upi,4082.52,2026-08-16T22:19:55,Delhi,5486ec5a-863,0,22,0
43729812-3dec-4e48-91d1-0919dfb24f5b,suhani46@upi,qwadhwa@upi,4468.8,2026-08-01T13:01:36,Pune,5d0c0d11-0c6,0,13,0
1bba3e25-da88-4340-862a-3596a97b0736,othakur@upi,harini14@upi,110.43,2026-09-01T04:54:24,Kolkata,bba7a234-41e,0,22,0
eb0b55c6-055d-4836-8fb3-c358325c7ebd,pushti49@upi,falak10@upi,3050.55,2026-07-17T12:19:18,Pune,d8857b1b-100,0,12,0
b943025a-c9a3-44f7-870d-5bbdfb64ee46,ekantika31@upi,bhavani27@upi,1092.14,2026-09-03T22:14:49,Akola,c10de943-186,0,22,0
fe89e1b6-f6f5-4bcb-b16c-179e000a747e,onikannan@upi,hrattan@upi,3342.28,2026-07-28T20:41:26,Akola,3986b98f-c16,0,20,0
b8108efc-4369-4bd6-8c3e-10320cbeb490,atharv13@upi,indali23@upi,920.06,2026-09-12T20:15:17,Delhi,42f27329-005,0,20,0
fca73b08-1946-4774-b861-c14bacbac49d,chanderwarjas@upi,gauriganguly@upi,3563.71,2026-09-14T00:32:03,Hyderabad,803cb4f5-eb2,0,20,0
102a59c7-f8c8-4ae4-a94c-fad9523bcf17,daksh45@upi,uaurora@upi,3204.95,2026-09-24T14:57:26,Hyderabad,072ac257-0f0,0,14,0
ecd315eb-36d6-4b86-a108-cf33d2df7c89,aarnavrege@upi,isha34@upi,2748.34,2026-09-18T23:23:55,Bengaluru,33daedc4-9e0,0,23,0
738f4a8d-69cb-4b46-a0ea-b26b5769dae7,amol24@upi,koshybalveer@upi,2754.05,2026-09-19T13:08:45,Hyderabad,8937ded1-b0c,0,13,0
d01e9f94-3878-47ef-8f1e-3778bdc28d32,dugalnakul@upi,othakur@upi,2658.32,2026-09-07T08:19:02,Hyderabad,88e8aa3c-ec0,0,8,0
3c4780aa-4e5c-477e-b63a-8cd835675616,lalpranav@upi,zdeol@upi,274.82,2026-09-07T12:49:43,Chennai,4246c913-061,0,12,0
c9a36f4e-4e9e-48de-92e9-92ac520dc2e4,ekarajbath@upi,droy@upi,4818.41,2026-09-17T08:41:19,Bengaluru,9134902d-876,0,8,0
ce6dc641-66c9-4dd6-bacc-d98a9ce38de6,ekapadjohal@upi,grewalekapad@upi,4877.65,2026-07-28T12:28:58,Mumbai,057e37c4-ccf,0,12,0
2627b3a7-594e-4a9d-8fe3-c9ce532b8439,kashviedwin@upi,krishnanvanya@upi,4289.38,2026-08-05T21:32:45,Bengaluru,0696c6bf-850,0,21,0
62702027-9992-4d99-b1fd-9188b084dfcb,hyadav@upi,jyoti29@upi,4007.84,2026-09-15T22:33:13,Chennai,7662df68-57c,0,22,0
177a0915-7e5f-478e-84c5-3f314297dcdb,kashviedwin@upi,indali23@upi,3709.32,2026-07-15T04:10:27,Akola,0696c6bf-850,0,11,0
58b29bbf-7e4c-45ef-baed-28950ef466f0,yauvanicomar@upi,fswamy@upi,2458.03,2026-09-01T00:03:00,Delhi,b458f741-708,0,21,0
d505acf1-b97c-4870-9cd4-ab2955e6d26a,esawhney@upi,bhagatbrinda@upi,1938.74,2026-09-19T04:49:49,Chennai,23e5b872-dee,0,16,0
18139d8d-e048-4622-9de9-61758fdc7ed2,beramax@upi,qvyas@upi,1218.4,2026-07-20T14:46:34,Delhi,66663ca1-cbd,0,14,0
bb055558-70b4-43ff-86b2-faf9268dec2a,michaelborra@upi,borramanthan@upi,4267.39,2026-09-19T04:54:45,Bengaluru,b9b15ca7-23c,0,17,0
182b766b-9b48-4415-95af-e8c575223a38,vmerchant@upi,khatrinathan@upi,4278.35,2026-07-06T22:05:33,Bengaluru,af2f2527-a1c,0,22,0
2445eeb7-3998-4e19-815b-e409e1a2aeb3,ssahni@upi,onadig@upi,1466.25,2026-07-12T10:26:53,Mumbai,5a5477fd-633,0,10,0
ec56a6a0-bdac-486f-a467-066125ecd108,znori@upi,yauvanicomar@upi,43791.64,2026-07-27T23:04:31,Mumbai,403e7460-239,1,23,1
4be29b04-1b18-4c2e-a63e-6de72a0dc008,amblesamarth@upi,trivenipathak@upi,1244.63,2026-07-21T09:55:19,Hyderabad,8afd62cd-bcc,0,9,0
d654c5b8-d0a0-4510-beb2-186ade76833e,krishnarama@upi,krishnarama@upi,2501.88,2026-07-28T06:15:59,Mumbai,12ee3893-8c0,0,6,0
3e3fb8e8-d4e9-4676-9ba0-e063b946ed3b,vedamalhotra@upi,amaradeep@upi,66318.3,2026-09-18T23:37:45,Kolkata,8f500b87-117,1,23,1
d39509d1-0081-45cb-8eab-04720573d05e,jyoti29@upi,bhavyamandal@upi,412.64,2026-08-04T10:52:21,Pune,1b8449aa-325,0,10,0
e708569a-e533-4ea7-a84a-5ed6d631877d,balangirik@upi,dateanvi@upi,3650.13,2026-09-25T09:21:54,Kolkata,1960d8de-cb3,0,9,0
d1cff2ff-47d3-4699-945a-898623344453,aviramesh@upi,qwadhwa@upi,4718.12,2026-06-29T19:20:03,Kolkata,ce2fa891-0b2,0,19,0
175d07a6-897a-44fe-a3af-53912c8907bd,ojasvi77@upi,beramax@upi,4585.01,2026-07-31T03:54:32,Mumbai,436c8c6f-1ee,0,11,0
15029638-fa3e-4c40-877d-2c0b268b2727,aarnavmalhotra@upi,sawhneyojas@upi,590.91,2026-08-24T07:11:58,Akola,de316df9-cc5,0,7,0
e21e192f-0f72-4525-ad3d-f28d50640983,indira19@upi,amblesamarth@upi,3562.96,2026-08-23T16:16:58,Bengaluru,068a185b-655,0,16,0
519adc52-7a68-455a-8dbf-89c3c1182eaf,nandinibhargava@upi,othakur@upi,4316.77,2026-06-29T20:43:37,Mumbai,48e3bd88-2ee,0,20,0
1bd2f2ad-dec7-4508-b440-d8d20249b244,anamikayohannan@upi,amol24@upi,3437.92,2026-08-14T14:31:19,Hyderabad,588457f2-bbd,0,14,0
fa9b5680-6710-4e08-989f-aba2ff0423ab,odhar@upi,ekaraj45@upi,725.2,2026-07-05T14:38:38,Pune,0fcd6a35-7c5,0,14,0
ed67f478-82b6-4203-830b-a10487516585,indali23@upi,petersachar@upi,4948.74,2026-09-10T13:38:15,Pune,56169905-4e3,0,13,0
22a6dc67-6c03-4df2-871a-c32904e7c0f8,maneupasna@upi,upai@upi,2633.69,2026-09-18T21:35:14,Hyderabad,e7ceef85-245,0,21,0
8cd0bf38-77d3-42d1-89ed-e830c60fc882,osachdeva@upi,nidhikohli@upi,487.72,2026-07-04T21:23:31,Bengaluru,5fbc55ef-2de,0,21,0
d332e2a8-f126-4fd8-af54-9895dc1d9585,aradhanaverma@upi,dhaliwalupkaar@upi,907.79,2026-08-19T20:27:20,Bengaluru,256a1951-b19,0,20,0
3d9e8a8c-16d5-4960-97a5-07687c492c52,ojasvi77@upi,ojasvi77@upi,4567.42,2026-08-02T20:04:05,Hyderabad,436c8c6f-1ee,0,20,0
c8c64fe1-d3d2-4654-8205-181067278c96,sarinanirudh@upi,aradhanaverma@upi,606.22,2026-09-23T20:33:01,Hyderabad,6f6b6ab6-2ba,0,20,0
a4e8fc82-96b0-477b-b92e-0e6328c34ce4,bhavnakaran@upi,mray@upi,1958.6,2026-06-30T03:50:56,Kolkata,acdecfc2-24d,0,13,0
d01ec493-8f4d-4256-b37b-b03fd4399681,qvyas@upi,baldevika@upi,3074.89,2026-07-11T03:16:14,Bengaluru,e316ffc2-72c,0,21,0
32ba82fb-82cb-45f0-9163-5afe7a325cc4,trivenipathak@upi,henry25@upi,1950.6,2026-08-17T23:52:15,Chennai,6011f78b-818,0,23,0
9aa0582f-bbec-4bcc-b736-3c5b201c4c00,aryasunder@upi,kibeharsh@upi,1772.25,2026-07-31T09:20:28,Chennai,4ceb4c19-40d,0,9,0
db9ff935-050c-4491-adbe-3fe8d7c9362f,qpandya@upi,ishakuruvilla@upi,2623.12,2026-08-21T06:45:50,Pune,420fdf64-228,0,6,0
e2bcabf3-81df-4121-9115-3c64e9d2e09f,krishnarama@upi,theodore28@upi,994.38,2026-09-24T10:53:19,Kolkata,12ee3893-8c0,0,10,0
cb9aa8c2-429b-4969-baba-cfc21dfc668d,zdeol@upi,upmavenkataraman@upi,2837.39,2026-08-26T18:40:52,Pune,500c5ea8-5e7,0,18,0
2e13d074-6d89-4230-8ed8-4dbf7dd3dcec,rudra61@upi,priya51@upi,1927.9,2026-07-01T09:06:01,Kolkata,6ae81ea1-31b,0,9,0
a2dce8af-3e30-4429-aba0-6a023968a365,lakshmi51@upi,diya27@upi,46600.68,2026-07-01T01:09:13,Delhi,d169f8ea-129,1,1,1
8e99efac-bf6b-421f-b773-a5101c90dd5c,nidhikohli@upi,droy@upi,3025.65,2026-07-20T07:17:21,Mumbai,1cd764a8-258,0,7,0
38d9ca35-c0f7-4278-8178-a82be3528e4e,gauriganguly@upi,baraldayamai@upi,2702.83,2026-09-21T06:21:14,Pune,c72e7ae4-f85,0,6,0
9a39484b-b6a8-41dc-a972-a1bde0fe27a9,choudhuryjanani@upi,baraldayamai@upi,1863.99,2026-08-13T18:46:08,Bengaluru,4c93c7d1-a58,0,18,0
b12a592b-5059-4738-8dcd-efea137adc48,lalpranav@upi,osachdeva@upi,4551.47,2026-07-13T02:35:38,Hyderabad,4246c913-061,0,20,0
ac4c380b-b427-4c5a-8a5e-1571d1eac320,znori@upi,harrisonrai@upi,4760.12,2026-09-10T02:46:51,Akola,575ce5f1-951,0,11,0
f5656161-2ab1-48af-9614-5d322cd430fd,chandani64@upi,dateanvi@upi,2880.4,2026-08-27T05:33:32,Pune,0a20b114-3c9,0,20,0
b02a4f76-6e3a-4f9e-af52-66872fa2ac0d,dayamai55@upi,jasmitwali@upi,2926.28,2026-09-26T11:23:37,Chennai,4e7f1479-d7f,0,11,0
7c2baec3-bd6f-403a-bdab-20ec7efdb313,kom@upi,ranbir39@upi,2378.02,2026-09-25T14:53:10,Mumbai,4bc2a128-c81,0,14,0
00e529a4-9e96-4f78-a9de-f254b2076eb7,darsh64@upi,upmavenkataraman@upi,2541.04,2026-08-09T09:18:04,Kolkata,4991f5c6-f24,0,9,0
b5f86be9-1c90-49c4-a38a-52b6b92bc9ba,lalpranav@upi,yashodadeshpande@upi,3526.34,2026-09-08T08:25:25,Kolkata,4246c913-061,0,8,0
568a6f1d-e3a3-4f97-ac70-d990de784dbd,patrickvasa@upi,patrickvasa@upi,2964.82,2026-09-09T22:37:05,Akola,5486ec5a-863,0,22,0
8fa0d1da-7c05-480c-910c-3eed7d8a4b54,nidhikohli@upi,ssahni@upi,3889.92,2026-07-02T18:18:14,Pune,1cd764a8-258,0,18,0
f7a4fc41-a0f2-418f-a83a-d77cb76f3b07,shagaurang@upi,hrattan@upi,1701.17,2026-08-30T10:34:03,Chennai,f2695b17-da3,0,10,0
40dc85ae-5f58-4cca-8d63-8703a628d8eb,zarnapathak@upi,bnayar@upi,3383.15,2026-09-18T10:54:55,Delhi,1812699a-1b3,0,10,0
586f7246-fe95-487c-84c0-1b1f624bda59,hyadav@upi,uaurora@upi,3821.21,2026-08-09T09:34:11,Delhi,7662df68-57c,0,9,0
094dccfb-6c96-433e-9004-ee0480c6899d,suhaninarain@upi,raksha87@upi,2837.94,2026-08-14T04:18:30,Chennai,eeef38f2-0d4,0,17,0
50c232ea-4197-4bba-9b7f-20d8d24b144f,dateanvi@upi,henry25@upi,4636.16,2026-07-05T17:26:27,Akola,61876a84-17b,0,17,0
e624e8ad-9369-405c-9771-140cd9768376,raksha87@upi,zaidchauhan@upi,1247.06,2026-07-26T17:53:41,Chennai,cd38bc87-080,0,17,0
fc40334b-cbaf-451c-8bab-8c5d95862a4c,fsarma@upi,lakshmi51@upi,4814.65,2026-08-22T08:17:06,Bengaluru,7033c9dc-e9c,0,8,0
d2f62b04-7d94-4e7f-999b-6761303f7009,janujasankar@upi,pushtibal@upi,704.29,2026-07-25T22:50:02,Delhi,9939ea42-a08,0,22,0
ffe258c0-32ee-494e-a1b5-b7eb93ba0b1a,ansh98@upi,qwadhwa@upi,1484.79,2026-09-26T15:50:15,Delhi,996b3a25-6da,0,15,0
34ca33cb-bbf8-4cf6-ac70-616083291969,amol24@upi,vihaan13@upi,3380.2,2026-09-22T11:33:13,Hyderabad,8937ded1-b0c,0,11,0
f21a859c-5f20-44b3-b91d-c4e1417a63b6,karnikazad@upi,kom@upi,2595.07,2026-09-12T03:22:02,Hyderabad,6f0a5b17-392,0,22,0
76cd9ea8-9d4e-4a99-ad0e-b076e05109b6,sahaupkaar@upi,desaiaishani@upi,560.36,2026-09-11T16:06:12,Hyderabad,651e1852-8a4,0,16,0
799236da-747c-4ee4-afd3-b44840b902d0,yauvanicomar@upi,aarnavmalhotra@upi,3480.71,2026-09-13T00:06:15,Kolkata,b458f741-708,0,20,0
0e6600ef-161c-40ea-8ed0-7fab94d65a07,daksh58@upi,sawhneyojas@upi,2987.29,2026-07-18T04:16:33,Bengaluru,b2da648a-195,0,19,0
8ad4367e-945a-496a-b4c6-bd732ce628eb,balangirik@upi,twalia@upi,196.01,2026-08-23T08:04:17,Bengaluru,1960d8de-cb3,0,8,0
3a9d12ae-1b71-4997-a1c4-b4327b3d1557,vedamalhotra@upi,ishakuruvilla@upi,182.85,2026-09-13T15:12:04,Pune,e558806d-c5f,0,15,0
1f6cb7a5-8622-4901-8ffd-8b880e8cbb3b,diya27@upi,ikakar@upi,2333.15,2026-09-12T21:36:26,Bengaluru,ddd946f9-d4c,0,21,0
a08841b5-3c31-4856-8a91-2011003e4800,baraldayamai@upi,kibeharsh@upi,1895.93,2026-07-02T14:08:47,Bengaluru,3f9b0bda-4d2,0,14,0
da1ff90f-9b3b-4970-b690-fbd948ade6cc,aryasunder@upi,ssahni@upi,3450.93,2026-07-05T00:12:43,Hyderabad,4ceb4c19-40d,0,19,0
6e721a28-a75c-451d-a937-2611dd0fce43,beramax@upi,theodore28@upi,3626.88,2026-07-04T10:08:14,Chennai,66663ca1-cbd,0,10,0
db54a5d4-0800-4d2a-8cc3-851ae586515c,vihaan13@upi,qnayar@upi,3054.59,2026-08-14T21:04:49,Bengaluru,dda8abfe-645,0,21,0
ae9d499e-8555-4840-86f7-c10565fbe740,indali23@upi,yadavinarula@upi,443.05,2026-07-02T20:50:37,Mumbai,56169905-4e3,0,20,0
b3c6f1f8-4306-4922-9082-d92f889ed20c,pushti49@upi,ekaraj45@upi,4816.32,2026-07-02T21:12:15,Bengaluru,d8857b1b-100,0,21,0
23c62176-8b16-458a-9d41-2574a800d159,bcherian@upi,suhani46@upi,2324.87,2026-08-10T23:13:33,Mumbai,c441206e-dd2,0,23,0
c4ffe9a3-680b-4f38-95e7-da9388a5945d,shroffbhavna@upi,isha34@upi,1643.1,2026-07-27T10:09:34,Kolkata,b34f4617-f13,0,10,0
e6872914-4728-4c2c-9587-54fa19da99c9,aryasunder@upi,chakradevbarad@upi,4789.24,2026-09-01T06:41:05,Pune,4ceb4c19-40d,0,6,0
bb51871f-ea07-486a-845a-35397264bb1b,kibeharsh@upi,jonathansolanki@upi,298.2,2026-09-10T18:56:22,Kolkata,ff6d3c99-65e,0,18,0
b9237fe6-a10f-49f6-b103-cacdf06dc42d,falak10@upi,ishaanshenoy@upi,1606.64,2026-08-04T22:00:51,Chennai,ddebfabe-8b8,0,22,0
3df7e9c2-bab5-4ef0-a4fd-aa7ddfa386f9,choudhuryjanani@upi,bhagatbrinda@upi,582.92,2026-09-06T03:38:47,Kolkata,4c93c7d1-a58,0,19,0
694ae3c6-032b-41a8-899f-5374ded51096,petersachar@upi,trivenipathak@upi,3736.39,2026-07-14T09:00:09,Delhi,dc7609f9-ab8,0,9,0
49c8b188-d5af-4fbc-bca8-e140b2abd5f2,fsarma@upi,anamikayohannan@upi,3936.79,2026-08-23T08:31:08,Delhi,7033c9dc-e9c,0,8,0
25f176a9-1d02-4c1f-b342-c7e3b01f8a8c,borramanthan@upi,raksha87@upi,2294.39,2026-09-19T15:51:58,Kolkata,e997552c-ae6,0,15,0
5cfeffa5-f3b5-41c8-b6ce-5ee16b72010d,aarnavrege@upi,fswamy@upi,3187.94,2026-08-03T12:36:41,Chennai,33daedc4-9e0,0,12,0
92c28c31-269c-4dc9-afe1-55118a84fe2e,udantbajwa@upi,twalia@upi,3538.42,2026-09-08T20:30:16,Mumbai,cce36fe7-c93,0,20,0
4b7b968b-7355-49c4-a3ac-75ccf02a7deb,avarkey@upi,sudiksha89@upi,65524.88,2026-08-29T03:52:11,Mumbai,f3ba4bdd-522,1,3,1
f3224757-42f0-442a-852e-b50229fc89a7,alkadewan@upi,yashica40@upi,4051.11,2026-09-18T03:15:57,Delhi,a481934d-88c,0,7,0
cc7a9e81-5125-401a-9cc7-03b936150d24,ikakar@upi,isha34@upi,3455.52,2026-09-07T00:00:45,Bengaluru,4e636d14-cda,0,19,0
ad66f1b5-f62b-4e0c-8064-16855b52f44b,modibhavini@upi,oseth@upi,4065.3,2026-08-03T16:24:35,Delhi,2ce18ffb-7ff,0,16,0
c5cf581f-40f2-4bbd-9a76-42f91f03ecde,karnikekansh@upi,hrattan@upi,23465.14,2026-09-22T02:21:51,Pune,d247e1fc-69b,1,2,1
1ab72e76-94e0-4ef8-8958-f012e70dea26,pushtibal@upi,janujasankar@upi,1797.4,2026-09-02T23:56:43,Pune,ef54e936-8e0,0,23,0
6d1ded6d-e3d3-4e2a-b0a2-047382d056aa,hyadav@upi,zdeol@upi,2896.65,2026-07-12T03:52:23,Bengaluru,7662df68-57c,0,9,0
c8300512-141e-4070-b658-7cd121dc5de6,upai@upi,lalpranav@upi,3089.13,2026-09-07T17:33:31,Hyderabad,eb6db7d5-b4b,0,17,0
ef66067c-2938-4cd7-969b-9803e09862d3,mkapadia@upi,bnayar@upi,1469.74,2026-09-08T05:25:00,Delhi,7e9eef66-f41,0,11,0
5dba16b2-da31-4d70-8908-24f5ba909b99,kashviedwin@upi,ranbir39@upi,4149.85,2026-08-05T01:30:11,Delhi,0696c6bf-850,0,14,0
0272acda-83cd-4a4b-be90-853a7383fb6b,pavani85@upi,grewalekapad@upi,2355.87,2026-07-27T01:20:56,Akola,f45333eb-f0e,0,11,0
03ae1c52-5573-4c9e-a846-ecde60c50b78,pushti49@upi,upmavenkataraman@upi,2471.7,2026-07-23T19:07:31,Delhi,d8857b1b-100,0,19,0
ccdb5844-76cf-4f80-b755-94a65d52637c,uaurora@upi,lshere@upi,4797.5,2026-09-09T19:41:19,Kolkata,ee6efdd6-203,0,19,0
a0f448ea-15d2-4d1c-87d3-099d3750aafc,roak@upi,borramanthan@upi,4843.57,2026-08-03T20:04:44,Hyderabad,caf157f1-769,0,20,0
f25d9208-8ead-49fc-9609-2b3adeb1ff3a,janujapradhan@upi,atharv13@upi,677.45,2026-07-19T04:11:25,Chennai,9c9396c8-258,0,10,0
d8091728-8831-4d2e-beb6-0402b5ce93ac,eyohannan@upi,sudiksha89@upi,4719.45,2026-08-19T12:39:37,Bengaluru,0f358453-475,0,12,0
bdec34af-b198-4a4a-8ac6-18b020105203,choudhuryjanani@upi,esawhney@upi,2793.7,2026-09-22T22:24:42,Hyderabad,4c93c7d1-a58,0,22,0
aeb73265-8856-4c00-90bf-81d45cedfc5f,karnikazad@upi,lshere@upi,3351.12,2026-08-17T11:30:08,Akola,6f0a5b17-392,0,11,0
dfc1d96b-75a9-4e6a-8fb9-412212aadc10,cdatta@upi,yauvanicomar@upi,59192.43,2026-09-16T03:54:40,Kolkata,f8b5a5e5-205,1,3,1
ce5e4242-950c-43f6-95ce-beb4c733fa8b,ekbalbhasin@upi,jonathansolanki@upi,16967.74,2026-08-17T03:33:11,Hyderabad,85333d64-42f,1,3,1
f7fc682b-f28e-41d7-9649-f3fd908f8f8c,cswaminathan@upi,yadavinarula@upi,965.48,2026-08-06T16:12:42,Akola,46baf193-06b,0,16,0
90b0e704-ae8b-4f35-ac90-d1e103254473,onadig@upi,sidhudaksha@upi,558.31,2026-08-14T11:07:18,Delhi,2edf66dc-30a,0,11,0
9642548b-40a3-4a8d-9a2f-fd509af8fa9c,pushti49@upi,upai@upi,1842.38,2026-09-08T05:17:53,Pune,d8857b1b-100,0,12,0
1d8559d0-e627-480b-8572-15710185198c,pandeychanchal@upi,theodore28@upi,2725.86,2026-07-07T01:42:25,Mumbai,864a2d04-55f,0,11,0
03fcba83-c9d5-47db-a80a-e52358c0a617,isha34@upi,mkapadia@upi,1621.61,2026-07-18T16:25:25,Delhi,8fc07b5e-994,0,16,0
f3b37005-ed2d-47e7-bffa-cd4cc205d810,udantbajwa@upi,farhanchada@upi,4840.54,2026-09-04T18:07:00,Bengaluru,cce36fe7-c93,0,18,0
a39a0052-f047-429f-9374-895ac308488e,jonathansolanki@upi,upmavenkataraman@upi,2387.49,2026-07-09T07:30:54,Pune,2744506e-bbb,0,7,0
8ba6335c-d1b6-4558-af85-13734771a5bd,kabirsoman@upi,mkapadia@upi,4707.91,2026-07-29T09:30:51,Chennai,6ef910ee-e62,0,9,0
d12faac3-d149-45b5-b30a-595381ff73d1,fsamra@upi,vihaan13@upi,2518.86,2026-08-29T05:59:57,Hyderabad,16d95fa1-3ca,0,22,0
9f04a0a2-7f57-4978-b17f-0da4ea30f24a,osharaghavan@upi,bhattvamakshi@upi,2745.41,2026-08-07T08:29:11,Pune,ad326f07-fe5,0,8,0
9f076f8a-de04-4a92-8488-77bb6a0e5a86,hrattan@upi,nandinibhargava@upi,3690.53,2026-07-27T09:39:17,Kolkata,c3f5975c-ac9,0,9,0
e194fde3-8bc6-4362-988d-f7a7a4a145a3,baldevika@upi,teerth77@upi,1879.67,2026-09-12T19:43:42,Akola,d32ca56c-31d,0,19,0
50e28173-7cb3-4513-96e0-2c8c86efb303,bnayar@upi,mkapadia@upi,1882.77,2026-09-08T06:57:48,Akola,9ae0f61e-249,0,6,0
5bca329f-e7bf-4d4c-86cf-a964e213e2be,teerth77@upi,amaradeep@upi,1670.14,2026-08-14T13:44:48,Kolkata,195c66ab-c8b,0,13,0
c9b07298-bec8-41d7-8c54-fd7171151b3f,yashica40@upi,triyagopal@upi,394.45,2026-08-24T07:14:38,Mumbai,4f00d0f2-cb4,0,7,0
09dcac8e-3b93-4436-a779-877bbd23602c,janujapradhan@upi,beramax@upi,4546.81,2026-07-15T00:18:00,Akola,9c9396c8-258,0,19,0
0879e727-8dbc-4e9f-9fd1-8db263da80f7,ikakar@upi,dhaliwalupkaar@upi,1627.33,2026-08-20T18:32:09,Delhi,4e636d14-cda,0,18,0
442107c9-f616-4f28-b14f-440e78aeaa42,rudra61@upi,vedamalhotra@upi,1623.86,2026-08-24T08:15:45,Chennai,6ae81ea1-31b,0,8,0
a290a617-6976-4890-82dd-d7ec5a8ed2db,devimatthew@upi,cswaminathan@upi,3290.25,2026-09-07T20:34:20,Kolkata,a1b0f18a-d9c,0,20,0
503f8708-106a-4482-88b1-a9c915ff6610,patrickvasa@upi,ranbir39@upi,2717.89,2026-07-09T19:54:31,Delhi,5486ec5a-863,0,19,0
aef383ad-b9b4-404f-8172-ad51521b78de,ekantika31@upi,bhattvamakshi@upi,4424.14,2026-07-13T06:10:56,Pune,c10de943-186,0,6,0
2005e819-4fec-4266-b859-89c4bfb47a3c,kom@upi,yashawinilanka@upi,482.18,2026-09-02T09:49:09,Chennai,4bc2a128-c81,0,9,0
d5c4c466-812a-4e66-b654-2e3396b02a6b,teerth09@upi,amaradutta@upi,3829.06,2026-08-19T06:09:00,Mumbai,ffd45e2d-603,0,6,0
de51dbc7-9d12-4ff6-9fd2-0fa30dea2a25,aviramesh@upi,bhavyamandal@upi,808.33,2026-08-16T06:19:18,Chennai,ce2fa891-0b2,0,6,0
aef22530-f8bd-4eba-b360-0faf91e25c3b,patrickvasa@upi,urvashi66@upi,3004.7,2026-08-14T17:38:41,Hyderabad,5486ec5a-863,0,17,0
225e990b-4ba5-48b8-a543-53ed165a39fc,aradhanaverma@upi,osharaghavan@upi,67393.11,2026-08-03T01:31:07,Bengaluru,ed933bf9-08d,1,1,1
54a8c320-3862-4b38-af9a-dc334c9a439b,cswaminathan@upi,kabirsoman@upi,4727.09,2026-08-08T11:13:39,Bengaluru,46baf193-06b,0,11,0
16677f36-678a-4a98-ae94-75dc7d19c2fd,beramax@upi,thamanorinder@upi,4838.55,2026-08-03T21:36:47,Hyderabad,66663ca1-cbd,0,21,0
ec156bd7-063b-40b2-b909-835942ae340e,bhattvamakshi@upi,sudiksha89@upi,3077.8,2026-09-12T10:39:46,Mumbai,b4b08621-6b3,0,10,0
5c21729a-bc73-4a74-bf34-c1936641e459,nathanielsami@upi,gauriganguly@upi,2195.68,2026-09-19T17:08:38,Kolkata,dc6d5618-766,0,17,0
6c4f0c23-687c-4e4d-bf4e-e0b613e0316d,urvashi66@upi,petersachar@upi,860.76,2026-07-10T22:29:17,Chennai,f2baea33-475,0,22,0
ae432e24-6db2-4101-8e42-bc222b92be5f,bhavyamandal@upi,avarkey@upi,4262.75,2026-07-21T19:57:18,Kolkata,dc1c0b6c-2bd,0,19,0
f32fd328-75d8-4776-b268-82edff1f7906,amol24@upi,qpandya@upi,1247.59,2026-09-02T22:20:04,Kolkata,8937ded1-b0c,0,22,0
e4c5b28a-4450-40bc-9215-93f1f54c475f,jyoti29@upi,lshere@upi,3468.04,2026-09-19T23:42:18,Mumbai,1b8449aa-325,0,23,0
7ac751db-0a3f-4b54-b807-16b5d1fee42f,hritikpalla@upi,kalpit42@upi,3085.01,2026-08-22T02:41:46,Mumbai,72907c22-57a,0,11,0
e3ff0316-3889-460b-9ca6-bf3bc0667ea9,lakshmi51@upi,bnayar@upi,1404.3,2026-09-14T22:04:38,Akola,c26b652f-797,0,22,0
09dc4e34-4a6e-4648-9427-4b8445d432ea,suhaninarain@upi,vihaan13@upi,2711.88,2026-09-01T15:14:49,Chennai,eeef38f2-0d4,0,15,0
f9fdab70-4e42-4610-913e-153d16be4411,cswaminathan@upi,utkarsh52@upi,103.02,2026-08-28T14:41:01,Hyderabad,46baf193-06b,0,14,0
0fb9a28e-17e6-4457-bd87-9f68a7e68505,devimatthew@upi,sahaupkaar@upi,94777.83,2026-09-13T00:04:56,Hyderabad,84369040-731,1,0,1
21010b85-aa48-4550-8dc2-930e6ac31322,udantbajwa@upi,nihalshere@upi,1036.12,2026-08-30T15:15:10,Chennai,cce36fe7-c93,0,15,0
bfa73f12-eb77-4181-b977-f32752faac73,bhavnakaran@upi,petersachar@upi,3603.07,2026-09-14T06:37:19,Akola,acdecfc2-24d,0,6,0
0aa3a7ef-257d-4708-8b40-1764d1ed9b0c,uaurora@upi,vlanka@upi,2721.81,2026-09-03T19:59:38,Mumbai,ee6efdd6-203,0,19,0
aff69757-e65e-44d3-8ed5-dbb57be4cc39,thamanorinder@upi,aradhanaverma@upi,81301.33,2026-07-24T02:31:49,Kolkata,1cdc329f-a76,1,2,1
7e0f66c4-d9ed-48c3-af18-882434268d4b,kabirsoman@upi,aviramesh@upi,474.41,2026-09-08T01:47:15,Kolkata,6ef910ee-e62,0,11,0
41f92c1b-2ae8-4743-9357-ef7a0162450e,bcherian@upi,nattdominic@upi,3773.56,2026-07-17T14:12:37,Delhi,c441206e-dd2,0,14,0
700ff67a-51d3-4652-bc0d-b65b4b9a96f7,mangalwahab@upi,shroffbhavna@upi,2735.07,2026-07-26T21:46:53,Mumbai,ddfc0db5-5e5,0,21,0
2c7986a4-b495-4b62-a808-854bce1f5bfa,ekbalbhasin@upi,randhawaanvi@upi,1708.18,2026-08-20T12:12:04,Chennai,e8c4512b-b01,0,12,0
1695b99a-a9a5-47ac-a491-56d9f0126834,janujasankar@upi,lalpranav@upi,1151.64,2026-07-02T17:39:07,Pune,9939ea42-a08,0,17,0
697515d6-f589-43ba-9354-a8024390f287,faqidsavant@upi,mray@upi,75.72,2026-08-31T10:47:32,Hyderabad,1ca35c16-a10,0,10,0
d5ff3f60-d73d-41be-94f8-4efcd73e61e9,yashica40@upi,qnayar@upi,4074.61,2026-09-06T02:16:05,Pune,4f00d0f2-cb4,0,17,0
59852624-76d4-477d-aebf-2e22034be6bf,nattdominic@upi,ojasvi77@upi,511.61,2026-07-07T09:25:48,Mumbai,a40028bd-8ea,0,9,0
a576f67e-89e2-44b7-864c-80d003ad5035,borramanthan@upi,suhani46@upi,2075.22,2026-07-31T17:49:25,Kolkata,e997552c-ae6,0,17,0
d515b6dc-7147-49d6-9f79-bf14b092b1c8,osharaghavan@upi,lalpranav@upi,1834.11,2026-07-02T02:58:35,Mumbai,ad326f07-fe5,0,13,0
1f7ea3ae-a98a-4707-b47b-a0b5d1185c5c,pandeychanchal@upi,oseth@upi,4136.08,2026-08-30T13:46:25,Delhi,864a2d04-55f,0,13,0
7ad2f369-86a8-4258-ab28-15eb5223e583,vihaan13@upi,thamanorinder@upi,3562.23,2026-07-29T16:41:33,Hyderabad,dda8abfe-645,0,16,0
55f75d25-1a99-437d-8797-c01bb376dd63,yutika95@upi,suhaninarain@upi,3425.09,2026-09-24T18:57:15,Chennai,534764bd-7d8,0,18,0
30e1f39c-780a-4231-bed5-5bd0c23a4e27,amaradutta@upi,osharaghavan@upi,710.38,2026-08-27T15:21:43,Akola,aa02a852-3bd,0,15,0
e9951d25-4e74-4f3f-9c14-02f398444591,sudiksha89@upi,lshere@upi,1790.01,2026-07-09T18:13:06,Hyderabad,06dc236b-954,0,18,0
28e82c0c-6f87-40a0-9d68-006c5ac730a7,charan16@upi,beramax@upi,124.59,2026-07-28T10:08:54,Hyderabad,027eadc5-718,0,10,0
331a7fda-459f-412c-b173-3511172241ea,harrisonrai@upi,zdeol@upi,4429.27,2026-09-19T19:54:32,Bengaluru,e7816626-028,0,19,0
a0e3db0d-99e6-4753-b774-6eb3eab7c62a,zaidchauhan@upi,uchandran@upi,2296.6,2026-09-05T03:36:20,Pune,f25fae62-8b8,0,16,0
d4a516ab-dccc-4eeb-b63e-5c4373cf1f16,petersachar@upi,hyadav@upi,2238.19,2026-09-17T02:23:20,Mumbai,dc7609f9-ab8,0,10,0
3d9ca11a-8735-449a-806a-131f73992eb9,dhaliwalupkaar@upi,onikannan@upi,2353.0,2026-07-16T12:34:43,Akola,7a9a9350-e0a,0,12,0
e8a6ebb4-57e8-402e-9d63-335e4dd8da91,borramanthan@upi,petersachar@upi,23163.29,2026-08-13T02:15:24,Mumbai,0f7dae5b-be0,1,2,1
13161b99-1a11-4630-9ac5-67cb6953fef1,dhaliwalupkaar@upi,yashica40@upi,2862.54,2026-09-26T18:53:01,Chennai,7a9a9350-e0a,0,18,0
b68a0d94-7d1d-4238-9792-9b53fbf65e48,nandinibhargava@upi,rudra61@upi,4705.16,2026-08-26T19:01:41,Delhi,48e3bd88-2ee,0,19,0
c83d5c1c-c0cc-4715-b478-3e1696d93aa6,mkapadia@upi,jonathansolanki@upi,916.59,2026-09-26T05:56:23,Chennai,7e9eef66-f41,0,14,0
1182d06e-f254-4ad9-b629-56c50f0e2bcf,sachdevanikita@upi,petersachar@upi,1294.34,2026-08-04T05:12:50,Kolkata,84a60f35-56b,0,8,0
d6dc8517-4b23-45f9-aedc-5cd04a7ec508,daksh45@upi,sarinanirudh@upi,513.77,2026-07-24T06:39:52,Bengaluru,072ac257-0f0,0,6,0
5de3908b-9dab-4978-86a2-4adde8ede0bb,shivansh53@upi,devimatthew@upi,243.5,2026-09-22T20:14:15,Bengaluru,40f069c3-46c,0,20,0
915e1e20-276a-4d84-96d7-3cecbbb00420,roak@upi,jasmitwali@upi,2651.26,2026-07-14T10:36:05,Akola,caf157f1-769,0,10,0
ee35a05d-ff97-4502-83e1-3eeb8c0e710f,chanderwarjas@upi,urvashi66@upi,3741.73,2026-09-18T05:34:34,Pune,803cb4f5-eb2,0,17,0
6c099cef-cc80-4e91-872b-e1323dbad79e,krishnanvanya@upi,ekarajbath@upi,2340.01,2026-09-25T09:04:55,Delhi,8ff5ffba-9c3,0,9,0
2ef023a9-c449-4436-9528-d6f9028e1771,jasmitwali@upi,pchhabra@upi,3647.48,2026-09-01T23:31:54,Mumbai,c7e0aeac-11c,0,23,0
836ade5d-c6f5-4f98-90c1-3238ad072ec6,dhaliwalupkaar@upi,ekarajbath@upi,3891.28,2026-07-04T01:51:37,Pune,7a9a9350-e0a,0,17,0
70e2b86a-c1ea-4672-9bdb-92f5354f78a4,devimatthew@upi,choudhuryjanani@upi,1049.85,2026-07-08T12:26:14,Hyderabad,a1b0f18a-d9c,0,12,0
1046b3db-9543-4d9b-9604-9022d351e452,janujasankar@upi,raksha87@upi,2099.57,2026-09-02T04:17:58,Akola,9939ea42-a08,0,18,0
ac553efc-a22d-49fb-bc39-f830e5c82746,mangalwahab@upi,theodore28@upi,307.96,2026-09-04T01:44:34,Pune,ddfc0db5-5e5,0,22,0
f57e3971-d088-4b22-bc86-593ebdd8f084,jkohli@upi,ranbir39@upi,2157.2,2026-07-26T16:17:17,Chennai,009786b3-cbb,0,16,0
7e1a7195-f98b-4baa-a659-12e6c3bb9692,roak@upi,koshybalveer@upi,545.22,2026-07-04T22:51:47,Delhi,caf157f1-769,0,22,0
5d6c835e-c4d4-404a-b869-701de2b62358,lakshmi51@upi,osachdeva@upi,3257.45,2026-07-28T09:11:50,Bengaluru,c26b652f-797,0,9,0
da628ed6-fea2-4383-97db-bcb7666db0d7,udantbajwa@upi,qatwal@upi,345.89,2026-07-13T11:52:06,Bengaluru,cce36fe7-c93,0,11,0
8ab376dd-47e5-4c88-b186-58debd04720a,aviramesh@upi,yashawinilanka@upi,2422.38,2026-07-07T20:32:12,Delhi,ce2fa891-0b2,0,20,0
44501716-06df-4e83-98d2-5eb0fab2bf20,ekbalbhasin@upi,znori@upi,4903.68,2026-09-08T21:54:49,Hyderabad,e8c4512b-b01,0,21,0
949bb6a0-cac7-4653-92f5-28c855dd6359,avarkey@upi,zdeol@upi,1230.8,2026-08-18T18:39:12,Kolkata,2060d1a2-7a7,0,18,0
08d8337b-665f-4356-ac3a-61dd296dc633,uaurora@upi,indali23@upi,1531.05,2026-09-04T14:03:33,Bengaluru,ee6efdd6-203,0,14,0
879c6854-f49a-4284-bd35-f5e4260703e7,qvyas@upi,amaradeep@upi,4355.84,2026-08-23T22:50:39,Delhi,e316ffc2-72c,0,22,0
582eedfd-0829-431d-94c0-a1b88f62b310,alkadewan@upi,znori@upi,3533.31,2026-07-23T18:22:38,Mumbai,a481934d-88c,0,18,0
f8b0a1ea-0a16-4594-85c6-ba90e6a15c29,yashodadeshpande@upi,indirakanda@upi,1770.0,2026-08-28T22:53:38,Hyderabad,976e20dc-d26,0,22,0
298c3bb2-9482-468d-aa41-7012d0fceee7,cswaminathan@upi,mananbakshi@upi,297.02,2026-07-10T22:39:19,Bengaluru,46baf193-06b,0,22,0
5400e9c8-7c39-4aea-84fc-57804fff7e91,kashviedwin@upi,cswaminathan@upi,586.59,2026-07-21T07:07:37,Chennai,0696c6bf-850,0,7,0
9e9b8e8e-dbe6-4766-b8f5-fc0f95dc9fa6,roak@upi,vedamalhotra@upi,504.21,2026-09-22T17:03:36,Pune,caf157f1-769,0,17,0
9765684a-79ec-454b-b054-f596f2bdc7a4,hyadav@upi,finn70@upi,2288.74,2026-07-06T20:10:52,Mumbai,7662df68-57c,0,20,0
72fb9f52-a553-4aaf-9f5c-d54180c5fbe5,othakur@upi,avarkey@upi,3650.44,2026-09-12T00:57:35,Akola,bba7a234-41e,0,12,0
e28cdfbc-d321-4503-942e-d56ae23628e3,uaurora@upi,pushtibal@upi,109.31,2026-09-17T22:02:58,Pune,ee6efdd6-203,0,22,0
64ae86d1-4988-4a02-ac42-862b07cea7c7,desaiaishani@upi,ekapadjohal@upi,3249.89,2026-08-26T09:55:59,Mumbai,3be7191f-103,0,9,0
a5690474-cdfb-4000-ad11-acdfa6721b15,aryasunder@upi,mkapadia@upi,4619.63,2026-08-26T23:55:14,Bengaluru,4ceb4c19-40d,0,23,0
23fbec78-5b7a-4b73-988f-bbb433ff560d,zdeol@upi,onadig@upi,3530.31,2026-09-18T19:58:25,Pune,500c5ea8-5e7,0,19,0
29102ee5-36d3-4ef3-b416-7a694a98c05c,soodyadavi@upi,kashviedwin@upi,1732.83,2026-08-01T05:43:59,Delhi,82f6eeaf-083,0,15,0
9db11f51-f772-4d3e-8c40-e3a694d55b82,baldevika@upi,thamanorinder@upi,1843.02,2026-08-06T10:29:16,Delhi,d32ca56c-31d,0,10,0
3ba41018-c79a-4c95-ba9f-efa913eefcd8,bhavani27@upi,indirakanda@upi,1106.43,2026-08-08T16:06:12,Pune,527b9e26-830,0,16,0
e2e3a113-595d-4642-b3a7-2a05b8a85999,kom@upi,ekantika31@upi,3419.74,2026-09-26T14:08:26,Mumbai,4bc2a128-c81,0,14,0
ecf41506-f2ac-4093-825f-920751b1f4e6,charan16@upi,diya27@upi,3735.86,2026-08-30T22:26:08,Delhi,027eadc5-718,0,22,0
9291c265-785a-4007-9956-c77380048e43,uaurora@upi,ansh98@upi,3917.68,2026-07-08T08:29:17,Kolkata,ee6efdd6-203,0,8,0
4fa8e74d-dde9-4916-80ee-b04f503ffbf4,aarnavrege@upi,onikannan@upi,2652.99,2026-09-21T23:06:19,Kolkata,33daedc4-9e0,0,23,0
f3a35b79-a691-47bc-b699-495a69a7f019,pushtibal@upi,pradhankalpit@upi,3425.61,2026-09-02T00:03:27,Mumbai,ef54e936-8e0,0,22,0
341ca092-6f18-4a0a-a303-88148acc65bc,janujapradhan@upi,henry25@upi,4395.55,2026-07-28T09:05:28,Pune,9c9396c8-258,0,9,0
eef8f880-c0ca-487e-8a66-87e4ea16ae60,dhaliwalupkaar@upi,fswamy@upi,4489.03,2026-08-27T07:32:17,Delhi,7a9a9350-e0a,0,7,0
fbe99be3-2cf4-45e0-9ee0-ae55946638ba,gauriganguly@upi,balangirik@upi,758.96,2026-07-30T19:56:20,Bengaluru,c72e7ae4-f85,0,19,0
b1947590-cdd3-43b3-87c4-6837620b4752,upai@upi,qvyas@upi,853.12,2026-08-27T11:49:01,Bengaluru,eb6db7d5-b4b,0,11,0
7611513a-7688-4b37-9000-c6b9ce9f4a5b,dhaliwalupkaar@upi,yashica46@upi,1841.88,2026-09-04T06:52:21,Bengaluru,7a9a9350-e0a,0,6,0
422c6d1f-c48b-4405-a608-1ac488a05a51,harrisonrai@upi,timothy17@upi,429.82,2026-07-15T17:25:11,Delhi,e7816626-028,0,17,0
6ac63b0b-f045-469a-90a4-8e650904bff0,rudra61@upi,ekapadjohal@upi,3036.48,2026-09-23T17:05:21,Hyderabad,6ae81ea1-31b,0,17,0
ac00c776-5341-4de3-849a-56b8fb682b8e,aviramesh@upi,sahaupkaar@upi,4210.51,2026-09-02T00:21:38,Pune,ce2fa891-0b2,0,10,0
ba966934-bf87-4d62-af49-4d4524964d1b,osharaghavan@upi,yashica40@upi,4647.99,2026-08-10T09:56:24,Chennai,ad326f07-fe5,0,9,0
b63b57da-6705-4698-806c-4fad60095b3a,daksh58@upi,ekapadjohal@upi,68.89,2026-08-02T04:17:09,Delhi,b2da648a-195,0,16,0
a79fe9df-27e8-49f0-b8e5-5d42a1a7f013,dharazaan@upi,diya27@upi,1048.71,2026-09-18T12:12:30,Delhi,f6dfa22f-783,0,12,0
1d60a4d8-0814-4ab5-84b5-1d3ea3b06c21,kgole@upi,qwadhwa@upi,2946.54,2026-07-06T22:38:28,Hyderabad,033b6f25-c1a,0,22,0
d37f735c-b250-455d-9fd6-7b2eabe626c8,kakardivya@upi,vihaan13@upi,983.91,2026-07-23T21:32:29,Bengaluru,5f331193-cf1,0,21,0
ac385948-3268-4bd1-862a-b5f48a3e3dd3,avarkey@upi,patrickvasa@upi,2131.34,2026-08-18T12:41:25,Akola,2060d1a2-7a7,0,12,0
d9f748ad-6954-4b34-b951-3514fc45d449,utkarsh52@upi,randhawaanvi@upi,950.11,2026-08-18T00:35:14,Pune,217f4f0c-209,0,18,0
e7bdf854-5d25-4ce2-8768-f94c133801cd,choudhuryjanani@upi,vinayakanda@upi,1788.78,2026-07-07T00:06:32,Pune,4c93c7d1-a58,0,14,0
9cc4f2ab-1a26-4ff4-a3ae-4bc0ceb07255,suhani46@upi,hrattan@upi,4216.88,2026-07-31T10:15:14,Bengaluru,5d0c0d11-0c6,0,10,0
df68fbf9-cd56-4e10-8437-8e82eca3ac2d,yashica46@upi,onikannan@upi,2534.09,2026-08-03T18:14:01,Bengaluru,44bc0387-f29,0,18,0
68545710-e070-4a8b-88af-410f06b2cafc,dayamai55@upi,dharazaan@upi,41997.12,2026-07-07T01:26:11,Bengaluru,a89a5769-f8c,1,1,1
32dcd483-1ded-4820-b89b-073f1805bb56,oseth@upi,priya51@upi,3479.2,2026-09-03T19:56:59,Mumbai,d85c553b-6f2,0,19,0
5d96103c-4edf-450f-b3b0-7da7e2857f9a,bhattvamakshi@upi,ojasvi77@upi,1836.76,2026-09-14T23:45:22,Hyderabad,b4b08621-6b3,0,23,0
0e097eb6-0909-4e73-856b-2537a391cf1f,nandinibhargava@upi,bhavani27@upi,4628.06,2026-09-04T01:06:42,Bengaluru,48e3bd88-2ee,0,12,0
f9a86b97-b8de-496d-b2d7-f6b8cc8bc917,borramanthan@upi,dugalnakul@upi,2692.81,2026-08-07T03:30:54,Kolkata,e997552c-ae6,0,18,0
88a3ccbc-da6b-4fc2-92e0-424489df4bc4,bhavyamandal@upi,amaradutta@upi,2616.27,2026-09-15T08:20:38,Kolkata,dc1c0b6c-2bd,0,8,0
36fd2c85-f193-411a-808a-fe6dd78d8b34,koshybalveer@upi,znori@upi,4364.5,2026-09-11T22:06:23,Delhi,53981699-769,0,22,0
a217b991-fbbc-428c-8112-d3038ea02e96,petersachar@upi,pchhabra@upi,1055.28,2026-07-05T04:29:55,Kolkata,dc7609f9-ab8,0,14,0
8b298644-d646-4c1a-a81b-2f3a76975b77,osharaghavan@upi,dateanvi@upi,820.43,2026-08-05T15:47:49,Pune,ad326f07-fe5,0,15,0
ccc0b84e-c19c-4a51-8993-45305e723c5a,tanvi51@upi,mangalwahab@upi,4316.82,2026-07-24T06:40:21,Delhi,df69cfd2-a83,0,6,0
c24577f1-433f-4d94-a508-74803867dfbb,qvyas@upi,kom@upi,2295.89,2026-08-02T11:18:02,Chennai,e316ffc2-72c,0,11,0
56f2a091-e677-4be8-aec4-2aef5ff48982,uaurora@upi,falak10@upi,1228.48,2026-07-31T13:33:21,Delhi,ee6efdd6-203,0,13,0
2a46ef9a-b457-4ebf-9a3e-63b54723462d,pradhankalpit@upi,chandani64@upi,3410.67,2026-09-24T12:36:01,Akola,4db802c1-9ff,0,12,0
2e379c43-a06b-4d4f-bdfc-9af694568b0c,chanderwarjas@upi,ekantika31@upi,2951.09,2026-07-15T13:20:36,Chennai,803cb4f5-eb2,0,13,0
0102d3fa-6f71-4de7-8779-28aa6b8ac620,faqidsavant@upi,aishanibumb@upi,4366.97,2026-08-14T18:12:46,Pune,1ca35c16-a10,0,18,0
d6238a12-8366-4bba-bdfd-5cacc53448ec,yauvanicomar@upi,aradhanaverma@upi,4486.77,2026-09-19T17:03:58,Delhi,b458f741-708,0,17,0
9a8bbf8e-727e-43f5-ae9f-236728488133,bhavani27@upi,kom@upi,276.12,2026-07-25T18:56:52,Akola,527b9e26-830,0,18,0
66817a10-1796-4e64-bccf-aafc5091d0ed,teerth09@upi,mray@upi,1326.13,2026-07-23T07:22:20,Mumbai,ffd45e2d-603,0,7,0
7bef6a24-0f92-43f2-99ee-ac345e91b10f,vamakshi82@upi,sawhneyojas@upi,677.24,2026-07-17T14:11:15,Bengaluru,54f56fb8-041,0,14,0
098940d4-7763-4d2c-b0e4-52a57f5c7190,finn70@upi,grewalekapad@upi,3286.47,2026-09-13T08:52:20,Kolkata,7646228b-fd5,0,8,0
6977e28e-96f4-4657-8b76-86262687e416,maneupasna@upi,osharamachandran@upi,1031.42,2026-09-25T08:42:34,Bengaluru,e7ceef85-245,0,8,0
83b36253-716c-49dd-9eab-0f71d3fb85a3,henry25@upi,indali23@upi,1462.32,2026-07-28T16:36:11,Hyderabad,166aa591-ee1,0,16,0
620a315c-e5f0-40ae-8740-b1d8e67d85b6,bcherian@upi,nidhikohli@upi,2903.73,2026-09-05T07:56:06,Akola,c441206e-dd2,0,7,0
800182ca-3d35-4f10-8076-723fc188e3ee,suhani46@upi,amol24@upi,496.75,2026-09-10T09:23:56,Akola,5d0c0d11-0c6,0,9,0
52b32b46-d10b-4aaa-99c2-18e3a4090514,bariaazaan@upi,aishanibumb@upi,76.35,2026-07-09T05:10:23,Kolkata,88c64c48-2d1,0,17,0
5c8a0e22-debd-4345-9685-403d382d9dff,vihaan13@upi,bhavyamandal@upi,1972.49,2026-08-09T10:38:34,Bengaluru,dda8abfe-645,0,10,0
91e92ee0-2788-4795-8400-2276bc457611,yauvanicomar@upi,mananbakshi@upi,3621.68,2026-08-30T19:20:21,Akola,b458f741-708,0,19,0
87057c39-409e-4311-8c1f-27e5ee3c228b,ksehgal@upi,ranbir39@upi,1954.08,2026-08-31T18:43:14,Mumbai,c2d55ab7-5eb,0,18,0
c8666659-0941-446e-a4cc-db9d7764b1fe,rsathe@upi,vlanka@upi,2271.25,2026-08-05T11:26:25,Mumbai,b4287f0f-ef4,0,11,0
fc347e9f-a4f2-4c34-b460-7421a05fd770,kakardivya@upi,frederickkhurana@upi,1512.32,2026-09-03T11:56:22,Pune,5f331193-cf1,0,11,0
4a87cafa-700d-44e2-baec-cd95c7d78d78,faqidsavant@upi,trivenipathak@upi,511.39,2026-09-24T14:23:51,Delhi,1ca35c16-a10,0,14,0
a6b7ae3e-31e9-48c2-8b14-9064dffd3c91,ekantika31@upi,yashica46@upi,4719.61,2026-07-14T14:33:13,Bengaluru,c10de943-186,0,14,0
83d26438-d43f-461e-b6e3-e85ce9bbb5b3,aarnavmalhotra@upi,dayamai55@upi,3673.84,2026-07-27T21:06:35,Bengaluru,de316df9-cc5,0,21,0
bec75d35-afbb-4237-bd1a-0fe966e0cf63,sachdevanikita@upi,krishnarama@upi,2532.18,2026-08-28T04:29:46,Delhi,84a60f35-56b,0,22,0
0199794f-75e3-455c-bf82-f38a138f4eaf,ojasvi77@upi,upmavenkataraman@upi,680.89,2026-07-06T13:53:01,Pune,436c8c6f-1ee,0,13,0
47368ad2-9160-4e5a-9e8e-4532a0f0f075,shivansh53@upi,lshere@upi,2434.61,2026-09-05T06:40:05,Akola,40f069c3-46c,0,6,0
3b58b1e7-9ed7-463f-a70c-e75acf91b5c7,hyadav@upi,tanvi51@upi,1728.23,2026-07-10T01:10:03,Bengaluru,7662df68-57c,0,22,0
01af7f3a-7c3a-4289-9692-bcef5d0c8a9c,ekantika31@upi,vinayakanda@upi,2115.8,2026-07-30T06:45:57,Bengaluru,c10de943-186,0,6,0
ecfabea2-24be-45ee-846e-6c26c5cf1658,jasmitwali@upi,chandani64@upi,3338.64,2026-09-04T14:19:37,Delhi,c7e0aeac-11c,0,14,0
64035224-81f1-4adb-9981-1dd2c60ee335,utkarsh52@upi,yashica46@upi,2120.74,2026-07-16T01:11:04,Chennai,217f4f0c-209,0,11,0
3f75d89a-5ba2-4273-b627-a15685238f09,yashica40@upi,vmerchant@upi,1461.07,2026-08-09T14:25:28,Chennai,4f00d0f2-cb4,0,14,0
326bf07a-b2cd-4308-a06e-73e29843cdaf,avarkey@upi,gauriganguly@upi,2614.95,2026-08-04T22:26:50,Akola,2060d1a2-7a7,0,22,0
0c4b33e9-41ca-49f8-aa7d-df4e550100b2,farhanchada@upi,nandinibhargava@upi,849.29,2026-07-12T14:30:57,Hyderabad,d163c594-7f8,0,14,0
9b7056bd-e6ff-410b-9a34-90943c9ff869,daksh58@upi,patrickvasa@upi,1412.32,2026-08-20T15:31:54,Kolkata,b2da648a-195,0,15,0
2760f44d-5a72-46c7-8a61-e02ff2e7cb4b,janujasankar@upi,chanderwarjas@upi,4056.96,2026-08-19T11:26:47,Bengaluru,9939ea42-a08,0,11,0
f74b5b1b-269a-42b2-b232-7e4010f0763c,khatrinathan@upi,raksha87@upi,4036.67,2026-09-09T00:04:26,Pune,67200f98-d64,0,18,0
4b07e5a1-45fc-41e9-ac27-1de4792241e9,bhattvamakshi@upi,jyoti29@upi,1774.51,2026-08-03T11:45:35,Delhi,b4b08621-6b3,0,11,0
5c2552a7-4323-4029-9e86-17c0a804df9c,urvashi66@upi,beramax@upi,2983.9,2026-09-12T12:49:36,Akola,f2baea33-475,0,12,0
807b0669-8147-4aad-8791-ce7ec5574e76,onadig@upi,chanderwarjas@upi,4465.43,2026-07-25T01:23:20,Pune,2edf66dc-30a,0,7,0
bb818bbe-c1e8-437a-8d36-8464983de3ce,anamikayohannan@upi,thamanorinder@upi,2477.27,2026-07-04T11:48:16,Akola,588457f2-bbd,0,11,0
9102a780-ea06-4fef-a5cf-0cdc92258ac9,sidhudaksha@upi,dugalnakul@upi,697.85,2026-09-25T12:09:14,Hyderabad,79c4350e-7bd,0,12,0
3e994e5a-4e62-4639-ac0e-ffd0367e1d7d,pandeychanchal@upi,bhattvamakshi@upi,4779.46,2026-08-27T07:19:31,Mumbai,864a2d04-55f,0,7,0
a8f3c30c-dd95-41d5-a4d1-ebde12504bc7,janujasankar@upi,timothy17@upi,2513.81,2026-07-16T01:45:15,Pune,9939ea42-a08,0,15,0
cf5671c3-1305-4d93-a8de-3da9e5a3d0f1,ekarajbath@upi,teerth09@upi,1304.01,2026-09-10T20:43:34,Kolkata,9134902d-876,0,20,0
fa614738-f1e6-46f7-9de7-9e80724ff239,theodore28@upi,trivenipathak@upi,573.01,2026-07-12T15:37:47,Kolkata,bf68b038-433,0,15,0
d1377790-d6e7-4a20-9116-870310cb72cd,finn70@upi,janujapradhan@upi,2741.38,2026-07-26T01:49:05,Akola,7646228b-fd5,0,16,0
09b232e7-ee08-49f7-a122-6a91640f4a50,eyohannan@upi,jkohli@upi,87.65,2026-08-16T21:07:14,Akola,0f358453-475,0,21,0
ebd27de3-beb5-4e7a-a33c-7923ed8f44a3,mkapadia@upi,michaelborra@upi,4577.45,2026-09-17T00:55:02,Kolkata,7e9eef66-f41,0,14,0
a1878a8b-83d9-40a4-b6d6-8dd37f20f9d4,ekapadjohal@upi,yauvanicomar@upi,1278.43,2026-08-17T19:36:40,Hyderabad,057e37c4-ccf,0,19,0
1441e196-4af9-4377-b88f-1dd6a1a132a6,dayamai55@upi,vedamalhotra@upi,1074.28,2026-07-16T03:30:16,Mumbai,4e7f1479-d7f,0,12,0
c944d8ef-19d6-4a19-b570-f9b56565b78d,znori@upi,eyohannan@upi,1900.87,2026-08-15T22:50:04,Bengaluru,575ce5f1-951,0,22,0
59fa6337-c40b-49e4-9954-8b8a7536849b,atharv13@upi,qpandya@upi,70.58,2026-09-10T16:42:01,Chennai,42f27329-005,0,16,0
393c12cc-b4c7-47c5-bff0-ccc4ce679ab3,amaradutta@upi,eyohannan@upi,4147.36,2026-09-19T14:14:50,Hyderabad,aa02a852-3bd,0,14,0
f4f17a29-71b8-44bc-8478-92a104af7102,jyoti29@upi,petersachar@upi,63855.2,2026-09-07T04:03:33,Delhi,37b32db4-8bd,1,4,1
b27a9f42-cf1f-43cb-85e4-d2b29ea16498,cdatta@upi,bhavyamandal@upi,161.11,2026-07-12T14:30:18,Mumbai,5549160f-884,0,14,0
e6f47d41-ad2b-48b6-a3c0-0ce7658ff2fa,vamakshi82@upi,uaurora@upi,2444.13,2026-09-06T17:55:05,Hyderabad,54f56fb8-041,0,17,0
e476fe4c-96d1-4644-b608-b5ce5acea91d,saumyadey@upi,jonathansolanki@upi,2857.11,2026-08-08T11:57:45,Pune,a9e6a037-41e,0,11,0
0744d823-9598-496f-ba69-c6e015cd28d5,nidhikohli@upi,shagaurang@upi,81.43,2026-08-16T18:54:48,Bengaluru,1cd764a8-258,0,18,0
a5129fdd-5dbb-4299-9a01-e5441b911741,qvyas@upi,desaiaishani@upi,2287.29,2026-07-05T01:58:02,Akola,e316ffc2-72c,0,9,0
2f34105d-4105-4f97-b8a4-c6ffc3d4f42f,michaelborra@upi,diya27@upi,813.43,2026-09-23T14:53:49,Chennai,b9b15ca7-23c,0,14,0
121a0673-0330-4f58-bcaa-87d9a704b682,roak@upi,priya51@upi,1971.7,2026-08-03T13:20:15,Kolkata,caf157f1-769,0,13,0
221f3653-5dd9-4683-a306-1b971489d994,bhavyamandal@upi,pradhankalpit@upi,630.87,2026-09-16T23:11:37,Akola,dc1c0b6c-2bd,0,23,0
8c429d1f-2ee2-4575-8cba-ca6f9354c21b,osharaghavan@upi,theodore28@upi,1555.42,2026-09-01T06:16:38,Bengaluru,ad326f07-fe5,0,6,0
c42b2a95-ee3b-414f-98b2-921a42d3a676,cdatta@upi,amblesamarth@upi,2857.97,2026-07-13T03:43:27,Hyderabad,5549160f-884,0,14,0
efa0e3b9-ce88-4271-a06e-5d3880711c83,bnayar@upi,kakardivya@upi,2223.4,2026-08-13T22:11:24,Delhi,9ae0f61e-249,0,22,0
2dbff245-9ecd-4bfb-bcbf-46fadfd7f796,yashawinilanka@upi,karnikekansh@upi,50949.39,2026-08-28T02:32:58,Bengaluru,3a06965d-ce6,1,2,1
0c2a6a04-7eda-41a1-b378-20fcb9f0a683,bhagatbrinda@upi,sudiksha89@upi,4395.57,2026-07-19T11:33:01,Hyderabad,d766091e-4d5,0,11,0
2e49e153-d852-4132-af62-18f34e4e3455,lalpranav@upi,othakur@upi,31630.94,2026-09-21T00:40:29,Delhi,03670bfa-ed6,1,0,1
773d6602-53bc-4e9a-8c78-01911901df6e,advika35@upi,sudiksha89@upi,366.93,2026-09-23T12:52:11,Mumbai,c31a4817-673,0,12,0
c8199c5b-6e83-41ad-a9e0-c9cc3ed178a5,sudiksha89@upi,qwadhwa@upi,2093.87,2026-09-10T19:37:09,Delhi,06dc236b-954,0,19,0
d9206eea-c89e-4f73-90a8-cb35d3b5f09f,fchaudhary@upi,hritikpalla@upi,1382.34,2026-09-11T08:34:37,Delhi,062a0cb9-2c4,0,8,0
c7e6c469-1c1b-4bcf-aab2-8609a6c48dde,pushti49@upi,daksh58@upi,4554.92,2026-08-23T01:33:21,Delhi,d8857b1b-100,0,16,0
8a9f0768-a563-4ad1-bbf9-82835aeb5bf6,karnikazad@upi,kakardivya@upi,2551.95,2026-08-28T01:34:29,Pune,6f0a5b17-392,0,13,0
77b4a7de-b0b8-40c5-b276-e7713a3329f6,pavani85@upi,ekantika31@upi,1783.58,2026-09-11T14:28:33,Hyderabad,f45333eb-f0e,0,14,0
ad34ac36-5d5a-4e4f-a2a9-26f1e163ffc9,koshybalveer@upi,teerth09@upi,2229.1,2026-08-07T06:48:19,Chennai,53981699-769,0,6,0
f83aa61a-3595-42da-8433-802dae8492cc,zdeol@upi,lshere@upi,556.97,2026-09-03T02:42:14,Bengaluru,500c5ea8-5e7,0,14,0
8ca4c869-81ed-4b56-b3f3-3f4082ff4903,saumyadey@upi,utkarsh52@upi,2303.23,2026-07-24T10:40:09,Akola,a9e6a037-41e,0,10,0
3f730192-3d53-40ff-8e9d-8e7258578ef6,uaurora@upi,advika35@upi,2559.95,2026-09-27T17:05:16,Hyderabad,ee6efdd6-203,0,17,0
20a5bb74-94cc-4a7c-8765-15caad1caed1,pushti49@upi,amaradeep@upi,3854.16,2026-08-10T10:08:24,Kolkata,d8857b1b-100,0,10,0
1d49319a-b0dc-4818-a8b4-68874a549575,daksh45@upi,frederickkhurana@upi,1051.48,2026-08-14T10:51:00,Bengaluru,072ac257-0f0,0,10,0
0e2e9370-1943-47ab-9eab-b2e55a65fa66,ekantika31@upi,vihaan13@upi,3402.06,2026-07-12T02:28:52,Hyderabad,c10de943-186,0,12,0
4a5e070d-e059-48bc-9b9d-4b7ab6428615,chandani64@upi,aarnavmalhotra@upi,1521.88,2026-07-11T05:24:50,Akola,0a20b114-3c9,0,8,0
f1eab473-15e4-4a34-aa7b-6f111fc72511,ekapadjohal@upi,borramanthan@upi,3210.01,2026-07-11T06:20:55,Delhi,057e37c4-ccf,0,6,0
6ed74f53-0c58-4a75-865a-25f24927ad06,twalia@upi,daksh58@upi,188.32,2026-09-21T01:34:25,Mumbai,a3de5c1a-f8a,0,17,0
0620bc7e-117a-495f-8150-ad0613ae3755,hyadav@upi,mray@upi,3924.2,2026-08-09T07:29:01,Akola,7662df68-57c,0,7,0
f257b00c-49d0-4e48-9f9e-7af19a48cdc0,teerth77@upi,upmavenkataraman@upi,689.23,2026-08-25T07:28:39,Chennai,195c66ab-c8b,0,7,0
75dbd5d8-f896-409f-9c28-51345ed1e08a,ssahni@upi,pchhabra@upi,1021.94,2026-07-29T21:43:10,Mumbai,5a5477fd-633,0,21,0
1f00260a-8c6c-498b-ba3f-97e6a26b0ec9,kashviedwin@upi,bhavnakaran@upi,4033.74,2026-07-07T09:52:10,Bengaluru,0696c6bf-850,0,9,0
1b195fb9-cd16-4c0b-aaae-ce417dab0b24,soodyadavi@upi,timothy17@upi,93336.89,2026-07-07T00:54:43,Kolkata,8b224156-2a1,1,0,1
3a83339e-6580-4fb3-aee1-a6ae213b9d27,daksh45@upi,kgole@upi,954.78,2026-07-16T23:39:58,Pune,072ac257-0f0,0,23,0
8d848bd6-1f6a-41f5-b5f4-fbd53d4a0fdf,hrattan@upi,suhani46@upi,4139.12,2026-07-09T03:04:30,Mumbai,c3f5975c-ac9,0,18,0
d11a5f98-e417-4579-b6ae-03279ae59027,khatrinathan@upi,yashica46@upi,90725.97,2026-07-20T04:26:28,Kolkata,8c38a2be-332,1,4,1
06a7b21a-2274-4e3d-ba80-1cbb213e899b,aarnavrege@upi,jyoti29@upi,2616.76,2026-07-27T10:00:05,Pune,33daedc4-9e0,0,10,0
6b5eade2-2892-4f5e-830e-4ec144001d2a,ikakar@upi,chakradevbarad@upi,1973.8,2026-08-31T19:19:38,Akola,4e636d14-cda,0,19,0
1c34b672-b7c3-4c07-a4b8-e5a3cfdf5934,qnayar@upi,amaradutta@upi,78885.97,2026-07-20T03:43:03,Delhi,ce01b10a-28d,1,3,1
7fe5024d-4c3d-44df-bf09-6b72e2935098,yashodadeshpande@upi,rudra61@upi,1652.09,2026-09-24T15:31:05,Hyderabad,976e20dc-d26,0,15,0
9533d140-28ae-4579-aa57-fc42029d883a,atharv13@upi,modibhavini@upi,4792.18,2026-08-31T17:39:48,Kolkata,42f27329-005,0,17,0
4809fd63-cb07-4ad8-b8a6-ab886bb9e3c8,bhavani27@upi,falak10@upi,658.77,2026-09-19T22:11:06,Pune,527b9e26-830,0,22,0
ec2a4974-a684-4b68-bfdb-d361c31f0c7b,indali23@upi,twalia@upi,2601.15,2026-08-02T06:30:46,Kolkata,56169905-4e3,0,6,0
12b4fe54-5262-48f5-9c5e-c4e75a9c6b68,indali23@upi,vedamalhotra@upi,558.08,2026-06-30T21:21:22,Chennai,56169905-4e3,0,21,0
a24a5b32-2e41-47be-83c0-b6cb80b5805b,borramanthan@upi,amaradeep@upi,78562.97,2026-08-11T23:59:04,Hyderabad,08640346-909,1,23,1
6397b3c8-0876-4624-9250-af9feb13428b,bhavnakaran@upi,michaelborra@upi,1919.76,2026-06-30T14:28:31,Hyderabad,acdecfc2-24d,0,14,0
8444b050-bea6-44b6-8e4c-00ed29d93b7c,osharaghavan@upi,ekarajbath@upi,2160.66,2026-06-30T15:25:22,Kolkata,ad326f07-fe5,0,15,0
c932c0c0-2d4d-45c0-b760-a2628475dd40,chakradevbarad@upi,desaiaishani@upi,4051.32,2026-09-25T18:19:17,Mumbai,a0208131-c51,0,18,0
8becfeae-d4ff-4d5c-8ad8-38dedab51c4c,beramax@upi,qnayar@upi,3093.31,2026-08-12T18:34:31,Pune,66663ca1-cbd,0,18,0
6fea707b-5b9f-4ff8-82f6-1dcaebc8fde1,kgole@upi,uchandran@upi,4250.91,2026-07-23T20:15:10,Kolkata,033b6f25-c1a,0,20,0
f4a4eb15-3d1c-4c4a-8ca3-46f4b4cf115f,balangirik@upi,beramax@upi,2932.5,2026-08-13T16:37:06,Hyderabad,1960d8de-cb3,0,16,0
1b045002-3f78-4497-ab73-413b29be9f8a,aradhanaverma@upi,jyoti29@upi,4271.32,2026-07-06T01:03:36,Pune,256a1951-b19,0,20,0
462d5ac4-f4c7-4b77-88a0-98f9a7bb54b0,avarkey@upi,modibhavini@upi,3566.25,2026-07-21T16:01:36,Akola,2060d1a2-7a7,0,16,0
17ef4534-aa70-4f66-a53c-51369c45ea6d,qvyas@upi,nidhikohli@upi,3317.87,2026-09-08T20:14:44,Bengaluru,e316ffc2-72c,0,20,0
c5853a22-8a43-409b-8a73-460125e0a492,frederickkhurana@upi,teerth09@upi,2491.61,2026-08-27T15:08:33,Delhi,5469bd7e-cfb,0,15,0
3a69c73d-694f-4b36-8ed4-ca698c13862b,soodyadavi@upi,bhavnakaran@upi,1817.37,2026-07-19T07:11:15,Bengaluru,82f6eeaf-083,0,7,0
7a85fe66-4405-4233-b2fd-31a382b37147,osachdeva@upi,uaurora@upi,4828.37,2026-09-09T16:59:04,Chennai,5fbc55ef-2de,0,16,0
30186a7e-e96a-41b2-976c-de1845f159c3,yashodadeshpande@upi,ranbir39@upi,950.27,2026-09-04T13:22:22,Chennai,976e20dc-d26,0,13,0
28bdf5bb-948a-494f-ac7d-f6f61221a721,znori@upi,osharamachandran@upi,577.6,2026-08-31T23:46:06,Mumbai,575ce5f1-951,0,23,0
cbfe33a2-e909-4f86-b054-ac9bf32aac4f,baldevika@upi,trivenipathak@upi,4182.99,2026-08-16T22:28:02,Akola,d32ca56c-31d,0,22,0
fe74dfa4-49fe-4363-97fa-9f377dbd1819,gautammerchant@upi,kom@upi,2036.35,2026-09-05T01:46:17,Hyderabad,c39bd9f0-2f5,0,13,0
2f2bb7c6-b9b0-488b-b0d7-3be83f9c8fbe,amaradeep@upi,kibeharsh@upi,3424.47,2026-08-03T20:51:42,Hyderabad,c542da04-786,0,20,0
c319109b-9613-4fe5-a393-39c3d031b1e0,amol24@upi,jasmitwali@upi,3565.28,2026-09-05T20:20:30,Kolkata,8937ded1-b0c,0,20,0
33372c86-439a-458a-a44a-adf16ddfd16f,devimatthew@upi,jasmitwali@upi,4220.89,2026-07-07T08:21:12,Delhi,a1b0f18a-d9c,0,8,0
ebfb416d-6067-4593-821a-2c99804c0bf2,ishaanshenoy@upi,suhani46@upi,274.18,2026-09-08T08:42:39,Akola,d25bdbcf-05d,0,8,0
974cbe75-08c0-41a2-a3b5-a478cc545589,droy@upi,fsamra@upi,3195.73,2026-06-30T09:39:23,Bengaluru,554ccb59-53a,0,9,0
392ffd3a-eec1-4b8d-a146-7032a8161aa7,nattdominic@upi,avarkey@upi,3273.09,2026-09-08T08:57:27,Chennai,a40028bd-8ea,0,8,0
d0dd7b8f-4929-49c2-b8cb-e1afa2231c47,farhanchada@upi,harini14@upi,919.87,2026-08-25T01:58:09,Hyderabad,d163c594-7f8,0,22,0
04992ca0-a81a-4a9a-9919-43af3577628a,odhar@upi,udantdewan@upi,761.01,2026-08-18T03:23:21,Hyderabad,0fcd6a35-7c5,0,22,0
2231f207-4c78-4832-afa0-e2c591edd3dd,isha34@upi,zdeol@upi,25293.29,2026-08-06T04:03:51,Pune,dfef32aa-da7,1,4,1
51055b22-e871-47b5-aa7c-2c189c8f86ec,ekbalbhasin@upi,hyadav@upi,1525.38,2026-08-06T12:32:31,Akola,e8c4512b-b01,0,12,0
e8bfc82d-0189-4cab-938c-e45393dd4fb1,ssahni@upi,hritikpalla@upi,1938.0,2026-07-23T02:04:55,Mumbai,5a5477fd-633,0,22,0
11708e9f-a054-4028-87af-b391cc518fc8,osharaghavan@upi,dhaliwalupkaar@upi,2416.79,2026-08-11T16:34:13,Chennai,ad326f07-fe5,0,16,0
75dc6889-22ca-4486-9e62-ede541445818,ikakar@upi,fsamra@upi,2572.56,2026-08-25T17:16:18,Kolkata,4e636d14-cda,0,17,0
635bd79b-ae71-44be-b2b1-b5c19051fbc7,thamanorinder@upi,dateanvi@upi,2367.34,2026-08-12T11:29:36,Chennai,2a9bc1a4-1d0,0,11,0
bf001d56-25ba-4557-9c31-9d61f2ffa8d8,ikakar@upi,petersachar@upi,67006.89,2026-09-27T23:11:56,Akola,c3b11170-e6a,1,23,1
a22ac6fc-0748-4883-8c61-cddd82484ade,nandinibhargava@upi,hyadav@upi,4398.02,2026-08-20T17:34:50,Delhi,48e3bd88-2ee,0,17,0
987ce5fb-fd1d-4928-a05f-8578e4a8cd6c,vamakshi82@upi,gauriganguly@upi,4990.54,2026-09-14T01:51:22,Bengaluru,54f56fb8-041,0,19,0
3c36b29f-a7cd-4d97-ace6-13403ded4b49,timothy17@upi,kashviedwin@upi,1725.0,2026-08-06T07:45:51,Pune,7750feff-f48,0,7,0
c559d895-f678-45be-93fb-1eb732b9acea,ekapadjohal@upi,aradhanaverma@upi,65497.49,2026-09-14T01:27:45,Bengaluru,3d16a4b0-72e,1,1,1
3f1cd9b4-d711-4811-b97a-3d630b1cc561,ishaanshenoy@upi,henry25@upi,1519.77,2026-09-20T21:44:21,Pune,d25bdbcf-05d,0,21,0
f2c9ccea-f678-43ba-80f1-cbeb00ff2b41,sidhudaksha@upi,fsarma@upi,4849.55,2026-09-06T21:34:29,Bengaluru,79c4350e-7bd,0,21,0
d1f73025-fc42-4602-b2fc-62a9516342ba,hritikpalla@upi,yashica46@upi,1722.44,2026-08-20T17:51:45,Hyderabad,72907c22-57a,0,17,0
ca35f94e-2ba3-4703-9e0f-91c9e4e9273a,mangalwahab@upi,aarnavrege@upi,4463.35,2026-09-26T21:18:55,Akola,ddfc0db5-5e5,0,21,0
04e64c5f-2426-4812-b3e9-1545760a415c,bhandarijyoti@upi,roak@upi,2309.42,2026-09-15T20:42:47,Akola,32dea559-1cb,0,20,0
b0cf2119-90e5-4249-a3d4-2ef7e9c45cde,bhattvamakshi@upi,michaelborra@upi,1260.53,2026-08-24T21:18:14,Kolkata,b4b08621-6b3,0,21,0
4f0b0f4c-763c-42b2-82f6-79971c18ec94,upai@upi,indali23@upi,1461.09,2026-09-22T03:45:44,Chennai,eb6db7d5-b4b,0,8,0
681f4058-c3bf-448e-baff-7b9929588b3a,harrisonrai@upi,zdeol@upi,1089.66,2026-09-23T22:52:16,Chennai,e7816626-028,0,22,0
01f98bf9-fdf9-45ea-9e08-bd0560b1deee,yadavinarula@upi,atharv13@upi,1234.32,2026-07-10T03:00:18,Mumbai,2dbf9870-7bf,0,12,0
c0ff3b1d-8e71-4387-a49e-b5ba7544850c,anshbedi@upi,amblesamarth@upi,1828.29,2026-07-22T01:43:25,Pune,a7b3a41a-177,0,12,0
a08b96c5-5ef6-47b0-aeb9-8d14e08aa88f,pradhankalpit@upi,baraldayamai@upi,16368.91,2026-08-29T00:40:38,Akola,14a3de32-b6a,1,0,1
70d54f85-2ec4-485f-9ea8-01bfb72a95b0,janujapradhan@upi,yadavinarula@upi,1094.37,2026-09-16T16:35:56,Akola,9c9396c8-258,0,16,0
0d94d1d0-e6f5-4bc2-b70a-63fca1e01916,urvibhavsar@upi,ekapadjohal@upi,3774.69,2026-09-20T15:17:22,Delhi,2b85036e-d5d,0,15,0
451b3f49-0aa4-43c4-8998-0422a67001fe,chakradevbarad@upi,osharamachandran@upi,4522.75,2026-07-07T17:47:42,Mumbai,a0208131-c51,0,17,0
94a6f4ad-5623-4878-99ab-d26a71b8a535,nathanielsami@upi,amblesamarth@upi,4565.53,2026-09-09T17:23:59,Delhi,dc6d5618-766,0,17,0
106c7801-0fd9-4ba9-ad99-e7346cf828af,dugalnakul@upi,uchandran@upi,3720.07,2026-08-10T09:55:19,Bengaluru,88e8aa3c-ec0,0,9,0
174d8546-fc20-4f8c-a571-af282b45012c,farhanchada@upi,charan16@upi,3700.47,2026-07-19T19:57:10,Pune,d163c594-7f8,0,19,0
29b79d83-6362-4513-a17e-965c4a397863,amaradeep@upi,advika35@upi,663.02,2026-08-16T06:32:20,Kolkata,c542da04-786,0,6,0
92bdb8b0-e6c2-4b97-9690-0af860878756,bhattvamakshi@upi,yauvanicomar@upi,2733.52,2026-09-06T00:31:01,Bengaluru,b4b08621-6b3,0,22,0
a0eb32ea-b24f-4673-b315-e98a8c2e07e1,aishanibumb@upi,isha34@upi,3256.16,2026-08-01T15:45:13,Bengaluru,27a02a93-b8a,0,15,0
cceac6fc-15e9-4968-9fa5-93d227113b68,gauriganguly@upi,indali23@upi,3614.99,2026-07-21T13:39:52,Chennai,c72e7ae4-f85,0,13,0
82db0315-db49-460b-b444-5f64a5dbab37,janujasankar@upi,priya51@upi,194.83,2026-07-19T05:20:20,Bengaluru,9939ea42-a08,0,15,0
0843dafa-ff8e-4d66-9dfd-e2c79f6ab599,indali23@upi,kashviedwin@upi,1936.39,2026-09-04T06:51:05,Delhi,56169905-4e3,0,6,0
c6e39b71-7b25-46d6-beba-1a80ef9dfb78,bhavnakaran@upi,yashica46@upi,2541.31,2026-08-03T17:06:09,Mumbai,acdecfc2-24d,0,17,0
ddfa8ec2-8078-48ee-a553-243b072fd967,nihalshere@upi,ansh98@upi,73.92,2026-07-07T02:52:36,Pune,fed80d2e-7e6,0,14,0
f122539c-7642-46fb-ba7e-0a2f7b4d8850,daksh58@upi,rsathe@upi,59866.79,2026-06-30T03:25:20,Mumbai,c354a19a-402,1,3,1
f394dd84-18b9-411d-8cd8-bfd8ff1d83ae,falak10@upi,randhawaanvi@upi,1889.83,2026-09-23T10:50:32,Hyderabad,ddebfabe-8b8,0,10,0
77a5f0a4-cfb1-41f7-89ce-06f781bc9c9e,indirakanda@upi,tanvi51@upi,2983.03,2026-09-17T17:33:41,Akola,0b3b9bf5-fe4,0,17,0
f8d518a9-7b57-4f86-bb3d-4a969fca59d1,koshybalveer@upi,bhavani27@upi,3241.14,2026-09-08T01:09:53,Delhi,53981699-769,0,16,0
800b6582-40a6-4a89-962c-16f02020e7c2,suhani46@upi,sidhudaksha@upi,4479.82,2026-09-16T13:51:29,Kolkata,5d0c0d11-0c6,0,13,0
7b1c2598-777f-4643-9434-b6d96ee1ec1b,bhatvarenya@upi,timothy17@upi,624.13,2026-08-13T02:09:31,Mumbai,e7b4cbd8-66d,0,16,0
96077a85-e5fc-41ee-bde8-74c475d8595e,vinayakanda@upi,nandinibhargava@upi,4676.45,2026-08-13T23:43:42,Mumbai,23fef535-1f4,0,23,0
17978150-b929-40fb-aac8-99897a0992fd,kashviedwin@upi,lakshmi51@upi,3650.76,2026-07-26T06:38:22,Mumbai,0696c6bf-850,0,6,0
f3e9b35e-1b0a-4275-a24c-51718f497aa8,vinayakanda@upi,grewalekapad@upi,777.09,2026-07-28T11:31:24,Bengaluru,23fef535-1f4,0,11,0
e7b2f394-802c-4d37-8c71-26db5c575496,bhattvamakshi@upi,choudhuryjanani@upi,543.57,2026-07-07T12:18:54,Kolkata,b4b08621-6b3,0,12,0
3af35956-c072-480f-8928-9cd8ca81f7c2,aryasunder@upi,roak@upi,1332.52,2026-07-05T22:29:34,Hyderabad,4ceb4c19-40d,0,22,0
92510ce3-433d-46c2-842b-833ace8f7218,pradhankalpit@upi,yashawinilanka@upi,2088.09,2026-07-04T00:57:36,Chennai,4db802c1-9ff,0,19,0
5855c780-a42c-4d9a-9140-018afc6d98b3,lakshmi51@upi,ikakar@upi,4829.86,2026-09-20T04:50:57,Kolkata,c26b652f-797,0,14,0
997a180a-47dc-4468-a0e7-a78c76955996,vihaan13@upi,choudhuryjanani@upi,1603.67,2026-07-30T05:50:29,Pune,dda8abfe-645,0,15,0
f429ef07-54ef-4a36-9b81-d3abe8deda4e,zarnapathak@upi,harrisonrai@upi,4710.35,2026-08-17T23:52:14,Hyderabad,1812699a-1b3,0,23,0
35b0a26e-6b1e-418e-a3c8-225363afac42,urvashi66@upi,eyohannan@upi,4729.81,2026-08-12T15:04:36,Mumbai,f2baea33-475,0,15,0
0b361955-f5a9-4670-aa47-d2cee3561bc2,shroffbhavna@upi,nidhikohli@upi,1575.88,2026-08-15T09:35:54,Mumbai,b34f4617-f13,0,9,0
205f558a-9ba5-4e6f-9d2d-28062881f4ba,mkapadia@upi,bhatvarenya@upi,1619.35,2026-08-18T05:27:39,Akola,7e9eef66-f41,0,15,0
cdcf67e6-f4eb-4fe6-b866-afed191c2d57,pushtibal@upi,utkarsh52@upi,2378.98,2026-08-21T11:05:39,Kolkata,ef54e936-8e0,0,11,0
ae22ebc4-630b-4634-ab8b-8824b5c4ab70,baldevika@upi,qwadhwa@upi,3854.56,2026-07-01T12:13:16,Akola,d32ca56c-31d,0,12,0
2805db26-f68c-4e90-975f-47e533d332fd,urvashi66@upi,vinayakanda@upi,2537.74,2026-07-10T04:13:38,Bengaluru,f2baea33-475,0,11,0
1f6f946a-3a76-4304-8462-ce218d268c51,borramanthan@upi,cswaminathan@upi,38825.84,2026-09-09T00:31:00,Akola,962c4d44-b14,1,0,1
23f27bb0-d7e0-4f3d-96ed-6827afa0b4be,urvibhavsar@upi,vamakshi82@upi,3244.72,2026-08-08T00:02:36,Mumbai,2b85036e-d5d,0,8,0
453f07d6-1381-4466-92af-9391bd4fe88b,vihaan13@upi,bnayar@upi,233.36,2026-07-23T20:00:44,Mumbai,dda8abfe-645,0,20,0
aa859f2b-3e00-44e4-a350-319f23c732bb,ksehgal@upi,ekapadjohal@upi,80563.77,2026-08-14T02:49:25,Pune,6e948c85-799,1,2,1
6665f976-d962-4a8d-b37e-973855d1dd7f,indali23@upi,advika35@upi,3164.12,2026-09-09T10:27:17,Delhi,56169905-4e3,0,10,0
4911625c-7315-4454-8682-456359dd81d4,gauriganguly@upi,krishnarama@upi,4752.1,2026-08-08T07:35:41,Chennai,c72e7ae4-f85,0,7,0
1787842a-8286-4289-b1d6-91ce20c31758,anamikayohannan@upi,grewalekapad@upi,1197.93,2026-08-23T09:52:49,Mumbai,588457f2-bbd,0,9,0
4f2d8df8-ac2f-4f90-95ef-ccdc7363bcbe,teerth77@upi,theodore28@upi,3905.1,2026-07-11T07:57:56,Chennai,195c66ab-c8b,0,7,0
730b8bc9-05eb-4113-8a3b-629861fd4eb5,isha34@upi,esawhney@upi,4172.55,2026-07-15T06:32:13,Hyderabad,8fc07b5e-994,0,6,0
80e3f916-f5e6-4121-a772-2b0343cbc391,vlanka@upi,saumyadey@upi,2410.47,2026-07-11T08:55:58,Bengaluru,a07327ee-ec0,0,8,0
c6d420fd-a728-41a2-9d3c-074a156e66a9,jasmitwali@upi,jonathansolanki@upi,4030.18,2026-09-18T22:14:08,Akola,c7e0aeac-11c,0,22,0
61c6bd8b-1dd4-4695-9ae4-1406b0555431,sidhudaksha@upi,yadavinarula@upi,819.93,2026-07-01T02:32:37,Mumbai,79c4350e-7bd,0,14,0
09f892c2-5ee6-4cda-8339-dd1cdf4a9834,mray@upi,indirakanda@upi,3148.67,2026-07-23T16:10:20,Chennai,4d9d1830-dbb,0,16,0
644361cb-080c-4040-a9ce-f5b99a478cfe,twalia@upi,falak10@upi,3070.99,2026-08-27T23:53:17,Bengaluru,a3de5c1a-f8a,0,23,0
4d7b6966-809a-4c20-91bb-d9ee9a11be44,ikakar@upi,yashica46@upi,2158.22,2026-08-31T19:58:38,Hyderabad,4e636d14-cda,0,19,0
b9ec0365-0232-4c64-a4b3-f69c702e0f77,aradhanaverma@upi,yashica46@upi,20863.01,2026-08-17T04:52:35,Akola,ba4d6c25-f96,1,4,1
04dbbea6-2ad3-44fc-b858-a51484fb4257,anshbedi@upi,balangirik@upi,109.21,2026-09-15T23:45:24,Delhi,a7b3a41a-177,0,23,0
e635d203-bad7-4183-9c22-0b9e577d7404,soodyadavi@upi,yadavinarula@upi,1840.46,2026-08-24T11:36:52,Pune,82f6eeaf-083,0,11,0
36f0be56-6982-4152-bdd1-16a80bc7122b,bhavnakaran@upi,timothy17@upi,2572.16,2026-09-26T07:53:56,Delhi,acdecfc2-24d,0,7,0
7cb11309-edb5-4ae0-ade5-fc86d162e610,rsathe@upi,chanderwarjas@upi,764.18,2026-08-03T06:40:55,Bengaluru,b4287f0f-ef4,0,6,0
64398237-3a39-4184-a00e-3b83554f4dc5,ekapadjohal@upi,qvyas@upi,347.0,2026-09-20T11:37:30,Mumbai,057e37c4-ccf,0,11,0
35748f1d-32d2-404e-acb9-246faf655898,priya51@upi,kalpit42@upi,63.24,2026-07-17T10:28:46,Kolkata,5f36b3fa-a9d,0,10,0
29011839-b89b-468b-8d7f-85ca0be2b828,nathanielsami@upi,indirakanda@upi,4803.51,2026-07-23T09:54:00,Kolkata,dc6d5618-766,0,9,0
c19c088d-c00b-4af6-b434-974f099af171,ssahni@upi,timothy17@upi,4971.4,2026-07-17T06:00:12,Mumbai,5a5477fd-633,0,6,0
cbc317b2-86aa-4cb1-8bbc-023ccb5c60df,finn70@upi,janujapradhan@upi,2257.28,2026-07-13T10:00:35,Chennai,7646228b-fd5,0,10,0
b587dae1-eb67-429a-93b4-21f649993901,devimatthew@upi,kgole@upi,3663.29,2026-08-18T13:41:42,Pune,a1b0f18a-d9c,0,13,0
db906678-5d7d-4b7b-9557-7d17b6461439,vamakshi82@upi,choudhuryjanani@upi,3735.08,2026-08-07T15:57:50,Delhi,54f56fb8-041,0,15,0
00d32ded-cd09-4efb-b64f-72255c2e03b9,osachdeva@upi,devimatthew@upi,3164.36,2026-08-17T07:54:40,Mumbai,5fbc55ef-2de,0,7,0
c0772f73-dbf6-4c5c-b166-aacef636ee28,pavani85@upi,qvyas@upi,2124.38,2026-07-06T19:49:28,Akola,f45333eb-f0e,0,19,0
d173db5f-79d6-47e4-9340-cf65ff23509c,choudhuryjanani@upi,suhani46@upi,2196.64,2026-07-18T18:54:04,Bengaluru,4c93c7d1-a58,0,18,0
d193950d-7bde-40b9-9af4-a67844baea3a,nathanielsami@upi,pushtibal@upi,2719.59,2026-07-12T21:49:43,Pune,dc6d5618-766,0,21,0
51e844e3-8f91-47ba-b78d-55209df9702f,utkarsh52@upi,shroffbhavna@upi,4962.74,2026-08-12T01:14:16,Delhi,217f4f0c-209,0,19,0
ff462e5b-05e1-4446-87f1-2fd9e133fd26,lshere@upi,baraldayamai@upi,4639.16,2026-09-11T15:07:54,Kolkata,39597721-7f3,0,15,0
856736a7-e4da-48b1-9953-16db80ceed09,droy@upi,hritikpalla@upi,2932.11,2026-08-16T16:38:25,Chennai,554ccb59-53a,0,16,0
db5bc3c5-a06f-4af0-9417-5c31acd5afe4,twalia@upi,ssahni@upi,1391.92,2026-09-07T09:18:23,Delhi,a3de5c1a-f8a,0,9,0
fff6fc0e-08c7-45dc-beab-f223fa29383d,upai@upi,sidhudaksha@upi,4288.87,2026-07-03T21:13:51,Pune,eb6db7d5-b4b,0,21,0
9a834eec-f368-4152-bc31-636c621bbb17,bhagatbrinda@upi,kakardivya@upi,3820.31,2026-09-02T19:00:43,Kolkata,d766091e-4d5,0,19,0
2eea3d68-ee3c-4b36-a425-c3f0bab4cdf0,daksh58@upi,qvyas@upi,2548.23,2026-08-10T16:41:15,Bengaluru,b2da648a-195,0,16,0
81d799d2-16b2-4acc-9160-c23dec3a6ba3,dugalnakul@upi,petersachar@upi,2344.72,2026-08-18T08:00:20,Kolkata,88e8aa3c-ec0,0,8,0
20dddeb5-8c64-4537-873d-3d58e593a5a1,soodyadavi@upi,sarinanirudh@upi,2518.01,2026-07-03T02:39:53,Kolkata,82f6eeaf-083,0,12,0
d39b7df4-148d-4b70-9e32-65801f1dc9ac,bhatvarenya@upi,onikannan@upi,610.16,2026-09-22T15:17:43,Kolkata,e7b4cbd8-66d,0,15,0
efee14ac-bfed-4eab-9577-70e127a48463,yashodadeshpande@upi,advika35@upi,546.16,2026-08-09T14:26:35,Bengaluru,976e20dc-d26,0,14,0
5b1ea0cb-12eb-4361-8222-ae37b1f8a28c,rudra61@upi,osharaghavan@upi,3462.39,2026-09-16T12:40:03,Kolkata,6ae81ea1-31b,0,12,0
610568a3-ca30-4e25-83ce-5f67843a7320,qatwal@upi,modibhavini@upi,3289.45,2026-07-25T03:13:26,Pune,cc16e930-bee,0,18,0
9547230e-7416-4e9c-973a-ccb5cb9469bf,qvyas@upi,udantbajwa@upi,1821.71,2026-09-14T22:10:06,Chennai,e316ffc2-72c,0,22,0
d691195f-4c55-4b7c-9005-e3b679df05b6,lalpranav@upi,bnayar@upi,4234.14,2026-09-01T09:38:26,Bengaluru,4246c913-061,0,9,0
5c9de1eb-a12e-4094-a6cf-b6fcab37a870,rudra61@upi,sawhneyojas@upi,4619.41,2026-07-05T23:58:19,Pune,6ae81ea1-31b,0,23,0
871d585f-bf56-4ebd-9383-4f526c442cc0,advika35@upi,owen10@upi,1934.28,2026-09-24T17:00:51,Akola,c31a4817-673,0,17,0
d45a7748-16d9-40c8-b3dc-14c9dbcc1736,vinayakanda@upi,tanvi51@upi,2826.75,2026-08-03T05:16:31,Delhi,23fef535-1f4,0,20,0
414dd15c-cebc-49f0-9580-357a38e51429,charan16@upi,fchaudhary@upi,4488.02,2026-09-24T02:15:16,Bengaluru,027eadc5-718,0,17,0
a7eb7743-4062-4b4d-9b53-c074726ff79d,balangirik@upi,nidhikohli@upi,1369.76,2026-07-28T01:23:44,Kolkata,1960d8de-cb3,0,7,0
137c5e9f-d0c5-4813-8318-d4f592d2c307,thamanorinder@upi,indirakanda@upi,617.87,2026-09-04T22:53:19,Akola,2a9bc1a4-1d0,0,22,0
b2be2057-3b51-4cdf-9831-45cdb3ea2d79,alkadewan@upi,amaradutta@upi,3167.83,2026-08-07T21:42:44,Delhi,a481934d-88c,0,21,0
ce7fdb79-e03e-439d-90d6-c95cfa0f6de7,vedamalhotra@upi,modibhavini@upi,1686.89,2026-07-04T17:24:26,Kolkata,e558806d-c5f,0,17,0
003a1bcf-aac0-4e6f-bd93-054c3c33a52d,kakardivya@upi,petersachar@upi,1469.51,2026-07-03T13:39:14,Bengaluru,5f331193-cf1,0,13,0
81a981be-32dd-4b1e-a544-b314f0dcae2a,aradhanaverma@upi,indali23@upi,4050.49,2026-08-20T23:12:18,Chennai,256a1951-b19,0,23,0
63e35ff7-4875-4615-b4c9-3b86cd954630,timothy17@upi,finn70@upi,1425.94,2026-08-14T20:14:20,Chennai,7750feff-f48,0,20,0
ab35d9de-3433-4d77-be23-9695fed069b5,ishaanshenoy@upi,aviramesh@upi,625.39,2026-08-17T11:03:55,Pune,d25bdbcf-05d,0,11,0
c7f44fb7-e504-4a7e-bd06-7536c42e8822,modibhavini@upi,jonathansolanki@upi,3618.45,2026-09-19T01:30:07,Kolkata,2ce18ffb-7ff,0,13,0
ff5e8d4f-70fe-46b5-ad23-c0b5daeb879e,upmavenkataraman@upi,pchhabra@upi,208.69,2026-08-19T11:23:57,Kolkata,38c9fa48-2f9,0,11,0
068c129d-f4b6-4ce5-9e08-11c5354575ff,bhatvarenya@upi,finn70@upi,440.06,2026-09-26T17:54:54,Hyderabad,e7b4cbd8-66d,0,17,0
eaf22a91-3f9d-4c44-8b5c-f7bb206c00a9,kakardivya@upi,teerth09@upi,4186.54,2026-08-23T10:48:52,Pune,5f331193-cf1,0,10,0
0ab7c7f3-8628-4a7f-a6cb-d06e3faf62c0,gautammerchant@upi,ranbir39@upi,960.76,2026-09-09T13:28:21,Hyderabad,c39bd9f0-2f5,0,13,0
0a703401-0fe0-4943-a69a-0f4c8f9df671,upmavenkataraman@upi,oseth@upi,3366.57,2026-08-30T15:41:23,Chennai,38c9fa48-2f9,0,15,0
e08c3301-7dac-4f75-b5aa-56f1b7abc327,qnayar@upi,farhanchada@upi,965.16,2026-08-09T03:50:53,Chennai,4c2a3569-70e,0,18,0
75f7f6ca-32f7-4219-a63f-b24ab0add3fa,fswamy@upi,onadig@upi,1925.06,2026-08-05T19:05:43,Hyderabad,ffe1ecd3-cab,0,19,0
b0218ca0-5288-4a97-838d-55ca3f35fb2e,anshbedi@upi,upmavenkataraman@upi,71207.67,2026-07-27T00:49:08,Bengaluru,4b71f821-11b,1,0,1
b4a95622-e8a6-4f1c-b429-eff243c49a52,fswamy@upi,fsarma@upi,2885.55,2026-07-31T07:21:57,Bengaluru,ffe1ecd3-cab,0,7,0
4d93e335-33ab-4720-89d7-a914d9bd5d1b,aishanibumb@upi,pushti49@upi,4242.33,2026-08-17T22:39:36,Akola,27a02a93-b8a,0,22,0
70b09d87-df21-4902-a51f-4df3e321411f,yadavinarula@upi,kgole@upi,4498.46,2026-08-17T03:56:07,Kolkata,2dbf9870-7bf,0,9,0
6dc3bcaa-291c-4757-b6c7-b0b64743ffd9,yashica40@upi,karnikekansh@upi,2222.85,2026-07-04T23:42:54,Akola,4f00d0f2-cb4,0,23,0
ff67ae4a-9190-4945-aa5e-10f6ed1368bd,pushti49@upi,dugalnakul@upi,3688.64,2026-09-19T19:30:09,Delhi,d8857b1b-100,0,19,0
114bbc0d-b347-452e-a90a-87ef6452e45b,atharv13@upi,qnayar@upi,2639.69,2026-08-31T00:19:20,Akola,42f27329-005,0,10,0
bb21342b-812f-476a-a64e-f1d1881453c1,kabirsoman@upi,yauvanicomar@upi,4504.82,2026-07-25T09:13:28,Chennai,6ef910ee-e62,0,9,0
556a4997-9042-4d17-b52f-ce518a9e5424,beramax@upi,upmavenkataraman@upi,4824.64,2026-09-10T11:02:42,Akola,66663ca1-cbd,0,11,0
98fb835e-8a83-4d00-bc71-765fe4dfdf15,sarinanirudh@upi,sawhneyojas@upi,4979.99,2026-08-20T05:54:54,Hyderabad,6f6b6ab6-2ba,0,15,0
e2a1cb45-d853-409a-a435-67cf7d432df3,ekaraj45@upi,gauriganguly@upi,2276.18,2026-07-11T05:13:29,Akola,9046f951-c5c,0,9,0
e41ec02d-e705-430b-9cfc-a5bcca643579,nattdominic@upi,bariaazaan@upi,417.29,2026-08-22T18:59:19,Bengaluru,a40028bd-8ea,0,18,0
074d315a-7dea-4843-b757-6f2f57e0b0fa,vmerchant@upi,patrickvasa@upi,4505.59,2026-07-09T05:21:56,Akola,af2f2527-a1c,0,22,0
c3a12a22-d944-4e26-8050-8443e5d6fd12,esawhney@upi,aarnavrege@upi,2668.65,2026-08-10T03:15:14,Delhi,23e5b872-dee,0,16,0
b81e026a-2795-4717-8505-121d1538bafe,amaradeep@upi,vmerchant@upi,1689.28,2026-08-24T19:21:18,Delhi,c542da04-786,0,19,0
f37212a7-604c-45df-be86-bcf81545b80e,dhaliwalupkaar@upi,sahaupkaar@upi,3986.07,2026-07-10T22:53:49,Delhi,7a9a9350-e0a,0,22,0
33670985-72c9-4836-9ff8-cd1cbff71d68,falak10@upi,dayamai55@upi,934.26,2026-07-10T08:34:29,Mumbai,ddebfabe-8b8,0,8,0
c9a10a70-9794-4420-a6ab-67773c99feac,znori@upi,ojasvi77@upi,1129.78,2026-08-08T00:31:31,Pune,575ce5f1-951,0,7,0
306f5554-68dd-40fd-bbe3-f6d21057e44e,farhanchada@upi,qwadhwa@upi,192.9,2026-08-07T13:51:33,Pune,d163c594-7f8,0,13,0
0e1113af-f357-4df8-a960-8689fbf391b4,onadig@upi,aishanibumb@upi,2245.53,2026-08-07T21:46:17,Hyderabad,2edf66dc-30a,0,21,0
65a5a7c9-c832-4532-8d65-763e9cdf8a9b,vinayakanda@upi,dharazaan@upi,2807.08,2026-07-08T10:11:58,Chennai,23fef535-1f4,0,10,0
11679208-c5fc-4ad4-8841-1e022cb1f720,randhawaanvi@upi,jkohli@upi,610.25,2026-08-18T15:12:11,Delhi,4e527681-5a1,0,15,0
210d4fd0-9af6-40f4-ac7b-1138053168d3,ishakuruvilla@upi,mkapadia@upi,2422.02,2026-08-05T23:28:44,Chennai,6bc0dd84-3b8,0,23,0
d3dafbd7-acdd-41d2-a257-a286b1908214,nandinibhargava@upi,indirakanda@upi,1569.13,2026-07-24T15:38:27,Akola,48e3bd88-2ee,0,15,0
7f8c32b4-3fea-4282-bb84-df059c48da3f,amaradeep@upi,aviramesh@upi,439.83,2026-07-26T03:09:31,Delhi,c542da04-786,0,14,0
73566aff-2537-47d6-86d5-25be350c4943,theodore28@upi,petersachar@upi,3673.33,2026-08-25T22:05:41,Akola,bf68b038-433,0,22,0
f7b22740-944a-4336-b075-9b1c12023e00,kakardivya@upi,qatwal@upi,3753.13,2026-09-16T16:35:04,Hyderabad,5f331193-cf1,0,16,0
eaa9c7a5-0b14-410d-b35c-d8024bf0e9eb,kgole@upi,ekapadjohal@upi,728.79,2026-08-20T00:28:25,Bengaluru,033b6f25-c1a,0,11,0
a3191bdd-5ce9-4bc7-ad5c-df84c9109c04,darsh64@upi,udantbajwa@upi,4296.4,2026-07-22T11:20:09,Mumbai,4991f5c6-f24,0,11,0
26c9ab80-7d16-4aa9-8fa0-eb0ab8073c74,charan16@upi,ekapadjohal@upi,1161.35,2026-08-09T21:01:39,Pune,027eadc5-718,0,21,0
ee23e4c7-6381-4369-873c-fbf5e40596cf,twalia@upi,droy@upi,2361.77,2026-07-17T07:08:33,Mumbai,a3de5c1a-f8a,0,7,0
a7d3cd64-8d93-4e02-80bb-06b203271645,osachdeva@upi,kashviedwin@upi,4186.76,2026-06-30T08:37:00,Kolkata,5fbc55ef-2de,0,8,0
1de03f00-aa62-45c0-a92c-4154d8bfd4e7,yashica40@upi,teerth77@upi,1396.91,2026-09-23T14:11:04,Chennai,4f00d0f2-cb4,0,14,0
d4411ecc-2476-4122-a37e-681d53ef8dbc,teerth77@upi,suhaninarain@upi,241.97,2026-08-12T09:49:14,Akola,195c66ab-c8b,0,9,0
eb6ee9ac-d5e0-41cf-9c24-5652f41bd302,osharamachandran@upi,udantdewan@upi,113.29,2026-07-22T08:39:55,Kolkata,29194246-377,0,8,0
0dfc733e-eb3e-4b30-a2fa-295b560abd9f,beramax@upi,kashviedwin@upi,467.19,2026-09-05T01:51:16,Akola,66663ca1-cbd,0,19,0
7d8b7b05-8b1b-461c-b9fb-0179e8953337,hyadav@upi,oseth@upi,1856.83,2026-07-03T09:02:37,Pune,7662df68-57c,0,9,0
cc3da4b0-25d7-4790-b913-4c4723a8d45e,onikannan@upi,qwadhwa@upi,1398.12,2026-08-19T22:48:41,Pune,3986b98f-c16,0,22,0
f65bfbcb-d84a-4cd6-ab79-d97a60e66834,ekaraj45@upi,kgole@upi,674.62,2026-08-13T16:40:05,Chennai,9046f951-c5c,0,16,0
0d9b2f2d-6d64-4c1f-a395-aaeef45a6ffd,aishanibumb@upi,shivansh53@upi,1613.83,2026-07-18T00:39:08,Hyderabad,27a02a93-b8a,0,14,0
822a572c-5a78-43c3-b96d-a1f532827fa7,yashodadeshpande@upi,charan16@upi,20203.81,2026-07-13T03:57:44,Delhi,7b5fe5dc-15e,1,3,1
b09990cd-879b-4783-898a-b6f35894ca00,pavani85@upi,priya51@upi,2801.46,2026-07-26T19:52:23,Mumbai,f45333eb-f0e,0,19,0
1af066d9-531b-4c87-a330-453b5466fdef,sawhneyojas@upi,oseth@upi,3374.22,2026-07-10T07:39:59,Bengaluru,925a5673-7ea,0,7,0
6ac4298f-4a13-4e38-8a0d-f010773853c8,suhani46@upi,fswamy@upi,1425.3,2026-09-09T05:14:40,Bengaluru,5d0c0d11-0c6,0,16,0
44895016-2ef5-4328-8944-2546e3573f8e,theodore28@upi,grewalekapad@upi,2004.28,2026-07-28T22:30:28,Mumbai,bf68b038-433,0,22,0
7bb96f4b-6737-46c0-a8e7-a198c26cbd3b,shagaurang@upi,kom@upi,3529.79,2026-09-07T06:14:49,Kolkata,f2695b17-da3,0,6,0
795f319e-815f-433e-b0da-db10c6212709,rudra61@upi,tanvi51@upi,4789.09,2026-09-03T11:20:49,Mumbai,6ae81ea1-31b,0,11,0
05a8fb01-2674-4d0b-8e0e-8905af8a8276,vedamalhotra@upi,sawhneyojas@upi,1858.51,2026-07-13T07:59:44,Akola,e558806d-c5f,0,7,0
188a4829-ef02-4315-af86-1ede4b3ca170,dugalnakul@upi,bnayar@upi,2122.37,2026-06-30T23:26:59,Kolkata,88e8aa3c-ec0,0,23,0
e1667eac-9bf7-47c3-8531-7c07c402fc24,osachdeva@upi,sidhudaksha@upi,3616.05,2026-07-29T00:54:12,Mumbai,5fbc55ef-2de,0,19,0
2280e889-e9d4-4af1-b8e8-39676372f591,diya27@upi,qnayar@upi,4179.15,2026-09-04T09:39:43,Delhi,ddd946f9-d4c,0,9,0
3ddf5e6f-41fb-4b1c-8d2d-f89bf777ffec,bhavnakaran@upi,twalia@upi,4404.15,2026-07-22T23:26:47,Delhi,acdecfc2-24d,0,23,0
1fce527e-31db-4ab3-ab42-28af5457764b,vamakshi82@upi,fsamra@upi,4308.89,2026-08-30T07:45:14,Delhi,54f56fb8-041,0,7,0
5caba41f-abf6-49ad-8634-29547156d227,ikakar@upi,mkapadia@upi,109.19,2026-09-11T03:46:00,Pune,4e636d14-cda,0,11,0
5c084c30-db9b-454d-a822-7a6ba558b083,darsh64@upi,hyadav@upi,1493.4,2026-07-27T14:42:39,Hyderabad,4991f5c6-f24,0,14,0
49cbe89d-d419-45f3-887a-4597a4fe847c,ekaraj45@upi,baldevika@upi,1528.13,2026-09-13T02:21:15,Chennai,9046f951-c5c,0,20,0
2d204449-a3f8-4950-a1ad-b74393ec61f5,alkadewan@upi,ssahni@upi,4288.51,2026-07-30T05:12:24,Bengaluru,a481934d-88c,0,18,0
31355db2-22e1-46b3-be6d-fc05a8c028c6,pushtibal@upi,harini14@upi,1469.45,2026-07-06T18:45:09,Bengaluru,ef54e936-8e0,0,18,0
ff32f2c7-2ea0-4480-afe6-b7ce1e48a804,qwadhwa@upi,karnikekansh@upi,784.2,2026-08-06T21:38:02,Pune,d7ea7a98-7ad,0,21,0
f92f0a1b-5133-47ca-8e67-a0d0f099fdaa,trivenipathak@upi,dayamai55@upi,377.0,2026-09-20T06:37:57,Pune,6011f78b-818,0,6,0
46007ca5-a747-4e88-961b-5fe8dd6dc010,jyoti29@upi,nandinibhargava@upi,1503.14,2026-07-13T13:29:44,Kolkata,1b8449aa-325,0,13,0
2671891c-9f3e-4611-895d-45b593efb5e8,owen10@upi,faqidsavant@upi,1391.04,2026-09-14T07:07:33,Hyderabad,2a881e5f-0a3,0,7,0
8755200e-20fd-476b-92a9-548ec0736e54,atharv13@upi,bhandarijyoti@upi,382.31,2026-07-15T00:45:17,Delhi,42f27329-005,0,9,0
3920c94f-3181-48a5-95f1-e38641ecb734,raksha87@upi,osachdeva@upi,2256.6,2026-07-10T16:13:37,Chennai,cd38bc87-080,0,16,0
16c60983-1e0c-4e38-b232-1da2c582ba02,maneupasna@upi,zdeol@upi,2291.15,2026-09-01T23:49:46,Pune,e7ceef85-245,0,23,0
386a4104-a21a-4123-8d3d-69c1a3840de6,indirakanda@upi,darsh64@upi,1353.71,2026-07-05T00:11:43,Kolkata,0b3b9bf5-fe4,0,10,0
7ce80327-0d20-4dd2-9a18-82795f672b5a,yutika95@upi,petersachar@upi,2421.1,2026-07-17T19:52:43,Bengaluru,534764bd-7d8,0,19,0
83a7b09d-c24d-4d01-80ed-7d8d65d5b9bc,indira19@upi,bhandarijyoti@upi,1542.26,2026-07-15T08:47:33,Pune,068a185b-655,0,8,0
611af87c-2424-4506-9602-d912feaf418c,aarnavmalhotra@upi,janujapradhan@upi,2554.42,2026-09-15T15:09:14,Hyderabad,de316df9-cc5,0,15,0
5536400d-52ef-4b4f-b3e5-89b70bb4b85c,qatwal@upi,bhavnakaran@upi,4807.52,2026-07-28T08:55:42,Hyderabad,cc16e930-bee,0,8,0
657bab57-3085-4785-abdd-285347968b77,charan16@upi,baldevika@upi,461.3,2026-07-07T09:52:29,Mumbai,027eadc5-718,0,9,0
76d6439a-c8e2-4b70-9a5d-6c06abf156bb,bhattvamakshi@upi,jkohli@upi,2955.0,2026-08-14T16:13:22,Hyderabad,b4b08621-6b3,0,16,0
b693e3fb-7f4b-4e26-847c-a258f9a5fbaa,kalpit42@upi,farhanchada@upi,1068.63,2026-08-08T02:36:07,Delhi,25b79fcc-aed,0,10,0
b7ecf36d-d377-4758-9f27-3c0881e25306,osharaghavan@upi,frederickkhurana@upi,2126.93,2026-07-20T22:58:51,Hyderabad,ad326f07-fe5,0,22,0
842abfb1-71c0-4c23-bf65-6b087e03ce86,bhavani27@upi,teerth09@upi,3386.82,2026-07-02T01:05:24,Bengaluru,527b9e26-830,0,15,0
8344789e-dcd4-48aa-842f-e5e74b471cef,randhawaanvi@upi,nandinibhargava@upi,1516.42,2026-08-29T17:41:09,Akola,4e527681-5a1,0,17,0
f16d53db-79a5-4b17-9f98-ae10b101b649,janujapradhan@upi,avarkey@upi,3771.4,2026-07-16T13:19:42,Mumbai,9c9396c8-258,0,13,0
e6c209cd-982e-4eff-859b-8201279f63f6,dharazaan@upi,kom@upi,1320.46,2026-07-22T17:46:04,Delhi,f6dfa22f-783,0,17,0
8502ccd1-ed0d-484b-bee6-98ad69b8aa07,sarinanirudh@upi,baldevika@upi,80039.93,2026-08-26T01:20:46,Hyderabad,0a57181b-2b8,1,1,1
a787fee5-9b69-49a6-8608-212270e267a7,fsarma@upi,uaurora@upi,3401.32,2026-08-22T04:09:19,Akola,7033c9dc-e9c,0,19,0
219c7046-eb4d-48d0-96c1-fcadf4d324b5,jyoti29@upi,aryasunder@upi,956.23,2026-08-02T09:52:04,Kolkata,1b8449aa-325,0,9,0
a0b62374-9b79-403b-943c-bb2fb5b2b29f,osharaghavan@upi,khatrinathan@upi,1391.91,2026-09-06T00:52:05,Kolkata,ad326f07-fe5,0,18,0
22119d6c-d238-422e-b7e6-c86d040c252a,znori@upi,karnikazad@upi,1052.67,2026-07-09T14:05:14,Pune,575ce5f1-951,0,14,0
355f8dd0-2d4d-41d3-b06e-17551bdf1709,michaelborra@upi,hrattan@upi,2073.5,2026-08-26T09:57:48,Mumbai,b9b15ca7-23c,0,9,0
c964ca38-78b7-46d3-9ff6-aa6fb854cfb2,onadig@upi,henry25@upi,3806.26,2026-08-21T17:01:43,Kolkata,2edf66dc-30a,0,17,0
c7249015-3b86-42d1-90f3-c6f726618453,harrisonrai@upi,michaelborra@upi,637.01,2026-08-11T00:16:53,Akola,e7816626-028,0,8,0
562dc64f-e652-436c-bdb0-06d68186082b,ansh98@upi,petersachar@upi,4398.62,2026-08-18T11:48:54,Hyderabad,996b3a25-6da,0,11,0
9c2407da-147a-48b5-b4dc-9f7a666714fe,qwadhwa@upi,sarinanirudh@upi,3044.65,2026-07-25T19:18:08,Delhi,d7ea7a98-7ad,0,19,0
c21508b7-1ef7-4272-8b93-a979321e33fd,hyadav@upi,nattdominic@upi,4346.7,2026-08-11T12:37:07,Chennai,7662df68-57c,0,12,0
8cbe4c07-51ef-41d8-b3a2-77fefe9e98c7,anshbedi@upi,qnayar@upi,2765.39,2026-08-26T05:43:49,Pune,a7b3a41a-177,0,15,0
72412a38-5f31-4fb8-ab49-7a2eb8beb141,baraldayamai@upi,avarkey@upi,4223.22,2026-08-08T03:51:13,Akola,3f9b0bda-4d2,0,13,0
86e60efc-ae86-49c3-800c-8c640af9a67c,daksh58@upi,janujasankar@upi,3838.11,2026-08-23T11:51:33,Kolkata,b2da648a-195,0,11,0
bb023e06-f32e-457e-8fef-48a4aae09492,bhattvamakshi@upi,xiti28@upi,354.02,2026-08-07T05:17:03,Kolkata,b4b08621-6b3,0,12,0
e38c4ff3-679d-4ead-8dda-d8b1ea06944e,roak@upi,zarnapathak@upi,1573.47,2026-07-27T00:43:01,Akola,caf157f1-769,0,7,0
93a9ad42-7024-4b95-92eb-562fe1da5f83,urvashi66@upi,oseth@upi,2999.03,2026-06-30T04:06:38,Bengaluru,f2baea33-475,0,16,0
66885dec-7ce1-4146-b16c-fb6105d405d6,oseth@upi,znori@upi,30544.32,2026-07-15T04:20:43,Kolkata,59268a38-65c,1,4,1
cf2f94c5-8671-4d3c-a8af-7ff2706655ce,amaradeep@upi,odhar@upi,3457.61,2026-07-08T01:47:51,Bengaluru,c542da04-786,0,18,0
6265d45b-8000-4dd1-9ca0-2cf643f9eb46,amaradutta@upi,choudhuryjanani@upi,4609.14,2026-09-08T18:18:02,Pune,aa02a852-3bd,0,18,0
49de728c-a02b-491b-9029-6c9d98724190,rudra61@upi,diya27@upi,987.83,2026-08-08T01:34:13,Pune,6ae81ea1-31b,0,12,0
268d3cb7-5e63-4aa1-b66b-5977db2437db,teerth77@upi,sachdevanikita@upi,3269.17,2026-07-04T16:14:36,Chennai,195c66ab-c8b,0,16,0
f362971d-1510-4bed-bac9-01edef451b99,onadig@upi,faqidsavant@upi,1297.38,2026-07-26T09:15:30,Bengaluru,2edf66dc-30a,0,9,0
6f682a8b-6678-4e57-9d75-44d466287378,karnikazad@upi,cswaminathan@upi,4977.05,2026-08-22T22:46:40,Delhi,6f0a5b17-392,0,22,0
4dfce271-d34c-434a-98d1-e02f97705c71,dateanvi@upi,devimatthew@upi,3937.05,2026-08-02T22:30:54,Bengaluru,61876a84-17b,0,22,0
736a99fc-455e-4da2-a8bd-1b0ac6fce3b8,kgole@upi,upmavenkataraman@upi,386.37,2026-07-03T16:25:34,Bengaluru,033b6f25-c1a,0,16,0
88d371c3-761d-44bc-a5ac-008d3c8e3223,amol24@upi,avarkey@upi,3692.8,2026-07-08T01:25:23,Kolkata,8937ded1-b0c,0,18,0
019eaaed-814e-4ac7-8448-03567189568e,borramanthan@upi,hrattan@upi,4812.72,2026-08-13T03:57:37,Chennai,e997552c-ae6,0,11,0
224a5c0f-8858-4d83-bee0-84425f584572,ishakuruvilla@upi,sarinanirudh@upi,1201.4,2026-08-18T21:16:37,Delhi,6bc0dd84-3b8,0,21,0
2770f5ce-6bbc-40b3-8cfe-764ed959cb6a,raigunbir@upi,sahaupkaar@upi,921.7,2026-07-09T12:50:51,Akola,81bf5faf-76e,0,12,0
190219b3-13e6-4803-9264-0b9dc48588f0,sidhudaksha@upi,nidhikohli@upi,4931.38,2026-07-13T03:29:47,Kolkata,79c4350e-7bd,0,8,0
294e2551-9df6-4e06-be6a-78b3feff24b2,alkadewan@upi,indira19@upi,4974.83,2026-08-27T09:38:14,Mumbai,a481934d-88c,0,9,0
fedc7542-fd26-45ba-9268-6bf88458fe24,jyoti29@upi,vmerchant@upi,3364.83,2026-06-30T09:30:37,Chennai,1b8449aa-325,0,9,0
c023273a-6a1b-41e1-8019-0e7cbfa437cb,pandeychanchal@upi,nihalshere@upi,1960.09,2026-07-26T01:26:19,Hyderabad,864a2d04-55f,0,7,0
f074d944-9e40-43e8-88d8-4c720f7e868d,odhar@upi,kabirsoman@upi,3049.47,2026-08-18T20:05:39,Delhi,0fcd6a35-7c5,0,20,0
29322b2f-5dec-4122-9ce6-1a9deed4f355,yauvanicomar@upi,bhandarijyoti@upi,4122.86,2026-08-14T13:01:57,Hyderabad,b458f741-708,0,13,0
0cb66124-adb4-4540-9812-c54b1d8fd9ba,xiti28@upi,timothy17@upi,510.61,2026-08-06T07:14:23,Pune,4a9d640c-559,0,7,0
a0d1cbf1-998b-4137-a103-f16189efc709,pushti49@upi,koshybalveer@upi,1491.8,2026-07-28T14:48:44,Mumbai,d8857b1b-100,0,14,0
715917e9-f697-4526-8310-a88e3b509ca6,othakur@upi,dugalnakul@upi,3237.2,2026-07-16T15:39:47,Kolkata,bba7a234-41e,0,15,0
1421ec5d-7965-4d23-b98a-83ac601c6326,upai@upi,osachdeva@upi,2910.8,2026-09-23T09:17:40,Pune,eb6db7d5-b4b,0,9,0
f5d096f8-4e79-4e92-8e53-116451c6d1a9,ekbalbhasin@upi,kibeharsh@upi,250.17,2026-09-13T07:52:02,Akola,e8c4512b-b01,0,7,0
2f2635b0-3a85-4fe9-872a-8afef290b3dc,utkarsh52@upi,aishanibumb@upi,3146.3,2026-09-05T06:06:55,Hyderabad,217f4f0c-209,0,6,0
83e437f3-8744-4dc3-bbcb-7183275ff36a,qwadhwa@upi,kashviedwin@upi,4938.26,2026-08-28T03:31:05,Hyderabad,d7ea7a98-7ad,0,12,0
ee0d195e-2d12-4415-a212-942cccc5cf4f,timothy17@upi,aarnavmalhotra@upi,2527.36,2026-09-15T16:26:22,Chennai,7750feff-f48,0,16,0
8706dc3b-cc5e-467c-bfce-8fa8bec819d0,esawhney@upi,yashica46@upi,2306.84,2026-07-14T12:53:08,Akola,23e5b872-dee,0,12,0
93000ad1-8f25-4288-a896-cef91ef8d6cb,krishnanvanya@upi,nihalshere@upi,1149.32,2026-08-30T18:58:20,Hyderabad,8ff5ffba-9c3,0,18,0
eb767e9d-4888-43cd-8c16-091948f50e1b,amol24@upi,ansh98@upi,1101.75,2026-09-24T07:40:47,Pune,8937ded1-b0c,0,7,0
9f4ba8af-4850-4f8e-8ac2-ee8c24a40085,michaelborra@upi,lakshmi51@upi,1804.94,2026-08-24T16:34:07,Delhi,b9b15ca7-23c,0,16,0
54d3a0fd-c8a8-4e65-9454-4b8f51b11d7f,farhanchada@upi,osharamachandran@upi,961.47,2026-09-16T21:19:55,Bengaluru,d163c594-7f8,0,21,0
9131c81d-4a2f-4718-b9f3-28dfab7a071c,roak@upi,suhani46@upi,3524.01,2026-09-06T13:26:38,Delhi,caf157f1-769,0,13,0
64919dd8-bc69-4ff7-8a92-9c483af7fb79,timothy17@upi,yadavinarula@upi,2439.96,2026-07-21T21:59:41,Mumbai,7750feff-f48,0,21,0
f9aa6cc5-518b-40f4-8e40-84f51ae93785,suhani46@upi,ekaraj45@upi,3923.01,2026-08-06T04:53:51,Mumbai,5d0c0d11-0c6,0,10,0
c5c5eaf4-a27f-449e-b499-f662b305e6ff,sahaupkaar@upi,vamakshi82@upi,3446.06,2026-08-24T07:55:35,Hyderabad,651e1852-8a4,0,7,0
34bf98da-43ce-4627-8314-60e9c3a06574,vedamalhotra@upi,zdeol@upi,695.9,2026-07-12T17:29:37,Delhi,e558806d-c5f,0,17,0
b9830b7d-3030-4d88-b565-ca5c04faa5e4,michaelborra@upi,onikannan@upi,3972.68,2026-09-01T13:22:47,Chennai,b9b15ca7-23c,0,13,0
0fb79f6b-55b7-4761-8f0d-908cfd0750a3,upmavenkataraman@upi,qwadhwa@upi,83484.68,2026-09-25T00:46:12,Kolkata,07e93fa9-4b0,1,0,1
dfe6c2c2-66bc-4487-9627-2d73ed9ceae3,indira19@upi,isha34@upi,3064.52,2026-07-22T17:22:35,Hyderabad,068a185b-655,0,17,0
b74a086a-d66b-444f-b90d-3c8142b88ba4,yashica40@upi,kibeharsh@upi,4861.59,2026-09-01T04:49:19,Chennai,4f00d0f2-cb4,0,18,0
4f1265d6-000b-4dd6-a043-0072141a46ac,anamikayohannan@upi,zaidchauhan@upi,2195.63,2026-08-02T06:20:02,Kolkata,588457f2-bbd,0,6,0
f0533d85-8a2e-43a7-b526-75007fa22ea0,osachdeva@upi,teerth09@upi,3174.25,2026-08-10T02:39:48,Hyderabad,5fbc55ef-2de,0,14,0
5e98895f-177d-460c-9fae-8323828b164d,hyadav@upi,anamikayohannan@upi,1857.14,2026-09-12T06:25:14,Chennai,7662df68-57c,0,6,0
31170246-170b-49a6-9ce7-e91d27169dae,kashviedwin@upi,kakardivya@upi,2441.24,2026-09-06T09:33:57,Kolkata,0696c6bf-850,0,9,0
ecb69947-d9f7-4753-84ae-bcf116ef41c3,zarnapathak@upi,osharaghavan@upi,4838.36,2026-07-20T11:02:55,Bengaluru,1812699a-1b3,0,11,0
7e7e097e-9fc7-4b3c-bc43-925fb1034d4b,shivansh53@upi,patrickvasa@upi,4636.59,2026-08-30T15:18:47,Pune,40f069c3-46c,0,15,0
10234358-1dc2-4152-89d9-12c6aa4cf98d,aradhanaverma@upi,choudhuryjanani@upi,4360.8,2026-08-25T16:38:24,Akola,256a1951-b19,0,16,0
dae28a18-2f5a-4cf5-ae63-6e98770064f8,shivansh53@upi,devimatthew@upi,4144.92,2026-09-20T00:02:10,Kolkata,40f069c3-46c,0,10,0
992fe6cc-733c-4a68-8a4c-4b5d7b4b82a3,sahaupkaar@upi,pushtibal@upi,753.33,2026-07-26T08:15:10,Hyderabad,651e1852-8a4,0,8,0
3ad7b577-d528-477d-a687-6bb107c5b6c9,hritikpalla@upi,hritikpalla@upi,2079.39,2026-09-01T21:47:40,Bengaluru,72907c22-57a,0,21,0
0b0ea020-5bd4-4093-bada-55f31a342e61,zdeol@upi,chakradevbarad@upi,2297.68,2026-09-13T22:38:11,Akola,500c5ea8-5e7,0,22,0
511c6919-c7d3-446b-b188-8e893e092c95,mananbakshi@upi,ansh98@upi,4783.11,2026-08-09T17:48:15,Chennai,bbc34ec7-2f8,0,17,0
198b6af6-8d18-4f17-a9a1-3ad85c309b45,hritikpalla@upi,onadig@upi,2639.77,2026-08-31T20:33:09,Hyderabad,72907c22-57a,0,20,0
7785adf9-a60c-46dc-9f4e-6eca2dea8fb6,triyagopal@upi,janujasankar@upi,127.87,2026-07-26T01:31:34,Chennai,6fa13b38-3c4,0,7,0
239b509d-e688-4bef-83d1-93481f838236,osharaghavan@upi,tanvi51@upi,1620.09,2026-09-07T08:08:14,Akola,ad326f07-fe5,0,8,0
2b0effd0-8cb3-4601-b440-7055fbd0a528,farhanchada@upi,shivansh53@upi,3056.11,2026-08-23T02:59:15,Chennai,d163c594-7f8,0,13,0
e4192056-87f9-4de0-986e-cf11335f364a,dhaliwalupkaar@upi,osharaghavan@upi,2635.23,2026-07-30T05:29:31,Akola,7a9a9350-e0a,0,21,0
21927a0a-4fee-4094-89c6-9739a3f74998,kalpit42@upi,uaurora@upi,874.11,2026-08-16T19:54:18,Hyderabad,25b79fcc-aed,0,19,0
94a6ee01-2769-4bab-85ac-0fa4deba92b1,bhattvamakshi@upi,priya51@upi,2182.99,2026-08-13T00:07:37,Hyderabad,b4b08621-6b3,0,22,0
b9a47300-781a-4a65-9bef-447c3ce580bf,jasmitwali@upi,gautammerchant@upi,3408.02,2026-09-24T22:53:22,Akola,c7e0aeac-11c,0,22,0
e2eaa47c-d3d2-4c44-b403-596d7339abbc,suhani46@upi,rsathe@upi,2938.09,2026-08-01T13:11:02,Delhi,5d0c0d11-0c6,0,13,0
3f686284-3fba-44e1-bcf8-6e00e3dc1946,esawhney@upi,koshybalveer@upi,3710.93,2026-07-07T23:13:40,Pune,23e5b872-dee,0,23,0
ce8b54e7-e68d-4361-bce8-57d2997c692b,daksh45@upi,qvyas@upi,2686.28,2026-08-24T13:21:23,Pune,072ac257-0f0,0,13,0
0747c418-ca71-4c38-9ac9-1b1447e290c0,yutika95@upi,khatrinathan@upi,924.78,2026-08-06T13:20:48,Hyderabad,534764bd-7d8,0,13,0
a8c4eaf4-cde6-444d-a659-b680a17e5614,krishnanvanya@upi,fsamra@upi,3196.57,2026-08-09T02:12:35,Akola,8ff5ffba-9c3,0,15,0
aa0178f6-9c6f-4b0e-b0d7-f2e1a5f1906f,finn70@upi,bhavani27@upi,2424.44,2026-09-16T07:57:44,Kolkata,7646228b-fd5,0,7,0
667d8513-2f8a-4d4e-9192-a24c6d3c13b7,karnikekansh@upi,ekantika31@upi,779.4,2026-08-01T07:01:27,Mumbai,9ebe94a8-d7f,0,7,0
37a4bf8e-ae70-47fa-840a-b26df57654ab,ishakuruvilla@upi,farhanchada@upi,2340.9,2026-09-14T00:09:51,Kolkata,6bc0dd84-3b8,0,8,0
b1283846-351a-4d59-a34a-9db09bedccad,dugalnakul@upi,yashawinilanka@upi,3921.02,2026-09-15T07:59:59,Chennai,88e8aa3c-ec0,0,7,0
79ca26fd-57ae-4b9d-80ec-585e7c6a5387,ishakuruvilla@upi,lalpranav@upi,2320.94,2026-07-30T21:25:08,Delhi,6bc0dd84-3b8,0,21,0
a2eadbd4-9b00-40af-a3b8-323e21fd6c28,oseth@upi,hyadav@upi,3095.19,2026-08-13T04:38:10,Mumbai,d85c553b-6f2,0,18,0
a78a610f-c6b6-4a8c-a589-6ec91a922927,kashviedwin@upi,indali23@upi,613.98,2026-09-01T12:20:48,Kolkata,0696c6bf-850,0,12,0
b44f7725-5cac-4070-93db-00d0643c4dbe,karnikazad@upi,thamanorinder@upi,1155.47,2026-08-03T15:46:26,Hyderabad,6f0a5b17-392,0,15,0
69f20fd6-2d09-435b-820b-e84ef1c27169,falak10@upi,twalia@upi,4215.73,2026-09-10T03:27:52,Bengaluru,ddebfabe-8b8,0,7,0
18eb2a20-dfc7-45e2-9226-b40605484ec7,mkapadia@upi,udantdewan@upi,48056.86,2026-08-14T03:09:43,Akola,a0a52346-e37,1,3,1
5094849b-decb-4d16-b896-9f55b31eacb2,jonathansolanki@upi,oseth@upi,2552.56,2026-09-02T11:23:33,Kolkata,2744506e-bbb,0,11,0
6877ea18-609b-4799-9edd-64699afe0605,petersachar@upi,timothy17@upi,4111.61,2026-09-05T07:57:54,Delhi,dc7609f9-ab8,0,7,0
0ca68a86-9e2a-4a3c-ac9d-a650b987a11a,nidhikohli@upi,jonathansolanki@upi,195.05,2026-09-12T02:46:31,Hyderabad,1cd764a8-258,0,8,0
32690759-07ae-4043-af54-80010f61be13,hyadav@upi,nathanielsami@upi,362.95,2026-08-06T18:35:14,Hyderabad,7662df68-57c,0,18,0
1311d32e-2658-4900-8581-f520451d2657,zarnapathak@upi,choudhuryjanani@upi,3571.43,2026-07-25T10:26:02,Delhi,1812699a-1b3,0,10,0
c2c48925-5f51-49ab-bee4-ee984afa9f6c,shivansh53@upi,kgole@upi,3588.57,2026-07-11T18:23:10,Pune,40f069c3-46c,0,18,0
7efec194-f13e-43ac-9f6c-99ef2d5c87f1,harrisonrai@upi,bhavani27@upi,4413.68,2026-09-06T23:24:16,Mumbai,e7816626-028,0,23,0
df8c0ea1-853e-4ccd-8a22-92e7f213a032,vlanka@upi,koshybalveer@upi,3090.74,2026-08-10T07:26:34,Kolkata,a07327ee-ec0,0,7,0
728e55b3-a82b-4ca4-b178-9033057ddad6,aarnavmalhotra@upi,yadavinarula@upi,3529.08,2026-08-30T16:15:34,Delhi,de316df9-cc5,0,16,0
ca30b93f-5fba-46fa-9e78-60c23c317734,kgole@upi,mkapadia@upi,2087.87,2026-08-02T09:37:22,Akola,033b6f25-c1a,0,9,0
bddc5228-0d21-4c9e-848c-ceabbc748c68,sawhneyojas@upi,anshbedi@upi,4270.97,2026-07-13T01:21:21,Delhi,925a5673-7ea,0,13,0
7109d516-fab9-45d1-987f-3ef9ecacb4e5,dharazaan@upi,nandinibhargava@upi,2529.21,2026-07-28T07:13:31,Akola,f6dfa22f-783,0,7,0
c38c9ab7-214e-4c04-b511-03e76fa9972e,devimatthew@upi,suhaninarain@upi,1454.9,2026-07-10T15:55:46,Pune,a1b0f18a-d9c,0,15,0
b36ef39a-2bda-463a-a258-e2688f975090,sahaupkaar@upi,timothy17@upi,2144.1,2026-09-16T05:19:09,Mumbai,651e1852-8a4,0,14,0
33bce0b5-e234-405d-89c3-8a09de6b25a1,utkarsh52@upi,chandani64@upi,158.6,2026-09-15T12:25:48,Chennai,217f4f0c-209,0,12,0
2eed274f-9519-4d69-b5ad-367c2ff648c0,bhandarijyoti@upi,henry25@upi,117.98,2026-07-30T03:31:01,Delhi,32dea559-1cb,0,16,0
ee02a895-ca28-4607-a87c-fdaf1be512bb,patrickvasa@upi,krishnanvanya@upi,75097.73,2026-08-30T23:00:14,Akola,a8a12b41-046,1,23,1
ab892efb-1cb3-487a-9a3c-81e8322f83f9,randhawaanvi@upi,diya27@upi,3681.61,2026-07-06T06:16:08,Mumbai,4e527681-5a1,0,6,0
108ac5ad-205b-4c38-80a6-bb8786407291,faqidsavant@upi,teerth09@upi,4328.55,2026-07-14T01:05:18,Hyderabad,1ca35c16-a10,0,18,0
bd926285-d626-4ca4-912d-db5d5c16b2ce,harini14@upi,sawhneyojas@upi,880.22,2026-08-22T13:10:01,Akola,5f85b4a0-39c,0,13,0
26bb443e-6f81-4ffd-a4e5-36cf8775e20b,ranbir39@upi,indirakanda@upi,4655.12,2026-07-26T10:29:43,Kolkata,06491864-379,0,10,0
084a2d0b-b26b-4bad-98e5-48f6e3dc422a,theodore28@upi,koshybalveer@upi,3239.77,2026-09-04T14:52:47,Chennai,bf68b038-433,0,14,0
29980cdd-b28b-4f19-9c93-607102541bfd,cdatta@upi,amaradutta@upi,1684.8,2026-08-16T05:12:03,Delhi,5549160f-884,0,21,0
bc40ad9e-1fd2-436c-b089-997e3e64d545,devimatthew@upi,yauvanicomar@upi,2106.68,2026-09-04T22:22:39,Kolkata,a1b0f18a-d9c,0,22,0
f8bb48d5-285d-4c7a-9dba-d19fda82cfa3,utkarsh52@upi,desaiaishani@upi,419.7,2026-09-22T15:35:56,Pune,217f4f0c-209,0,15,0
3b470631-ec33-48e7-bde1-706e20cb2529,devimatthew@upi,onikannan@upi,1732.22,2026-08-26T16:02:53,Mumbai,a1b0f18a-d9c,0,16,0
389b21ee-96ac-4403-bbb7-59f052e0fe47,finn70@upi,ekaraj45@upi,2311.66,2026-07-16T01:41:48,Mumbai,7646228b-fd5,0,14,0
4fc852b2-f008-46e2-afda-ebe75b051e1e,bhavnakaran@upi,amblesamarth@upi,4176.78,2026-07-02T06:07:24,Chennai,acdecfc2-24d,0,6,0
96df266f-09eb-401c-bc7a-a89765638ac8,kgole@upi,bhandarijyoti@upi,78552.47,2026-09-03T02:08:25,Chennai,596e5434-e7e,1,2,1
89632b1d-3f99-4206-9c17-45e400476725,uchandran@upi,pchhabra@upi,4876.66,2026-07-13T17:54:30,Chennai,ea9893d5-713,0,17,0
2c10cb3f-502d-4231-93d6-712a3c68b0e4,aarnavmalhotra@upi,udantdewan@upi,3166.23,2026-07-17T22:23:45,Mumbai,de316df9-cc5,0,22,0
cb49d2e2-537e-4a47-9d7c-ea891066513e,xiti28@upi,ekantika31@upi,1536.95,2026-08-20T03:24:29,Bengaluru,4a9d640c-559,0,16,0
292cf38f-0468-45dc-a0f2-292de04e75d7,modibhavini@upi,nattdominic@upi,57435.41,2026-08-23T00:02:09,Mumbai,a67d5eaf-2bf,1,0,1
a3a6c5ae-8d7c-418b-8156-93ce1299628a,znori@upi,ksehgal@upi,3697.5,2026-07-28T09:23:10,Kolkata,575ce5f1-951,0,9,0
112e0e5d-b709-47aa-9d2c-1a658f1dc843,teerth77@upi,triyagopal@upi,3255.79,2026-07-28T05:30:42,Hyderabad,195c66ab-c8b,0,11,0
6b4b7ea0-296c-43c2-8b54-6313b4abe0eb,finn70@upi,nathanielsami@upi,1219.53,2026-09-12T06:48:07,Bengaluru,7646228b-fd5,0,6,0
c604a620-9822-4d27-921f-593229c7231d,znori@upi,kakardivya@upi,751.6,2026-07-05T21:19:31,Hyderabad,575ce5f1-951,0,21,0
fcf37bb4-69f4-4434-9c3d-a82e80dd2e46,mray@upi,baldevika@upi,62033.17,2026-09-03T23:16:42,Chennai,d2c52728-9e7,1,23,1
ea736755-6b5b-412d-840d-347d1b2c6f8f,bhagatbrinda@upi,avarkey@upi,998.5,2026-09-15T09:59:35,Mumbai,d766091e-4d5,0,9,0
d503d045-b7ac-4930-b12d-a604c916927c,ssahni@upi,odhar@upi,1476.12,2026-07-05T20:46:33,Hyderabad,5a5477fd-633,0,20,0
84fd3e1d-1324-4bd0-866a-03ab902a1eed,karnikazad@upi,fsarma@upi,3575.04,2026-08-31T20:20:40,Hyderabad,6f0a5b17-392,0,20,0
289c547b-fd77-4b0b-85a6-c50dc9c3660d,pushti49@upi,krishnanvanya@upi,3962.35,2026-08-17T19:30:43,Mumbai,d8857b1b-100,0,19,0
336d817c-7e6b-42e4-b13c-f8a25d9503b5,kgole@upi,jasmitwali@upi,2552.7,2026-09-05T15:33:28,Hyderabad,033b6f25-c1a,0,15,0
b348b983-1815-4742-83dd-c296e2edad36,cswaminathan@upi,aarnavrege@upi,295.68,2026-06-30T18:19:10,Mumbai,46baf193-06b,0,18,0
ae59aca1-42ad-4703-8fba-b8376133e4cc,vedamalhotra@upi,faqidsavant@upi,1112.12,2026-08-17T02:47:02,Hyderabad,e558806d-c5f,0,22,0
625c9d37-4033-4f5b-bc96-27aa7450b4f9,bhagatbrinda@upi,onikannan@upi,1861.39,2026-09-14T21:59:09,Chennai,d766091e-4d5,0,21,0
4e93f8d6-b862-4374-99d8-69d12f4b1bf2,avarkey@upi,nathanielsami@upi,4458.87,2026-09-15T09:38:29,Chennai,2060d1a2-7a7,0,9,0
3b636636-f3ed-44d8-8d68-b5b2354d74ae,saumyadey@upi,koshybalveer@upi,729.32,2026-09-12T01:27:43,Pune,a9e6a037-41e,0,14,0
cfc9f151-fe8c-4887-96e2-a74e6537bf27,isha34@upi,kom@upi,4386.72,2026-07-25T19:32:11,Mumbai,8fc07b5e-994,0,19,0
8266abcd-1427-42cc-88fa-1506fabdf1dd,patrickvasa@upi,owen10@upi,3173.22,2026-09-19T01:36:59,Mumbai,5486ec5a-863,0,11,0
b7e11c9a-28a6-469d-a6a2-615e3a57736d,khatrinathan@upi,odhar@upi,967.26,2026-09-08T02:54:53,Kolkata,67200f98-d64,0,13,0
be9ec77f-c848-431c-bd0d-1406b19bb9f0,modibhavini@upi,aradhanaverma@upi,2730.76,2026-07-16T07:03:50,Delhi,2ce18ffb-7ff,0,7,0
972451ba-aba2-4043-8c6f-fd7c2fd1aab0,yashawinilanka@upi,soodyadavi@upi,3888.23,2026-08-23T07:14:37,Hyderabad,f77e4bb1-6bd,0,7,0
fd703ee7-c79c-4be9-bd37-9d097e8d0a8f,uaurora@upi,bhagatbrinda@upi,1264.31,2026-08-04T03:59:47,Kolkata,ee6efdd6-203,0,17,0
a9549f8d-2435-4b2e-a82d-0859fbeefb17,finn70@upi,sahaupkaar@upi,2562.8,2026-07-03T10:12:12,Akola,7646228b-fd5,0,10,0
3e06c51e-88f3-44f4-b304-5ae45f727210,ishakuruvilla@upi,urvashi66@upi,2528.92,2026-08-08T05:54:15,Akola,6bc0dd84-3b8,0,8,0
b11b5a45-b10d-48c2-9546-cfa4909bee14,indira19@upi,gautammerchant@upi,4788.2,2026-08-01T02:31:51,Akola,068a185b-655,0,10,0
5a313c88-d1f5-4500-ab88-de3245d125c9,ikakar@upi,faqidsavant@upi,817.85,2026-09-26T07:08:40,Pune,4e636d14-cda,0,7,0
4728ac14-12e7-46ab-8b18-3271be2c29a1,sawhneyojas@upi,krishnanvanya@upi,2699.0,2026-09-04T12:59:56,Mumbai,925a5673-7ea,0,12,0
0be30a1c-be35-4df8-84c4-a5a99a1cb634,yadavinarula@upi,amol24@upi,128.58,2026-08-01T13:13:24,Bengaluru,2dbf9870-7bf,0,13,0
f2d1fb43-f9dd-4685-94a4-24e53b12aa26,qvyas@upi,bhavnakaran@upi,4422.54,2026-07-12T08:07:47,Bengaluru,e316ffc2-72c,0,8,0
79c61f39-9012-4fba-85b3-a6c5cbd636c8,kashviedwin@upi,esawhney@upi,4072.48,2026-07-21T02:17:25,Delhi,0696c6bf-850,0,8,0
1de9bb0a-589c-4532-93b0-0954de337d23,vinayakanda@upi,yashodadeshpande@upi,1134.07,2026-09-20T03:17:02,Pune,23fef535-1f4,0,15,0
94fe3630-31df-41c3-ab33-cc04582508de,priya51@upi,zarnapathak@upi,3349.95,2026-08-14T16:01:12,Delhi,5f36b3fa-a9d,0,16,0
ab27e361-06ae-4203-85c7-7925e76dafba,utkarsh52@upi,frederickkhurana@upi,4789.58,2026-07-13T20:22:38,Chennai,217f4f0c-209,0,20,0
6cd8cae6-fd48-40ba-8fd2-302cb355fffc,tanvi51@upi,khatrinathan@upi,734.95,2026-07-20T16:15:11,Pune,df69cfd2-a83,0,16,0
a05da116-d36a-4d01-8e55-4ffdfe0f0ee6,daksh45@upi,teerth77@upi,1223.65,2026-09-25T01:56:27,Pune,072ac257-0f0,0,11,0
075bcb35-eabc-4c24-a724-48cbf195ab83,dhaliwalupkaar@upi,teerth09@upi,4299.11,2026-07-20T13:43:35,Bengaluru,7a9a9350-e0a,0,13,0
30c16f87-c1f5-4a52-b9ba-16cec68862c4,znori@upi,atharv13@upi,1578.8,2026-09-21T22:26:18,Chennai,575ce5f1-951,0,22,0
a006bdbb-e334-4148-ab12-a04d8b8bdca9,finn70@upi,raigunbir@upi,323.21,2026-07-09T11:50:31,Delhi,7646228b-fd5,0,11,0
e81f0c1c-3270-47a5-888c-e0b1881f9bc9,sawhneyojas@upi,krishnanvanya@upi,1262.75,2026-08-02T01:22:43,Delhi,925a5673-7ea,0,14,0
12af21af-2b51-46f3-a6b8-11df7dd0a069,zarnapathak@upi,eyohannan@upi,2915.65,2026-07-22T23:02:38,Mumbai,1812699a-1b3,0,23,0
4a8f29b9-b388-4c0f-aee0-c8261fff36f0,suhani46@upi,triyagopal@upi,4526.09,2026-08-22T22:10:19,Akola,5d0c0d11-0c6,0,22,0
b0c5b367-563a-413a-a793-c9a2b15e0835,suhani46@upi,lshere@upi,4745.24,2026-08-15T15:23:55,Bengaluru,5d0c0d11-0c6,0,15,0
d0532c9b-923e-4871-bfda-adeeab781f98,yashica40@upi,twalia@upi,3652.47,2026-08-12T08:08:33,Hyderabad,4f00d0f2-cb4,0,8,0
3ec25b13-4870-478f-b3dd-362eb0b7e97a,karnikekansh@upi,kabirsoman@upi,4903.92,2026-07-06T21:01:27,Akola,9ebe94a8-d7f,0,21,0
d0728f88-ef9c-46c4-aaa9-407921324210,pushtibal@upi,ansh98@upi,111.76,2026-08-13T19:35:10,Chennai,ef54e936-8e0,0,19,0
68d0dc22-1cd4-44af-9960-c7e636062313,khatrinathan@upi,vedamalhotra@upi,1766.57,2026-08-02T03:00:53,Hyderabad,67200f98-d64,0,19,0
1c556720-2b5c-47d1-aad9-c7cc1af62b2c,mray@upi,gauriganguly@upi,2346.57,2026-09-26T03:51:16,Kolkata,4d9d1830-dbb,0,17,0
23a1bdb8-2d33-4b99-a8a8-5fd8ed7f29de,yashodadeshpande@upi,nandinibhargava@upi,4737.27,2026-07-29T16:25:02,Akola,976e20dc-d26,0,16,0
aec648b1-e1bf-4cac-bb22-b07af87cabf3,onadig@upi,sahaupkaar@upi,4073.61,2026-09-05T04:31:05,Kolkata,2edf66dc-30a,0,10,0
63a7a9e8-0e47-40ef-8967-811e54964441,anshbedi@upi,ekarajbath@upi,4788.6,2026-09-05T00:57:32,Pune,a7b3a41a-177,0,22,0
8bf8648a-c55c-4307-92e8-fae645cf43ec,desaiaishani@upi,jonathansolanki@upi,2014.63,2026-07-03T15:42:59,Bengaluru,3be7191f-103,0,15,0
9f03dba3-9c5c-4a0a-a065-61a454bf4709,choudhuryjanani@upi,xiti28@upi,47015.17,2026-09-17T00:29:43,Pune,6fa152d0-0a5,1,0,1
8f6337aa-35ba-455d-b6a2-21f18f0e36b6,bhavnakaran@upi,khatrinathan@upi,1397.06,2026-08-10T12:46:31,Kolkata,acdecfc2-24d,0,12,0
d9e9af87-56e6-4323-89a9-0bfddba2c41e,diya27@upi,henry25@upi,385.01,2026-07-15T02:05:42,Mumbai,ddd946f9-d4c,0,19,0
34ba4139-c528-4f4d-9817-22ef70ede04f,osharaghavan@upi,sarinanirudh@upi,54502.86,2026-07-20T00:30:36,Bengaluru,21b1c0d7-cba,1,0,1
8ff1ac9c-3f19-4dd7-9851-67f74d70f220,bnayar@upi,finn70@upi,2527.34,2026-09-23T17:46:56,Kolkata,9ae0f61e-249,0,17,0
ae453d6e-4982-4e39-b4eb-71447142f5e0,shroffbhavna@upi,vmerchant@upi,675.13,2026-07-10T04:51:14,Bengaluru,b34f4617-f13,0,20,0
0d24f455-56c2-482e-84ee-13c51829b6a5,beramax@upi,odhar@upi,3934.62,2026-09-15T09:05:04,Chennai,66663ca1-cbd,0,9,0
cedfa7b5-8b8c-433d-97b1-599640994fe5,qnayar@upi,diya27@upi,4445.26,2026-08-26T04:25:32,Bengaluru,4c2a3569-70e,0,9,0
8395e8ae-02bc-46b9-9c59-eeba7b0597d0,sarinanirudh@upi,bhavyamandal@upi,4837.99,2026-09-03T16:04:13,Akola,6f6b6ab6-2ba,0,16,0
4fdf0f2b-21ae-4690-8acc-43dac2c62ed9,harrisonrai@upi,gauriganguly@upi,1482.77,2026-07-21T12:24:56,Delhi,e7816626-028,0,12,0
3eb9ae29-eace-40d4-a830-09383f52d851,vedamalhotra@upi,nihalshere@upi,2539.11,2026-09-10T09:57:27,Bengaluru,e558806d-c5f,0,9,0
cc06889d-b555-4611-b3b6-7df1a8c8b1a3,zarnapathak@upi,krishnanvanya@upi,3106.94,2026-08-01T19:46:04,Delhi,1812699a-1b3,0,19,0
7aed333b-ca86-4ba3-a284-5ff574789ad7,bnayar@upi,soodyadavi@upi,3426.23,2026-08-04T18:43:40,Delhi,9ae0f61e-249,0,18,0
042361bd-7690-4c44-a1a3-8eff009967cf,bariaazaan@upi,nihalshere@upi,4497.78,2026-09-09T04:43:09,Pune,88c64c48-2d1,0,7,0
e528e209-92a0-4f38-bb2e-a0411e2219d9,pandeychanchal@upi,pavani85@upi,1542.59,2026-08-27T11:26:42,Kolkata,864a2d04-55f,0,11,0
23bffd8f-3c23-4893-a452-47eb25bb10dd,pavani85@upi,gauriganguly@upi,2704.61,2026-08-29T09:29:30,Bengaluru,f45333eb-f0e,0,9,0
ae08449c-9612-4020-bab6-98975822a9e1,raigunbir@upi,sudiksha89@upi,2609.01,2026-07-23T14:27:41,Chennai,81bf5faf-76e,0,14,0
e3c96e14-ef0f-48c3-86c5-92448e60b291,chakradevbarad@upi,kalpit42@upi,1706.79,2026-07-05T00:44:49,Mumbai,a0208131-c51,0,14,0
c9876b07-3b96-4e43-91d4-860d6ee71f71,bcherian@upi,bcherian@upi,3858.93,2026-07-23T23:31:53,Delhi,c441206e-dd2,0,23,0
1d900b1c-6aee-4812-97fc-0e2a103cdabc,ksehgal@upi,hrattan@upi,1269.26,2026-09-04T10:56:29,Bengaluru,c2d55ab7-5eb,0,10,0
d1951c5f-ba11-4a32-999d-d62b109cfb54,baldevika@upi,raksha87@upi,4976.82,2026-08-07T20:44:20,Delhi,d32ca56c-31d,0,20,0
193a1719-201d-4146-b694-203013ec036b,krishnanvanya@upi,theodore28@upi,4565.65,2026-09-07T13:05:12,Bengaluru,8ff5ffba-9c3,0,13,0
c5f751df-a3b2-4bac-9836-e30c3d9bf5f3,bnayar@upi,zarnapathak@upi,3565.72,2026-06-30T22:22:28,Bengaluru,9ae0f61e-249,0,22,0
1eed4827-4b7b-4f17-8a16-8ca5c878df1f,onadig@upi,isha34@upi,1303.9,2026-08-02T05:34:25,Hyderabad,2edf66dc-30a,0,13,0
c3918362-686f-4643-92a0-7c21507191cc,ekantika31@upi,pandeychanchal@upi,2911.04,2026-08-19T08:00:10,Delhi,c10de943-186,0,8,0
3948a813-96d4-4dce-bdf5-a484fa452d88,mananbakshi@upi,esawhney@upi,608.17,2026-08-21T22:13:19,Mumbai,bbc34ec7-2f8,0,22,0
c1356b8b-2f06-4584-a64c-0948ebe64fd0,jonathansolanki@upi,indali23@upi,2379.2,2026-08-04T13:44:22,Pune,2744506e-bbb,0,13,0
01d1ce0b-0ec5-4f72-b54e-7d8985aabfc3,lalpranav@upi,dugalnakul@upi,3720.67,2026-08-22T21:53:22,Pune,4246c913-061,0,21,0
d7f557a8-01ed-4ade-a67d-113f73ed7f35,kom@upi,dugalnakul@upi,4267.44,2026-07-25T07:30:36,Akola,4bc2a128-c81,0,7,0
23a36989-5d47-49ad-91c8-97b40b1025e2,hyadav@upi,indira19@upi,34533.52,2026-07-01T04:02:42,Akola,681cc60b-0fa,1,4,1
a907dce7-4b81-4ac4-9d4d-fa44d6ffa6f2,kakardivya@upi,ekapadjohal@upi,4867.71,2026-08-15T14:40:46,Pune,5f331193-cf1,0,14,0
d29b69e1-588f-48f2-b9b9-a3419de735e2,aviramesh@upi,bhandarijyoti@upi,730.58,2026-07-20T12:21:59,Pune,ce2fa891-0b2,0,12,0
efedf0b2-6936-4eac-916e-ae8d52933b28,patrickvasa@upi,chandani64@upi,1009.52,2026-08-30T03:46:03,Chennai,5486ec5a-863,0,10,0
eb62c5ab-4577-4065-aff4-fec0d0d4a0a8,raksha87@upi,bhatvarenya@upi,2033.09,2026-09-19T06:05:26,Delhi,cd38bc87-080,0,6,0
c45e8026-d3e1-419d-8118-37ea15bf1d81,rudra61@upi,frederickkhurana@upi,4624.66,2026-07-31T20:00:31,Mumbai,6ae81ea1-31b,0,20,0
ffa3049b-52a1-43ff-9004-ce9e8502c06d,randhawaanvi@upi,esawhney@upi,2472.82,2026-07-28T09:13:42,Hyderabad,4e527681-5a1,0,9,0
5e097292-4ba9-4c00-9e83-1620c0fb4c27,roak@upi,aradhanaverma@upi,2375.34,2026-07-09T10:18:47,Bengaluru,caf157f1-769,0,10,0
ac701d75-b74a-4789-90ea-b7bd54cc9b51,sarinanirudh@upi,eyohannan@upi,3326.55,2026-09-07T16:56:13,Bengaluru,6f6b6ab6-2ba,0,16,0
91a86028-1601-409f-b24c-52cd53dc19e8,znori@upi,ssahni@upi,3857.54,2026-08-16T08:55:49,Pune,575ce5f1-951,0,8,0
4b17035f-858e-4da8-864d-532bfee9563a,pchhabra@upi,teerth09@upi,1200.42,2026-09-09T22:44:36,Delhi,cecd6417-13d,0,22,0
1f0678a5-2dd9-465d-93fb-4eb72aa7b4e1,raigunbir@upi,aradhanaverma@upi,4606.05,2026-08-19T18:58:37,Pune,81bf5faf-76e,0,18,0
93f138df-eba8-40c9-b956-8d207058fc85,harini14@upi,faqidsavant@upi,194.98,2026-08-28T01:07:46,Mumbai,5f85b4a0-39c,0,7,0
a77bda0f-8611-4ffa-8215-7003a21f1ea1,yashica40@upi,gautammerchant@upi,4962.33,2026-07-26T11:30:11,Delhi,4f00d0f2-cb4,0,11,0
4b896059-dbc3-4566-8994-1ac901666042,urvibhavsar@upi,raksha87@upi,4853.93,2026-08-07T06:34:37,Kolkata,2b85036e-d5d,0,6,0
0f7dd7b3-309e-4178-ae79-000b7af8e9e8,dateanvi@upi,aishanibumb@upi,3330.6,2026-07-22T04:23:03,Delhi,61876a84-17b,0,22,0
e1d1f4cb-5edb-405e-aad4-73d74567439f,osharamachandran@upi,raksha87@upi,4528.95,2026-08-19T23:32:16,Mumbai,29194246-377,0,23,0
ed1e44fa-6464-4278-b766-591e599a4efc,isha34@upi,randhawaanvi@upi,2826.39,2026-07-15T12:23:53,Kolkata,8fc07b5e-994,0,12,0
2bdb1f50-be5f-4dea-8bff-2d88e4f8465b,ishaanshenoy@upi,utkarsh52@upi,1157.66,2026-07-18T04:31:43,Hyderabad,d25bdbcf-05d,0,15,0
770630e6-2922-41c4-92db-7a2638497582,mray@upi,upai@upi,4680.3,2026-07-26T07:06:28,Kolkata,4d9d1830-dbb,0,7,0
dc152cc5-4efb-40c8-b514-fba818754a51,fsamra@upi,nattdominic@upi,1667.82,2026-09-21T11:49:48,Pune,16d95fa1-3ca,0,11,0
4677599f-b397-4b62-8901-fb7bf7eb2324,timothy17@upi,gautammerchant@upi,1539.4,2026-08-13T14:22:48,Pune,7750feff-f48,0,14,0
2e1e366e-cb8f-4e1d-aba5-c18dbb313519,vedamalhotra@upi,indira19@upi,2920.46,2026-08-16T00:04:43,Mumbai,e558806d-c5f,0,14,0
2e415f3d-1379-4f62-aa8f-191e0a6ef220,ranbir39@upi,utkarsh52@upi,3821.55,2026-07-26T08:09:19,Chennai,06491864-379,0,8,0
2c113a8b-f41c-4308-911f-63ba4c060080,qpandya@upi,finn70@upi,252.4,2026-09-17T17:26:12,Mumbai,420fdf64-228,0,17,0
d3f0bbcf-2c91-4fa9-9e99-aba260012b14,anamikayohannan@upi,rudra61@upi,3309.36,2026-07-23T03:14:22,Bengaluru,588457f2-bbd,0,22,0
b67a06df-5cce-4eeb-9b10-1fac66bd4e03,bhattvamakshi@upi,fsamra@upi,3050.73,2026-08-12T12:56:43,Delhi,b4b08621-6b3,0,12,0
59ab6199-184a-458f-a3ea-007329d0ad25,baldevika@upi,jasmitwali@upi,2826.38,2026-07-09T06:34:12,Pune,d32ca56c-31d,0,6,0
60080eb8-6473-4fb4-8a9e-d30e388e4c58,balangirik@upi,ishakuruvilla@upi,4813.1,2026-07-23T20:10:47,Kolkata,1960d8de-cb3,0,20,0
e4fdf72a-aea0-4591-83bd-879484bd88d4,pradhankalpit@upi,yauvanicomar@upi,28361.78,2026-07-22T01:39:33,Mumbai,cefd7d45-b8c,1,1,1
1eb12123-c2c9-4a02-aaf4-714497cf913e,baraldayamai@upi,suhaninarain@upi,4886.44,2026-09-14T00:47:55,Kolkata,3f9b0bda-4d2,0,10,0
e28c7c73-0446-4239-a0c9-f0c15845998f,fswamy@upi,dharazaan@upi,3832.71,2026-08-28T08:42:51,Chennai,ffe1ecd3-cab,0,8,0
81cb8a4e-8e55-4bec-b55c-ec8cb72996d3,suhaninarain@upi,mananbakshi@upi,2156.24,2026-07-01T07:35:17,Akola,eeef38f2-0d4,0,7,0
52e890b2-1c38-4a95-b17b-540a73b52e1c,alkadewan@upi,aviramesh@upi,648.97,2026-09-09T10:54:22,Pune,a481934d-88c,0,10,0
0b696376-5f7f-485b-99d0-e875d1b9f624,jasmitwali@upi,odhar@upi,4550.2,2026-07-28T23:23:37,Chennai,c7e0aeac-11c,0,23,0
a37d631c-4d30-49dc-9e31-8d76bb4f71b4,gauriganguly@upi,krishnanvanya@upi,1376.05,2026-08-03T15:33:29,Akola,c72e7ae4-f85,0,15,0
04a6d563-c29b-4501-80d5-ff42bb2903a5,krishnarama@upi,timothy17@upi,4510.99,2026-08-30T19:48:45,Bengaluru,12ee3893-8c0,0,19,0
58dcf9bf-8b9e-46c2-ab3b-736675756371,janujasankar@upi,rudra61@upi,3247.82,2026-08-30T23:21:00,Chennai,9939ea42-a08,0,23,0
0949ccb0-fd3f-4309-bca1-467e121ee3b4,fsamra@upi,pchhabra@upi,4178.84,2026-08-23T08:11:44,Hyderabad,16d95fa1-3ca,0,8,0
35ac2e76-ac4e-4fb1-98f9-37991c5b0f1d,qwadhwa@upi,utkarsh52@upi,27327.82,2026-07-27T04:14:20,Delhi,adced7a3-7e1,1,4,1
f01af441-180f-4950-a07d-3b12db1e4bf6,owen10@upi,cswaminathan@upi,3525.36,2026-09-17T23:28:52,Delhi,2a881e5f-0a3,0,23,0
0cae5c1e-eb0e-447f-958f-66e310768385,osharaghavan@upi,desaiaishani@upi,3692.02,2026-07-06T03:48:02,Mumbai,ad326f07-fe5,0,18,0
59e64587-86fe-457c-92a7-b0d1f1f76037,devimatthew@upi,indirakanda@upi,4091.65,2026-09-22T20:42:02,Chennai,a1b0f18a-d9c,0,20,0
d0ec4280-5a39-42d7-b345-48ace43b8f5a,raksha87@upi,qvyas@upi,47164.63,2026-08-05T03:45:14,Hyderabad,30c8a652-f65,1,3,1
4bb6b728-7632-477e-994d-8f4f77db2fcd,bhavani27@upi,dayamai55@upi,2396.25,2026-09-09T09:39:04,Mumbai,527b9e26-830,0,9,0
5a92d272-3713-47b6-9339-2b76a96a3bbb,kakardivya@upi,borramanthan@upi,12040.4,2026-09-23T04:03:14,Hyderabad,58ee6880-b3e,1,4,1
af6599ff-65d1-44e1-8ca1-495216593270,patrickvasa@upi,sahaupkaar@upi,4615.76,2026-08-11T18:09:18,Mumbai,5486ec5a-863,0,18,0
dcdf2d12-ad16-4b5c-8c4e-3ce3e28cfa73,hritikpalla@upi,mkapadia@upi,1308.73,2026-09-10T10:56:51,Bengaluru,72907c22-57a,0,10,0
1749688c-8ea8-4fc7-a3b3-972f6e25cc13,rajanranveer@upi,alkadewan@upi,712.72,2026-09-25T05:32:26,Kolkata,d345db24-261,0,14,0
2fb2d436-1271-4eef-b6ac-be9b8350c4c8,triyagopal@upi,nidhikohli@upi,441.6,2026-07-24T06:31:56,Akola,6fa13b38-3c4,0,6,0
1899321a-d9c3-43ec-8610-ca94f17d30e4,diya27@upi,krishnanvanya@upi,905.4,2026-08-13T11:04:33,Pune,ddd946f9-d4c,0,11,0
c00a7377-3295-45ea-9883-fd14748af209,frederickkhurana@upi,shagaurang@upi,4768.8,2026-09-17T13:23:40,Kolkata,5469bd7e-cfb,0,13,0
781c8649-fd22-4a4b-b616-6eddf2a72f03,shivansh53@upi,urvashi66@upi,1399.64,2026-08-24T19:14:25,Bengaluru,40f069c3-46c,0,19,0
c8f4bf07-a172-4146-90e7-600e3bc16fc8,zaidchauhan@upi,daksh45@upi,4209.88,2026-09-09T03:14:15,Pune,f25fae62-8b8,0,16,0
2a0e5d51-7e54-4040-8757-31d393198411,daksh45@upi,fsamra@upi,3055.51,2026-08-07T07:10:26,Bengaluru,072ac257-0f0,0,7,0
214147b8-bd01-4bfc-97a6-f1c55d6dced8,baldevika@upi,karnikazad@upi,1482.76,2026-09-12T10:01:27,Delhi,d32ca56c-31d,0,10,0
d7ef6af0-4c3f-446c-8677-e9eb128b4c21,udantbajwa@upi,sawhneyojas@upi,2501.1,2026-07-30T23:41:31,Bengaluru,cce36fe7-c93,0,23,0
c82c14c0-c3c2-40f2-a304-d2bb0c3b08ba,vinayakanda@upi,patrickvasa@upi,4850.36,2026-08-03T14:31:59,Kolkata,23fef535-1f4,0,14,0
899c5257-2e14-4003-b67a-c28c34005fa3,bhavyamandal@upi,sawhneyojas@upi,3266.69,2026-08-12T00:48:00,Akola,dc1c0b6c-2bd,0,19,0
d9a3f490-8270-4065-b4a5-60368d466158,kakardivya@upi,randhawaanvi@upi,3525.38,2026-09-16T00:14:53,Mumbai,5f331193-cf1,0,12,0
c0df7eef-0242-4575-b35c-379c933993f7,amaradeep@upi,osharaghavan@upi,3430.66,2026-08-26T15:23:03,Bengaluru,c542da04-786,0,15,0
cfbba11d-daa1-437a-82bb-2ecadec7f3a9,pchhabra@upi,qvyas@upi,4909.29,2026-08-02T01:08:40,Akola,cecd6417-13d,0,21,0
cbb22c62-ef80-48c1-8c04-bf29441eb330,uaurora@upi,qwadhwa@upi,872.68,2026-08-15T21:52:50,Kolkata,ee6efdd6-203,0,21,0
e3801177-45dd-4a59-860e-d678d573bf23,hrattan@upi,vamakshi82@upi,2334.17,2026-08-06T06:41:19,Delhi,c3f5975c-ac9,0,6,0
9682ac79-9da8-4a75-8980-fd6462754dd6,karnikekansh@upi,onikannan@upi,3256.57,2026-08-25T23:32:53,Bengaluru,9ebe94a8-d7f,0,23,0
47bbb03c-2f21-4673-9495-66d4e1894e1e,triyagopal@upi,ishakuruvilla@upi,1699.78,2026-07-23T18:35:08,Mumbai,6fa13b38-3c4,0,18,0
37076049-769b-44de-b264-32844b99c96d,sidhudaksha@upi,patrickvasa@upi,2857.35,2026-09-12T05:57:05,Akola,79c4350e-7bd,0,9,0
edc4bd5c-b883-4a17-98d2-dcb8119e36a7,teerth77@upi,modibhavini@upi,1878.7,2026-07-28T10:01:31,Mumbai,195c66ab-c8b,0,10,0
86a180cc-236a-40d8-806f-e1b3cc152251,osachdeva@upi,shivansh53@upi,2604.17,2026-09-03T05:12:34,Bengaluru,5fbc55ef-2de,0,17,0
3b0b7678-e220-4c2a-90cf-50bb9d947429,triyagopal@upi,urvashi66@upi,2563.06,2026-08-29T08:52:59,Mumbai,6fa13b38-3c4,0,8,0
1a0d2390-6bb6-4c18-bb7a-785f55a66ac9,jasmitwali@upi,michaelborra@upi,2178.07,2026-07-29T18:26:26,Hyderabad,c7e0aeac-11c,0,18,0
c5761990-37da-4198-a534-bf6d325ea3fc,ikakar@upi,bhavnakaran@upi,40241.66,2026-07-21T01:56:03,Pune,1ca1ee9c-8ea,1,1,1
4f05f831-7158-4f86-b4d3-dbbdf22be76a,dayamai55@upi,qvyas@upi,2358.27,2026-09-06T17:05:07,Bengaluru,4e7f1479-d7f,0,17,0
2d9c7234-62c3-4323-b98b-85e751d8f21b,avarkey@upi,borramanthan@upi,3482.84,2026-07-10T16:27:11,Kolkata,2060d1a2-7a7,0,16,0
06eb0523-9d96-4a3c-8fac-cf3461f81b9c,jasmitwali@upi,amol24@upi,1495.85,2026-08-24T08:38:31,Hyderabad,c7e0aeac-11c,0,8,0
0cd0fc88-9fca-4d0f-803a-c670661b34bb,upmavenkataraman@upi,fchaudhary@upi,3709.06,2026-09-03T11:43:23,Delhi,38c9fa48-2f9,0,11,0
c05578a7-24d4-4250-a23f-0aa85fd831ee,bhattvamakshi@upi,cdatta@upi,19062.06,2026-09-19T00:15:42,Chennai,deba400b-68b,1,0,1
e6d08cc3-941a-413b-a256-14f2d8da761a,hrattan@upi,amblesamarth@upi,4335.42,2026-08-31T02:19:33,Mumbai,c3f5975c-ac9,0,10,0
39bd0157-5d82-496b-aec7-1b5ee66be4af,dhaliwalupkaar@upi,gautammerchant@upi,2953.72,2026-07-22T11:47:29,Bengaluru,7a9a9350-e0a,0,11,0
59bdc2a4-1abd-469c-89a2-0c8edbb122dc,aarnavrege@upi,chakradevbarad@upi,916.42,2026-07-31T17:37:45,Delhi,33daedc4-9e0,0,17,0
36a148f8-4e0b-45ac-a1dd-e2374aa62a96,mangalwahab@upi,shagaurang@upi,4100.97,2026-09-06T13:13:28,Bengaluru,ddfc0db5-5e5,0,13,0
b15dac75-273b-43e5-96d6-74642816a550,soodyadavi@upi,yashawinilanka@upi,1487.74,2026-08-23T09:26:58,Hyderabad,82f6eeaf-083,0,9,0
d9b23a66-9a63-41ec-a030-26574d6f5010,rsathe@upi,diya27@upi,4525.65,2026-08-31T04:46:46,Bengaluru,b4287f0f-ef4,0,20,0
6da9f037-34e0-4a15-bfe3-732d4863e487,ekantika31@upi,urvibhavsar@upi,4030.23,2026-08-13T13:23:56,Chennai,c10de943-186,0,13,0
96fdd0b2-5d8e-471b-b72e-873fcf3bcb7c,yauvanicomar@upi,aarnavrege@upi,57773.56,2026-07-26T23:27:09,Pune,ac34b32e-da0,1,23,1
e12025fa-716d-4154-8923-5fc43667dba7,twalia@upi,qatwal@upi,3618.97,2026-09-16T09:36:41,Chennai,a3de5c1a-f8a,0,9,0
ebaa7c4e-aef7-4e6c-b3c8-80ada314a9ef,alkadewan@upi,farhanchada@upi,4424.82,2026-08-22T02:32:54,Pune,a481934d-88c,0,8,0
7c6f2b55-d520-430a-b8bc-a8d9076f491d,urvibhavsar@upi,sidhudaksha@upi,779.51,2026-09-13T22:21:54,Hyderabad,2b85036e-d5d,0,22,0
30ea1567-dae9-4653-80d8-cdbd17f5c162,hyadav@upi,kibeharsh@upi,85930.48,2026-09-08T02:02:42,Delhi,70572524-1b2,1,2,1
5ee1d8cf-e01d-4e4b-8ef3-711295a59ab1,patrickvasa@upi,jonathansolanki@upi,2287.8,2026-09-15T10:55:34,Pune,5486ec5a-863,0,10,0
63ef9e88-e207-4cd5-a8eb-974232e32139,amol24@upi,randhawaanvi@upi,4890.58,2026-08-13T00:19:15,Akola,8937ded1-b0c,0,10,0
3a530de4-0c6f-48af-b17f-454a986ff149,janujapradhan@upi,amol24@upi,4292.7,2026-08-01T01:36:16,Pune,9c9396c8-258,0,13,0
dce716aa-f8b3-4ebe-8475-6f162d9ee0d1,chanderwarjas@upi,suhaninarain@upi,2909.04,2026-09-09T06:39:12,Chennai,803cb4f5-eb2,0,6,0
d0387ce0-9fb6-48d7-815e-824b142d4d72,harrisonrai@upi,sudiksha89@upi,2446.95,2026-08-21T17:22:18,Bengaluru,e7816626-028,0,17,0
76b5c987-075d-4bd6-bf83-b51206285a59,esawhney@upi,dugalnakul@upi,516.91,2026-07-14T17:10:33,Chennai,23e5b872-dee,0,17,0
e30b3a29-a839-45c5-9b69-7b07655cd63c,daksh45@upi,randhawaanvi@upi,3652.9,2026-08-19T18:11:29,Pune,072ac257-0f0,0,18,0
23eebc5a-d229-4a2e-8d67-96a6dabe18b5,harini14@upi,aryasunder@upi,3490.5,2026-07-15T19:26:34,Hyderabad,5f85b4a0-39c,0,19,0
e975a49b-d3a8-498a-8012-f31e1d3a04d9,chandani64@upi,michaelborra@upi,2907.89,2026-07-29T20:38:00,Delhi,0a20b114-3c9,0,20,0
64fdd225-8b2b-45e7-8179-e4f213e28340,indira19@upi,nandinibhargava@upi,2764.72,2026-09-04T18:45:19,Pune,068a185b-655,0,18,0
a8a391df-8394-4134-8b07-852eba356218,osachdeva@upi,grewalekapad@upi,2905.37,2026-07-09T23:56:30,Pune,5fbc55ef-2de,0,23,0
671dba8b-2085-4a0d-aaac-e1fb870a7a0f,indali23@upi,charan16@upi,2824.26,2026-08-31T12:20:18,Delhi,56169905-4e3,0,12,0
77ff6f70-4bb3-416c-a1a9-35e7798d004e,maneupasna@upi,pushti49@upi,647.69,2026-07-10T03:06:27,Chennai,e7ceef85-245,0,13,0
b0843a6b-f55a-4869-a46f-e82380011ea2,upai@upi,bhavyamandal@upi,662.87,2026-07-16T18:20:26,Delhi,eb6db7d5-b4b,0,18,0
e87b26b0-5adb-4472-b941-877da07118e1,nandinibhargava@upi,dayamai55@upi,4899.94,2026-09-08T20:47:14,Bengaluru,48e3bd88-2ee,0,20,0
c0e58bd1-1cfd-4eed-88cc-52553954429d,bhavnakaran@upi,aviramesh@upi,196.65,2026-09-23T00:33:38,Hyderabad,acdecfc2-24d,0,21,0
e54e329a-edbb-4ca0-8283-165a4d734524,sarinanirudh@upi,grewalekapad@upi,3359.5,2026-09-15T05:20:41,Akola,6f6b6ab6-2ba,0,19,0
35f4f2b1-0fe9-4151-aee4-d1eea1279c04,trivenipathak@upi,vedamalhotra@upi,4512.15,2026-09-24T11:06:34,Bengaluru,6011f78b-818,0,11,0
45f27ec3-b578-429d-94f9-12ccd93a0ed0,hritikpalla@upi,udantdewan@upi,964.8,2026-09-09T12:53:02,Pune,72907c22-57a,0,12,0
dde7f838-0206-4800-b163-5ae517fb48c4,eyohannan@upi,onikannan@upi,33664.63,2026-07-21T02:05:02,Akola,135da924-ea7,1,2,1
9575653c-6468-4061-a0d9-3accdbdd48e6,pchhabra@upi,krishnarama@upi,2871.87,2026-08-17T12:41:55,Hyderabad,cecd6417-13d,0,12,0
ddea5009-670c-427a-a11d-99b988ba6fa3,amaradeep@upi,zaidchauhan@upi,3980.79,2026-07-21T09:10:42,Kolkata,c542da04-786,0,9,0
5c49d73b-a6b9-4086-a04e-e96628eb034f,alkadewan@upi,farhanchada@upi,4520.63,2026-09-10T08:53:25,Delhi,a481934d-88c,0,8,0
0d534564-7270-469c-9a1a-82190f43c1d8,utkarsh52@upi,baraldayamai@upi,1543.73,2026-07-25T09:44:58,Bengaluru,217f4f0c-209,0,9,0
82a1e1dc-6beb-4b0e-9fb3-42b890194c93,kalpit42@upi,pradhankalpit@upi,39334.83,2026-07-20T03:36:45,Akola,b37aaf18-86d,1,3,1
093c7c05-c5a0-4729-a05c-0fea11d674fb,qpandya@upi,michaelborra@upi,944.29,2026-07-28T06:18:29,Bengaluru,420fdf64-228,0,6,0
2b4b7cd1-e73c-41fd-b25c-1e65718aa706,aviramesh@upi,sudiksha89@upi,1603.53,2026-09-07T08:09:57,Delhi,ce2fa891-0b2,0,8,0
9d8f720d-4794-440f-b7a8-a27276de9a8b,karnikazad@upi,qnayar@upi,3343.35,2026-08-27T02:30:14,Mumbai,6f0a5b17-392,0,10,0
646b6fca-6b52-4c62-b0f1-0d202095a8c6,charan16@upi,dugalnakul@upi,272.4,2026-07-19T10:58:09,Bengaluru,027eadc5-718,0,10,0
85f648d2-f8dc-4f9b-84f5-6e196dd14dc6,ssahni@upi,qwadhwa@upi,829.18,2026-08-28T03:41:02,Mumbai,5a5477fd-633,0,9,0
1d4f28c6-a230-46af-a1ab-7518683a0b03,yashawinilanka@upi,ishaanshenoy@upi,4801.29,2026-08-03T11:14:36,Pune,f77e4bb1-6bd,0,11,0
f9c43ee1-1628-4d79-a80b-bd48b7fbaa61,petersachar@upi,borramanthan@upi,1278.94,2026-09-11T22:55:54,Bengaluru,dc7609f9-ab8,0,22,0
222597dc-9020-46fc-9ef2-38bf1096cde0,osachdeva@upi,uchandran@upi,3905.76,2026-09-26T12:17:09,Kolkata,5fbc55ef-2de,0,12,0
8fe63f0f-b80b-45d0-aae8-82e64ca61d03,advika35@upi,baldevika@upi,3561.3,2026-08-10T02:22:56,Chennai,c31a4817-673,0,12,0
b56f00e0-a818-4a4e-9378-8ec25a2eb44b,daksh58@upi,bhavnakaran@upi,2586.16,2026-08-23T19:37:45,Mumbai,b2da648a-195,0,19,0
b90a928e-fa30-4219-b993-124d4dd7e805,amol24@upi,frederickkhurana@upi,413.97,2026-07-25T04:40:38,Kolkata,8937ded1-b0c,0,8,0
c3f28a9e-a73e-4d4c-bec6-f0f7959b35d5,udantbajwa@upi,qnayar@upi,3468.78,2026-08-03T04:29:46,Chennai,cce36fe7-c93,0,16,0
b919c4ee-b90f-4d5b-a1ed-b6acd4b4f7f4,mkapadia@upi,suhani46@upi,2482.66,2026-08-16T04:29:37,Bengaluru,7e9eef66-f41,0,12,0
5df93e37-168e-4342-a01d-ceedee9a428f,nihalshere@upi,pradhankalpit@upi,4976.25,2026-07-05T15:49:58,Kolkata,fed80d2e-7e6,0,15,0
3bd0027f-646b-476f-8cc3-948a5708e558,ekapadjohal@upi,nihalshere@upi,862.98,2026-07-30T10:51:05,Kolkata,057e37c4-ccf,0,10,0
990a789f-f6d2-487a-a295-5838991b2cb7,ssahni@upi,bhatvarenya@upi,3384.68,2026-08-23T03:46:18,Mumbai,5a5477fd-633,0,9,0
b7a9516a-ad6a-4995-8b49-355d4879edff,hrattan@upi,janujasankar@upi,4491.23,2026-08-09T09:04:13,Pune,c3f5975c-ac9,0,9,0
b2883ebd-3d7c-4fbd-b71c-6ca8ca2e3c93,bnayar@upi,jonathansolanki@upi,873.38,2026-08-17T16:38:30,Mumbai,9ae0f61e-249,0,16,0
78f8d956-a5db-46aa-8446-b64a72501d90,atharv13@upi,mkapadia@upi,4457.92,2026-07-20T16:27:31,Bengaluru,42f27329-005,0,16,0
81d3f411-7850-48ef-9d6d-ba7e11112f4e,pandeychanchal@upi,ekaraj45@upi,649.96,2026-07-08T03:44:20,Akola,864a2d04-55f,0,17,0
279ce3b2-8aba-428d-b333-e1d109e94f28,bhandarijyoti@upi,udantbajwa@upi,1896.61,2026-08-25T17:09:19,Chennai,32dea559-1cb,0,17,0
9075177d-c258-46ec-be7c-00c02f19f345,vmerchant@upi,faqidsavant@upi,1147.79,2026-07-09T17:04:09,Chennai,af2f2527-a1c,0,17,0
104efd7d-6f1c-4ed5-97b0-7a948a941106,advika35@upi,daksh45@upi,34145.26,2026-09-09T03:38:19,Chennai,305cacf1-5b2,1,3,1
2f94cc4c-9098-49c3-8a56-03a6deb3aa09,chandani64@upi,mananbakshi@upi,897.44,2026-08-10T13:52:32,Akola,0a20b114-3c9,0,13,0
fb6020e2-6563-4f00-ab1f-446bd18accd7,farhanchada@upi,kom@upi,3364.74,2026-07-30T05:58:08,Hyderabad,d163c594-7f8,0,12,0
5c48a2a9-ce37-453a-9aec-2cc7c4635b56,krishnanvanya@upi,hyadav@upi,4271.49,2026-08-14T01:29:57,Kolkata,8ff5ffba-9c3,0,12,0
537865c1-085a-4ea5-bd5f-afa2e476fbbb,bhagatbrinda@upi,aryasunder@upi,4395.9,2026-08-16T18:55:41,Bengaluru,d766091e-4d5,0,18,0
f79343f3-e151-48b9-b6bb-af6ea69b0e51,upmavenkataraman@upi,pandeychanchal@upi,2236.36,2026-07-11T23:46:34,Hyderabad,38c9fa48-2f9,0,23,0
ca8b5557-4abb-4fc1-ad22-b79d0731e1ad,utkarsh52@upi,nidhikohli@upi,2885.66,2026-08-29T11:30:18,Hyderabad,217f4f0c-209,0,11,0
60960f01-7c5b-4048-b7c8-c8523a83e893,faqidsavant@upi,qpandya@upi,750.71,2026-08-08T22:57:20,Hyderabad,1ca35c16-a10,0,22,0
27fb8afa-a18b-407b-895d-2ea8525b70d2,aarnavmalhotra@upi,amblesamarth@upi,3535.03,2026-07-25T20:45:06,Pune,de316df9-cc5,0,20,0
421f0aa5-d780-4091-9b8e-d1e8f5d6d346,aradhanaverma@upi,bnayar@upi,2160.05,2026-08-11T22:55:31,Delhi,256a1951-b19,0,22,0
abcf8882-31ce-41b8-a15d-b19d3c59d916,ekapadjohal@upi,aarnavrege@upi,276.83,2026-09-01T10:27:33,Pune,057e37c4-ccf,0,10,0
2f1b9ddc-e61c-4365-a38d-8878e7f51391,owen10@upi,jkohli@upi,3317.39,2026-09-24T16:35:21,Kolkata,2a881e5f-0a3,0,16,0
5a56cdfa-4dc7-40ec-98bd-05bd6e89fc56,ansh98@upi,grewalekapad@upi,2908.5,2026-09-05T01:16:41,Akola,996b3a25-6da,0,14,0
0dcae19d-35ae-4412-8dbf-924f1e27a833,lakshmi51@upi,raksha87@upi,2057.26,2026-08-27T02:10:14,Pune,c26b652f-797,0,21,0
16522be5-6399-48c9-9fb1-9e37a3a15306,indali23@upi,owen10@upi,1576.69,2026-08-07T01:04:06,Akola,56169905-4e3,0,22,0
99aacc1c-067b-4e1c-ab83-e1a6c1c3f31b,osharamachandran@upi,jonathansolanki@upi,61.06,2026-06-30T04:43:29,Chennai,29194246-377,0,13,0
078362e9-2938-46f4-8776-43db51c5f1d9,kibeharsh@upi,eyohannan@upi,2592.74,2026-08-01T00:49:28,Mumbai,ff6d3c99-65e,0,20,0
8a5ddded-a8a3-41e4-a448-d22184c7ecc5,darsh64@upi,anamikayohannan@upi,3675.58,2026-09-21T19:51:04,Hyderabad,4991f5c6-f24,0,19,0
9077586e-7708-4168-971e-25f591052656,bhattvamakshi@upi,darsh64@upi,2500.38,2026-09-09T00:15:51,Delhi,b4b08621-6b3,0,12,0
1892a297-84a1-420f-8a81-4f4d3e3cf96d,baldevika@upi,bhattvamakshi@upi,4131.68,2026-07-27T12:23:10,Pune,d32ca56c-31d,0,12,0
0a42c42b-eb2f-4610-a05b-73a13a6dbf6e,krishnanvanya@upi,dayamai55@upi,351.85,2026-09-08T03:10:10,Hyderabad,8ff5ffba-9c3,0,19,0
5b8f0fa8-dd22-4927-a22b-ca047ba67ad7,bhavani27@upi,hritikpalla@upi,2285.2,2026-08-22T03:19:38,Pune,527b9e26-830,0,20,0
76e9660e-7ea4-47eb-906c-8be61de5226d,sidhudaksha@upi,chandani64@upi,736.12,2026-06-30T23:29:56,Kolkata,79c4350e-7bd,0,23,0
4e5e58b1-7565-4a10-8984-22933e76a416,ranbir39@upi,osachdeva@upi,3794.63,2026-07-02T14:01:25,Akola,06491864-379,0,14,0
2167e721-e0e3-4902-b405-0d394b57e62b,mray@upi,sudiksha89@upi,510.48,2026-09-24T06:41:56,Pune,4d9d1830-dbb,0,6,0
d01b3b30-e985-4c62-a071-dc8e1f7dae9e,jyoti29@upi,aryasunder@upi,1611.96,2026-08-02T05:11:20,Bengaluru,1b8449aa-325,0,13,0
d236f176-147d-40f1-bada-057e2830b2f9,qatwal@upi,utkarsh52@upi,2793.39,2026-08-24T11:34:07,Akola,cc16e930-bee,0,11,0
8206f19d-d3ce-4fc8-8126-5b1101e776c1,esawhney@upi,pandeychanchal@upi,1194.28,2026-07-13T02:59:43,Chennai,23e5b872-dee,0,10,0
0920a51f-5a96-41dc-b47c-96eeda44c343,dayamai55@upi,baldevika@upi,4029.29,2026-06-30T01:50:04,Bengaluru,4e7f1479-d7f,0,10,0
ccc17351-7e44-49a5-b102-34abd26a2903,amblesamarth@upi,fsarma@upi,3071.9,2026-09-05T02:57:03,Hyderabad,8afd62cd-bcc,0,17,0
82622be5-7c18-40d1-85b0-fc2fcee4f83b,pushtibal@upi,cswaminathan@upi,1967.71,2026-07-24T01:41:37,Akola,ef54e936-8e0,0,8,0
7fa93de1-411b-4fbe-bd9b-e88dd836befa,randhawaanvi@upi,ansh98@upi,2561.21,2026-08-14T00:11:01,Bengaluru,4e527681-5a1,0,12,0
dc5aeb51-58ec-4c53-9379-cc8adb0d4209,fchaudhary@upi,krishnanvanya@upi,3442.31,2026-09-20T07:09:39,Bengaluru,062a0cb9-2c4,0,7,0
6d00b23c-5c59-434b-88d0-059ff23f7a87,yashawinilanka@upi,mray@upi,1795.41,2026-08-15T09:46:11,Kolkata,f77e4bb1-6bd,0,9,0
e301444a-97d3-4c17-9d3d-c213e0552690,sudiksha89@upi,raksha87@upi,1647.26,2026-07-21T20:55:15,Pune,06dc236b-954,0,20,0
b765b7be-93e3-4b49-b78c-aa826a20ff16,sidhudaksha@upi,timothy17@upi,1578.89,2026-08-26T04:45:17,Pune,79c4350e-7bd,0,17,0
847f8fdb-c336-41a1-aca4-2e1765612103,ekantika31@upi,bhavyamandal@upi,2013.39,2026-09-08T06:43:32,Hyderabad,c10de943-186,0,6,0
70c3e7a8-efc7-446e-8a45-5e1d6e4d5a20,devimatthew@upi,yauvanicomar@upi,1438.99,2026-07-27T13:18:22,Delhi,a1b0f18a-d9c,0,13,0
92729940-8d00-4234-a107-4aa7ad67ee27,zarnapathak@upi,kom@upi,1353.32,2026-07-14T05:26:37,Kolkata,1812699a-1b3,0,15,0
e0d7bad9-5f99-4a89-a477-76e318992f31,patrickvasa@upi,dhaliwalupkaar@upi,1637.29,2026-08-16T20:04:09,Pune,5486ec5a-863,0,20,0
f1c16723-18ab-4055-8835-b00d3af37d6f,henry25@upi,cswaminathan@upi,1218.18,2026-09-25T08:16:39,Akola,166aa591-ee1,0,8,0
bfbe2c1c-6dea-4aad-8f38-e6cf093afcb9,fswamy@upi,yadavinarula@upi,3245.14,2026-08-31T20:23:53,Delhi,ffe1ecd3-cab,0,20,0
de5005ef-1706-46ca-9a89-5983642424cd,janujasankar@upi,cswaminathan@upi,4545.72,2026-08-10T03:56:26,Mumbai,9939ea42-a08,0,7,0
6464d6fc-e886-4acb-b6ba-10c1d13724db,ekapadjohal@upi,ishaanshenoy@upi,2244.75,2026-08-17T04:35:52,Pune,057e37c4-ccf,0,18,0
bab33ad0-67ae-4aae-9e7d-fc4e931b545d,upmavenkataraman@upi,finn70@upi,2774.95,2026-09-25T18:57:30,Hyderabad,38c9fa48-2f9,0,18,0
db23b2e2-26b3-46eb-9c56-6bd79579fd42,bhandarijyoti@upi,krishnarama@upi,4619.13,2026-08-12T15:06:07,Mumbai,32dea559-1cb,0,15,0
3235c6fb-408b-481d-968a-9041ef04de2c,priya51@upi,koshybalveer@upi,4977.03,2026-09-23T20:14:12,Pune,5f36b3fa-a9d,0,20,0
973a4c5b-ac5b-4ddd-9e9f-b3074b747fd0,onadig@upi,ansh98@upi,4195.51,2026-09-15T12:33:05,Kolkata,2edf66dc-30a,0,12,0
15498dd8-fa81-4df0-a162-a557b71f174c,krishnanvanya@upi,xiti28@upi,3134.75,2026-07-28T14:50:17,Kolkata,8ff5ffba-9c3,0,14,0
9509341e-a48c-429e-aefc-e158fea3beec,vinayakanda@upi,priya51@upi,1761.94,2026-09-06T15:26:15,Delhi,23fef535-1f4,0,15,0
af14bddc-24ab-4b36-9fcd-71dfcb2a6131,dateanvi@upi,soodyadavi@upi,1438.75,2026-07-29T11:02:29,Akola,61876a84-17b,0,11,0
8f454d75-79ef-4f40-b7e1-554272ebfb65,mananbakshi@upi,znori@upi,4461.92,2026-07-02T14:46:27,Pune,bbc34ec7-2f8,0,14,0
d3fde1ca-1838-4084-9273-ef43dae40d9c,khatrinathan@upi,bhavyamandal@upi,2141.69,2026-08-09T06:32:08,Delhi,67200f98-d64,0,6,0
3dccbde2-6a1a-4280-ba68-5075cf55fa1f,ojasvi77@upi,dugalnakul@upi,4138.25,2026-08-20T03:22:26,Hyderabad,436c8c6f-1ee,0,13,0
92310ab6-3b97-4bcb-b1b1-d568bd121a06,chanderwarjas@upi,utkarsh52@upi,1030.76,2026-07-01T22:43:05,Chennai,803cb4f5-eb2,0,22,0
5829457a-f4c0-4587-84ce-e0e5ab96cee4,amaradutta@upi,hritikpalla@upi,526.47,2026-08-02T01:10:15,Delhi,aa02a852-3bd,0,8,0
c1f07cc1-b360-4026-854e-854c9050fc6e,aarnavmalhotra@upi,koshybalveer@upi,636.34,2026-08-31T03:33:48,Chennai,de316df9-cc5,0,14,0
a1d8e29f-ab75-4105-971b-d50a4f30b592,faqidsavant@upi,ekaraj45@upi,227.37,2026-07-01T08:42:58,Mumbai,1ca35c16-a10,0,8,0
d60b9979-93df-416a-ab18-f4164d8aed62,pandeychanchal@upi,ishakuruvilla@upi,4232.03,2026-09-09T07:58:50,Chennai,864a2d04-55f,0,7,0
147a9f1d-85aa-41c5-9720-df65612dcb59,vlanka@upi,vmerchant@upi,816.98,2026-07-16T08:40:02,Hyderabad,a07327ee-ec0,0,8,0
aaa6b1de-6b76-4eee-9bb1-ac4f4dd36f40,ssahni@upi,shagaurang@upi,2009.7,2026-08-24T05:23:57,Hyderabad,5a5477fd-633,0,20,0
6b7586d8-b27b-49b2-a2e7-1d6569a5b5b6,zarnapathak@upi,ikakar@upi,3211.96,2026-07-12T15:59:40,Hyderabad,1812699a-1b3,0,15,0
38653835-7513-4523-849a-18a1d9fb384c,fsamra@upi,desaiaishani@upi,4630.9,2026-08-23T15:12:49,Chennai,16d95fa1-3ca,0,15,0
3314712f-6cf1-4421-8a6b-d6c47063eacd,kashviedwin@upi,nidhikohli@upi,1776.73,2026-07-04T07:12:45,Chennai,0696c6bf-850,0,7,0
feb90bb8-58e4-463b-a540-2e78c57a0347,mangalwahab@upi,aishanibumb@upi,2484.02,2026-06-30T13:29:20,Pune,ddfc0db5-5e5,0,13,0
b70675dd-c0d4-4387-812f-a8c1434630ce,nandinibhargava@upi,karnikekansh@upi,640.13,2026-08-30T11:35:35,Chennai,48e3bd88-2ee,0,11,0
7b049cb8-acc4-4b72-b6f8-19ed15bd7328,kabirsoman@upi,charan16@upi,3783.05,2026-08-27T11:42:51,Pune,6ef910ee-e62,0,11,0
97ad4476-2914-4528-a078-d427b38b2d88,zaidchauhan@upi,pandeychanchal@upi,2317.14,2026-09-13T18:14:00,Bengaluru,f25fae62-8b8,0,18,0
87591b5f-7b84-4c9a-9f54-d9ba3bc5a063,theodore28@upi,mananbakshi@upi,3220.37,2026-08-28T01:22:05,Chennai,bf68b038-433,0,19,0
aec5af15-3c47-4968-af4b-35d9b8dc6f03,choudhuryjanani@upi,sawhneyojas@upi,3040.66,2026-07-27T22:48:44,Bengaluru,4c93c7d1-a58,0,22,0
21b7c1d4-7623-4137-a7ba-d8720db58ef8,yashodadeshpande@upi,dhaliwalupkaar@upi,2848.74,2026-09-18T20:58:56,Chennai,976e20dc-d26,0,20,0
185199fc-971f-44ed-b090-dfb7ff3d063c,saumyadey@upi,koshybalveer@upi,2977.53,2026-07-11T19:03:26,Akola,a9e6a037-41e,0,19,0
ab6ec29a-a31e-4833-b375-8d4d0233acca,xiti28@upi,cswaminathan@upi,3609.75,2026-09-13T21:25:36,Mumbai,4a9d640c-559,0,21,0
229fba34-b915-4507-984f-1f765ec01b46,shagaurang@upi,osachdeva@upi,2658.38,2026-07-10T11:03:51,Pune,f2695b17-da3,0,11,0
e9642b1f-cf7e-43c0-a4d4-2dbba9d4ce5b,khatrinathan@upi,henry25@upi,2837.61,2026-07-06T06:42:30,Hyderabad,67200f98-d64,0,6,0
7ce6467b-4398-4551-9bb6-ecc38096c6a3,dateanvi@upi,indirakanda@upi,881.85,2026-08-31T11:25:33,Akola,61876a84-17b,0,11,0
dfc4220e-1c38-4892-850b-3e1953e681f7,indira19@upi,choudhuryjanani@upi,2016.88,2026-07-27T23:00:42,Pune,068a185b-655,0,23,0
7195f1d1-c25f-4a46-9d79-0f46ff40d13b,fchaudhary@upi,nattdominic@upi,993.52,2026-09-27T11:32:26,Bengaluru,062a0cb9-2c4,0,11,0
5f3946fd-5b9b-48c6-b7f9-86d336085cbb,yutika95@upi,droy@upi,1180.6,2026-09-10T03:35:29,Mumbai,534764bd-7d8,0,8,0
f4148d1b-496f-4dd3-bf61-dd954b1779f9,cdatta@upi,bhavyamandal@upi,2914.23,2026-07-14T17:06:08,Bengaluru,5549160f-884,0,17,0
66f92f50-fba8-48ab-b4bb-69fe4f819090,cdatta@upi,anamikayohannan@upi,2337.73,2026-09-03T20:09:02,Delhi,5549160f-884,0,20,0
c6081701-eab5-4876-a26a-8c4b9e2ce938,beramax@upi,qvyas@upi,3253.86,2026-07-05T22:34:26,Hyderabad,66663ca1-cbd,0,22,0
5c54981e-ee74-4d59-aec7-cd3d817ca94a,thamanorinder@upi,nathanielsami@upi,4678.13,2026-07-30T10:13:06,Mumbai,2a9bc1a4-1d0,0,10,0
f3e05d9f-f506-46d1-9cd8-b1df79587c42,thamanorinder@upi,nathanielsami@upi,4038.92,2026-09-06T18:51:29,Pune,2a9bc1a4-1d0,0,18,0
b2e0a605-f9f3-4fd3-b81a-59b560d3f448,saumyadey@upi,mangalwahab@upi,2258.79,2026-09-01T21:13:06,Bengaluru,a9e6a037-41e,0,21,0
f66bcaa9-7f77-400b-b707-496d3495203b,timothy17@upi,ssahni@upi,65.23,2026-08-04T21:07:22,Pune,7750feff-f48,0,21,0
8e3ad2f3-0e88-45b0-9534-56776aaa1f9f,desaiaishani@upi,nandinibhargava@upi,1012.53,2026-07-15T22:36:11,Akola,3be7191f-103,0,22,0
557796ca-5cc8-4b60-b17c-8fd8f39f3841,desaiaishani@upi,raigunbir@upi,4485.21,2026-09-16T17:01:33,Bengaluru,3be7191f-103,0,17,0
f498d38f-9cfa-4955-a670-effeb1c319ca,mangalwahab@upi,dateanvi@upi,2627.21,2026-07-27T18:23:31,Kolkata,ddfc0db5-5e5,0,18,0
60b83d79-cea7-48fb-97da-168d419b73a8,onikannan@upi,ishaanshenoy@upi,4790.99,2026-06-30T02:37:57,Pune,3986b98f-c16,0,13,0
27017b94-8ae5-44b5-a674-5cac9f3fe157,indali23@upi,amol24@upi,1388.11,2026-07-12T13:43:54,Delhi,56169905-4e3,0,13,0
26703605-b2f9-47f0-bc42-e104726e67a9,onadig@upi,rsathe@upi,599.19,2026-09-05T10:19:39,Hyderabad,2edf66dc-30a,0,10,0
53dd0c86-dd40-49b5-ae55-55858353908c,anamikayohannan@upi,raksha87@upi,2716.8,2026-09-02T22:45:37,Kolkata,588457f2-bbd,0,22,0
1a82f0b9-8d3c-47cc-97f5-a1821f737d52,pchhabra@upi,chakradevbarad@upi,4191.65,2026-09-02T23:40:11,Kolkata,cecd6417-13d,0,23,0
b4aa0a33-3241-4f0a-a233-03917374d2ce,baldevika@upi,yashica40@upi,3348.34,2026-06-30T03:21:03,Chennai,d32ca56c-31d,0,13,0
b5659129-709e-48a2-ac65-a4acddab28d9,odhar@upi,ekarajbath@upi,12466.01,2026-07-16T04:50:28,Hyderabad,b3aa6f25-37e,1,4,1
62e0f488-8b10-468d-9f81-b7d7b7ecb861,sarinanirudh@upi,vedamalhotra@upi,1198.57,2026-09-13T20:40:02,Mumbai,6f6b6ab6-2ba,0,20,0
8e822c66-0897-49fd-ba7a-a405ec143247,upmavenkataraman@upi,bhavyamandal@upi,972.77,2026-08-09T19:29:35,Kolkata,38c9fa48-2f9,0,19,0
4a559881-8da7-4e0c-94d1-1cd10b3f33b5,choudhuryjanani@upi,kakardivya@upi,3866.12,2026-08-17T22:14:03,Delhi,4c93c7d1-a58,0,22,0
7ea65fe0-573f-4468-8d87-124c83a9d526,utkarsh52@upi,kakardivya@upi,1879.23,2026-07-10T01:03:19,Hyderabad,217f4f0c-209,0,20,0
99da7119-cb44-40f9-bbac-7483f1a87a5e,twalia@upi,udantbajwa@upi,4204.94,2026-09-21T01:32:13,Hyderabad,a3de5c1a-f8a,0,13,0
59a3262d-903b-4d50-8f83-85711b2fd56d,teerth77@upi,ekbalbhasin@upi,501.13,2026-09-05T08:15:27,Chennai,195c66ab-c8b,0,8,0
a3678ab6-bedb-4427-a0cf-40462cee4027,lshere@upi,rsathe@upi,549.52,2026-07-16T14:42:49,Kolkata,39597721-7f3,0,14,0
7de8f012-a23c-4dfc-b167-491b2ebede47,rudra61@upi,bnayar@upi,267.34,2026-09-11T12:40:45,Bengaluru,6ae81ea1-31b,0,12,0
60d88315-df84-469f-836f-8ee3531679eb,michaelborra@upi,sachdevanikita@upi,4754.92,2026-07-28T19:03:24,Delhi,b9b15ca7-23c,0,19,0
8301ed8f-5127-4314-bf07-5d7364598df5,petersachar@upi,teerth77@upi,55076.88,2026-08-03T02:40:13,Kolkata,a9a19ede-ac9,1,2,1
0ef042bb-29b1-4ad8-a04e-304f614a82b3,kibeharsh@upi,pavani85@upi,2305.14,2026-09-22T22:02:20,Kolkata,ff6d3c99-65e,0,22,0
ffba1c42-67a4-4b99-8c9c-a3f3b614edfd,krishnarama@upi,petersachar@upi,4215.06,2026-07-31T21:10:57,Pune,12ee3893-8c0,0,21,0
e037737f-436d-4e1d-a2c3-c5565d88ea0a,kalpit42@upi,aishanibumb@upi,4127.87,2026-08-27T05:24:32,Bengaluru,25b79fcc-aed,0,11,0
062dfeae-b826-401d-aa27-19a083bdb9bd,osharaghavan@upi,aradhanaverma@upi,4094.69,2026-09-22T12:17:35,Chennai,ad326f07-fe5,0,12,0
780efc9c-c05e-4c90-82ed-22032f716f54,zaidchauhan@upi,mkapadia@upi,4790.21,2026-08-27T12:58:19,Delhi,f25fae62-8b8,0,12,0
5ff13857-1991-49bd-8eb8-0f3a6ddc96e1,sahaupkaar@upi,upmavenkataraman@upi,1735.93,2026-09-23T05:47:54,Chennai,651e1852-8a4,0,17,0
560ef3c6-930d-49f2-bd5b-2275ce598845,desaiaishani@upi,owen10@upi,3297.06,2026-09-16T22:34:25,Kolkata,3be7191f-103,0,22,0
6c2141f8-55cf-45cc-8048-b1272a1a56e7,nihalshere@upi,anshbedi@upi,2499.2,2026-08-16T12:42:47,Akola,fed80d2e-7e6,0,12,0
b2293b88-dbaf-4393-8ab4-0b7cee5b14b3,saumyadey@upi,qnayar@upi,2374.89,2026-07-23T16:00:39,Kolkata,a9e6a037-41e,0,16,0
39a5c111-6598-4a61-83aa-c34767deb988,jkohli@upi,dateanvi@upi,2417.34,2026-09-11T08:53:20,Delhi,009786b3-cbb,0,8,0
a493c567-9565-475a-ac45-57799b392516,gauriganguly@upi,zaidchauhan@upi,1102.5,2026-07-12T03:31:19,Kolkata,c72e7ae4-f85,0,19,0
83423b7e-89c6-4794-843a-179547418ba6,thamanorinder@upi,bhandarijyoti@upi,300.36,2026-07-25T03:43:29,Akola,2a9bc1a4-1d0,0,14,0
f8e564fe-87a8-4842-8a52-c5a173b30d42,kalpit42@upi,utkarsh52@upi,4576.48,2026-09-03T10:23:06,Pune,25b79fcc-aed,0,10,0
98f03bc0-802c-42b3-91b3-082b7d5bdf8c,aradhanaverma@upi,trivenipathak@upi,3511.62,2026-08-02T07:23:46,Kolkata,256a1951-b19,0,7,0
99214a48-872a-44cd-8f52-67c31367c2fa,qpandya@upi,amaradeep@upi,2110.47,2026-08-02T04:33:05,Akola,420fdf64-228,0,15,0
59c60fe3-f983-49a3-a0d1-1511742baed9,harini14@upi,twalia@upi,4052.84,2026-09-23T13:02:36,Kolkata,5f85b4a0-39c,0,13,0
aecca34d-e5ef-4817-84b9-1d27db4fd473,urvashi66@upi,teerth77@upi,1930.01,2026-06-30T12:31:42,Chennai,f2baea33-475,0,12,0
08c2b050-70d5-48d1-bbe3-985940b088eb,rajanranveer@upi,droy@upi,4429.18,2026-09-02T19:13:31,Kolkata,d345db24-261,0,19,0
c2cfb3af-c717-4356-8203-e48b7dcb9262,uchandran@upi,upai@upi,2478.49,2026-08-14T22:12:05,Akola,ea9893d5-713,0,22,0
416dbca3-022b-4408-bddb-ff65b6cefa0e,theodore28@upi,raigunbir@upi,1267.35,2026-08-21T20:27:06,Akola,bf68b038-433,0,20,0
b77d8c32-3ddb-454b-8bc5-7c3b89e13456,ekantika31@upi,ekantika31@upi,2251.44,2026-07-05T11:35:59,Hyderabad,c10de943-186,0,11,0
1a665f06-9b2a-44e4-a050-c3ef8e8e3839,maneupasna@upi,upai@upi,558.94,2026-08-28T17:04:56,Hyderabad,e7ceef85-245,0,17,0
0480d811-9151-47d8-ab69-09d422d03d2d,bcherian@upi,karnikazad@upi,3970.48,2026-08-01T14:02:21,Chennai,c441206e-dd2,0,14,0
9f7c6937-7ae9-4593-8fe5-aae9251e75d7,bhavnakaran@upi,cdatta@upi,1130.13,2026-09-10T06:05:46,Hyderabad,acdecfc2-24d,0,6,0
76c60178-6f2f-4c15-8eef-8638d1951a94,pandeychanchal@upi,yadavinarula@upi,1309.92,2026-07-14T01:19:10,Delhi,864a2d04-55f,0,11,0
796a030f-3f5a-4a2b-8aad-752264ace4a0,choudhuryjanani@upi,jkohli@upi,2487.49,2026-09-26T01:40:01,Chennai,4c93c7d1-a58,0,10,0
cca9d6b9-0423-4106-bd76-9e0407eddbfe,aryasunder@upi,finn70@upi,1270.81,2026-09-18T05:21:19,Hyderabad,4ceb4c19-40d,0,20,0
fd6cd9e1-01b4-47a6-bd35-1e67361145f1,aviramesh@upi,patrickvasa@upi,2759.05,2026-09-11T20:30:02,Kolkata,ce2fa891-0b2,0,20,0
2a070047-295a-4972-93a2-613e8314d973,sawhneyojas@upi,sahaupkaar@upi,1585.29,2026-09-05T05:39:23,Bengaluru,925a5673-7ea,0,19,0
820a59b4-c903-46f0-9eef-71b0cd268ef2,droy@upi,charan16@upi,1852.9,2026-08-09T00:31:15,Delhi,554ccb59-53a,0,17,0
a4adb669-6cd6-45ba-a8c2-a2ee74299e64,ikakar@upi,frederickkhurana@upi,4854.99,2026-08-14T17:07:12,Pune,4e636d14-cda,0,17,0
672e910b-1b97-4f27-a238-e2cd35d9df38,oseth@upi,yashica40@upi,3602.65,2026-07-26T03:26:40,Delhi,d85c553b-6f2,0,17,0
f23774ad-c799-4094-bd63-2cb7ce581c43,amaradeep@upi,qpandya@upi,4247.95,2026-09-15T15:23:04,Pune,c542da04-786,0,15,0
4e5ba4b7-bdd4-4aca-96d3-99a248a968b7,othakur@upi,devimatthew@upi,4966.89,2026-06-30T05:00:03,Mumbai,bba7a234-41e,0,16,0
35b67518-bbb0-44c1-80ac-0290e96ca798,beramax@upi,kashviedwin@upi,3855.69,2026-08-06T04:31:26,Bengaluru,66663ca1-cbd,0,17,0
0503f15d-c695-48ef-a63a-598a4215ae65,alkadewan@upi,isha34@upi,143.09,2026-09-12T20:11:27,Kolkata,a481934d-88c,0,20,0
bead00b9-9e2f-42f6-88a0-6fb04b9a59e2,koshybalveer@upi,michaelborra@upi,510.66,2026-09-10T15:47:45,Chennai,53981699-769,0,15,0
fdeb0ad2-096c-4501-9f46-d50da9fcb2b2,udantdewan@upi,indira19@upi,463.28,2026-08-15T14:27:20,Chennai,66e63f8b-6eb,0,14,0
a4812c06-e12c-4e14-a8f5-ad4dcfdd5b84,yashawinilanka@upi,fswamy@upi,3747.11,2026-07-17T03:40:03,Bengaluru,f77e4bb1-6bd,0,7,0
b8a958e5-72d3-40f6-970d-6838315a35a5,amol24@upi,xiti28@upi,53.38,2026-09-09T15:19:37,Pune,8937ded1-b0c,0,15,0
3b3a8389-0e2b-4391-83b1-4cf1fbfa9c48,sidhudaksha@upi,bhavnakaran@upi,2044.72,2026-09-27T06:41:02,Chennai,79c4350e-7bd,0,6,0
07a8b1ff-b168-492c-9083-68f76198fc0c,nihalshere@upi,mkapadia@upi,1742.47,2026-08-19T02:37:40,Hyderabad,fed80d2e-7e6,0,22,0
8ade869d-95ad-47fd-a685-ea7bb8dafcdb,khatrinathan@upi,kalpit42@upi,2995.45,2026-08-28T09:27:45,Delhi,67200f98-d64,0,9,0
d6b57f5f-214d-451a-a516-893f10e1d234,raksha87@upi,dugalnakul@upi,2910.53,2026-07-04T06:05:43,Kolkata,cd38bc87-080,0,6,0
ac09226c-b443-4dea-b220-0a893cf7e735,aarnavmalhotra@upi,urvibhavsar@upi,3091.65,2026-08-16T14:42:21,Akola,de316df9-cc5,0,14,0
ae18859d-31b9-4e6a-9d80-d5aec6431d5d,priya51@upi,jasmitwali@upi,3684.62,2026-08-24T19:03:34,Akola,5f36b3fa-a9d,0,19,0
d4efbec0-2a00-411e-badc-f5c93c317612,uaurora@upi,onadig@upi,4862.84,2026-08-22T22:10:38,Chennai,ee6efdd6-203,0,22,0
ca60073f-9c7a-4d89-9974-18a6e5769ddb,owen10@upi,shivansh53@upi,1918.43,2026-09-25T14:01:49,Mumbai,2a881e5f-0a3,0,14,0
b63fdcce-c7ca-4a69-9faa-3d0f15ffca75,utkarsh52@upi,onadig@upi,4785.59,2026-08-28T14:17:28,Kolkata,217f4f0c-209,0,14,0
7034a376-3136-48a7-aeab-b02ca4b5ce35,dhaliwalupkaar@upi,karnikazad@upi,3225.33,2026-09-18T10:13:13,Chennai,7a9a9350-e0a,0,10,0
df17bcf8-e554-4433-95f1-c6075ae749cb,urvashi66@upi,baraldayamai@upi,1154.89,2026-09-03T14:28:46,Delhi,f2baea33-475,0,14,0
a3c87afc-3283-4112-8edd-ca9e3242a51b,sachdevanikita@upi,onadig@upi,476.29,2026-09-23T04:34:53,Chennai,84a60f35-56b,0,12,0
25d7d1ba-08fe-4724-899b-7fa5e927fc7c,janujapradhan@upi,upmavenkataraman@upi,1439.74,2026-07-18T04:26:13,Pune,9c9396c8-258,0,7,0
fd699687-7075-4769-92c6-cb914e0c18fa,sachdevanikita@upi,vamakshi82@upi,3458.23,2026-06-30T16:04:20,Bengaluru,84a60f35-56b,0,16,0
35488244-f936-4487-a841-122c76d9c894,mananbakshi@upi,thamanorinder@upi,864.46,2026-08-08T13:59:23,Kolkata,bbc34ec7-2f8,0,13,0
5331df1c-83a1-441e-b7fb-4310baa76d1f,ojasvi77@upi,ishaanshenoy@upi,806.05,2026-08-09T11:58:59,Delhi,436c8c6f-1ee,0,11,0
0cec47f0-5043-4eb1-9c09-275ce7636e27,onikannan@upi,bnayar@upi,2985.77,2026-09-10T08:20:36,Akola,3986b98f-c16,0,8,0
660c73f7-d5dd-47e5-bf54-48f74e660073,alkadewan@upi,rajanranveer@upi,3407.67,2026-09-09T06:27:06,Bengaluru,a481934d-88c,0,6,0
9e93d8a2-37dd-4de6-80d7-af4b9ce4232a,sawhneyojas@upi,darsh64@upi,1226.1,2026-08-08T02:06:29,Hyderabad,925a5673-7ea,0,8,0
39bc10ba-85e2-4d1d-9bee-0b35849d8f86,nandinibhargava@upi,gautammerchant@upi,2782.92,2026-07-25T19:10:28,Kolkata,48e3bd88-2ee,0,19,0
93fdcab5-2dac-4890-8f58-2584d5d5d5c2,hrattan@upi,choudhuryjanani@upi,95.21,2026-07-15T21:20:17,Chennai,c3f5975c-ac9,0,21,0
5e96235a-d7a4-4baa-911f-bb4ea7fdb380,vedamalhotra@upi,lakshmi51@upi,2629.52,2026-07-17T19:36:59,Akola,e558806d-c5f,0,19,0
129bf045-8963-4fe1-a2e0-e8ec7e1f3d04,henry25@upi,vmerchant@upi,1695.56,2026-07-24T01:53:11,Delhi,166aa591-ee1,0,10,0
c7c67a55-16d6-43c7-a853-dbb55d903285,utkarsh52@upi,shagaurang@upi,2262.99,2026-08-22T07:09:50,Delhi,217f4f0c-209,0,7,0
c99fa415-64c8-4264-b9e2-600843caa8b2,koshybalveer@upi,lakshmi51@upi,3042.69,2026-07-22T20:42:43,Akola,53981699-769,0,20,0
fd6ad041-44f6-4557-a860-5e257f845572,ranbir39@upi,othakur@upi,1615.98,2026-07-25T00:53:19,Chennai,06491864-379,0,19,0
8dc9a6e1-f46a-4dee-af62-1546812fa194,ojasvi77@upi,ishaanshenoy@upi,4626.35,2026-09-05T18:54:54,Hyderabad,436c8c6f-1ee,0,18,0
e58fe52d-4241-40a4-8553-6767d88aa11a,koshybalveer@upi,atharv13@upi,4771.39,2026-07-17T05:47:02,Hyderabad,53981699-769,0,12,0
6dc43fb9-d974-4d32-902a-90970a369318,khatrinathan@upi,pradhankalpit@upi,1014.0,2026-07-18T17:24:06,Pune,67200f98-d64,0,17,0
a51640ed-dbe8-42a6-adef-2a5eb5822144,yadavinarula@upi,ekantika31@upi,2698.74,2026-09-02T06:35:25,Kolkata,2dbf9870-7bf,0,6,0
2628597b-c461-4f1b-9bcc-a5c02b1b40c1,baraldayamai@upi,baraldayamai@upi,1980.41,2026-07-12T10:02:52,Kolkata,3f9b0bda-4d2,0,10,0
e5b0d1eb-1a2d-4416-8bbd-e33da943aa60,nattdominic@upi,teerth77@upi,2825.75,2026-09-19T22:09:18,Pune,a40028bd-8ea,0,22,0
a58709a5-17cb-43b4-ba54-9a453a6fff0e,znori@upi,henry25@upi,781.33,2026-08-08T04:59:03,Bengaluru,575ce5f1-951,0,16,0
35bb4af1-569a-45f7-b4b3-b565a5de20fb,sudiksha89@upi,devimatthew@upi,1896.95,2026-07-14T04:07:53,Bengaluru,06dc236b-954,0,20,0
33a343e7-7738-41db-b09c-dba213da7822,eyohannan@upi,osharaghavan@upi,3645.25,2026-08-17T03:13:43,Chennai,0f358453-475,0,15,0
060d95a5-ea1e-4d6b-bc6d-031d8fe7a462,yauvanicomar@upi,yashica46@upi,3964.3,2026-07-16T07:03:46,Pune,b458f741-708,0,7,0
e07238be-e6fb-4391-92b4-d82b44c5223f,chanderwarjas@upi,tanvi51@upi,4355.26,2026-08-12T11:49:23,Delhi,803cb4f5-eb2,0,11,0
38be95d5-ffc5-454b-ade7-bde63560a5ef,vamakshi82@upi,hrattan@upi,1897.86,2026-07-06T21:29:49,Bengaluru,54f56fb8-041,0,21,0
4b0f6db8-4b49-4a25-915f-763e1cc4fe87,jonathansolanki@upi,theodore28@upi,2104.51,2026-08-08T15:11:05,Bengaluru,2744506e-bbb,0,15,0
67c021b6-43c6-40e3-bb69-b87d869ba60a,gauriganguly@upi,atharv13@upi,1383.63,2026-07-04T17:49:49,Chennai,c72e7ae4-f85,0,17,0
ad545a09-47f6-49f3-979c-407c96d08e92,shroffbhavna@upi,chandani64@upi,97.06,2026-08-31T14:13:36,Hyderabad,b34f4617-f13,0,14,0
cf02eed1-f519-4836-91e1-2b7abd252111,hrattan@upi,cswaminathan@upi,34216.7,2026-08-12T02:08:16,Chennai,c535bffe-184,1,2,1
31b464d4-37d1-472c-904c-c2b2ad58e26e,dugalnakul@upi,utkarsh52@upi,4088.14,2026-09-15T18:23:14,Akola,88e8aa3c-ec0,0,18,0
b86d0057-effa-4f08-8b0c-9b502e56fbd2,ekaraj45@upi,indira19@upi,2648.61,2026-07-12T06:10:19,Pune,9046f951-c5c,0,6,0
65242633-d8cf-48d8-a804-6eeb84e80530,aviramesh@upi,karnikazad@upi,975.53,2026-08-17T06:29:45,Bengaluru,ce2fa891-0b2,0,6,0
05f17853-3793-4b5c-b485-d28c83a58956,bhatvarenya@upi,anamikayohannan@upi,557.28,2026-07-02T19:34:17,Pune,e7b4cbd8-66d,0,19,0
96bc3e06-4ade-490a-b4f2-4b2ac187b74d,bhavnakaran@upi,amol24@upi,2884.22,2026-08-27T14:25:49,Delhi,acdecfc2-24d,0,14,0
64ada317-3e1e-41fc-94fe-9ac8cf7a0ba2,onikannan@upi,ojasvi77@upi,1575.01,2026-08-12T22:25:44,Chennai,3986b98f-c16,0,22,0
9ec122df-60ad-4d54-a018-793283f2e760,hrattan@upi,aarnavmalhotra@upi,4208.6,2026-06-30T19:43:24,Kolkata,c3f5975c-ac9,0,19,0
79910633-c0f9-4c2c-88a3-496fc00edff7,chanderwarjas@upi,raksha87@upi,761.42,2026-08-12T21:15:32,Hyderabad,803cb4f5-eb2,0,21,0
f6e5cd0d-75f9-43ce-b2d3-9182c34ae86b,rudra61@upi,anshbedi@upi,650.13,2026-08-08T11:06:37,Pune,6ae81ea1-31b,0,11,0
5eb628f8-d0ca-4aca-a75c-0e724e04d383,jyoti29@upi,fswamy@upi,882.63,2026-07-25T03:12:14,Kolkata,1b8449aa-325,0,22,0
cf0eb67a-a877-443c-8e05-ecdc6eef753a,ikakar@upi,tanvi51@upi,3806.1,2026-08-27T06:08:08,Bengaluru,4e636d14-cda,0,6,0
c020bed5-75cc-4362-883d-96a193de7aa7,jyoti29@upi,soodyadavi@upi,484.02,2026-08-01T09:20:21,Delhi,1b8449aa-325,0,9,0
f3645e52-ffba-4667-8b54-8604298cf870,lshere@upi,raksha87@upi,1509.8,2026-07-26T10:53:47,Akola,39597721-7f3,0,10,0
3e6b071f-f939-466b-9b32-655af8438812,chakradevbarad@upi,fsarma@upi,1583.3,2026-07-09T23:53:19,Kolkata,a0208131-c51,0,23,0
bf47bd54-75c6-47c9-9bc5-ad559237b44d,lshere@upi,raigunbir@upi,73.11,2026-07-13T21:45:57,Pune,39597721-7f3,0,21,0
44270cfe-862c-43af-8df6-4158c07a7e1f,karnikekansh@upi,pavani85@upi,1462.81,2026-09-08T03:52:08,Mumbai,9ebe94a8-d7f,0,9,0
d28c10c7-36b9-42e4-bb72-5056a55c0324,karnikazad@upi,janujapradhan@upi,1413.52,2026-08-27T01:06:55,Chennai,6f0a5b17-392,0,19,0
b045a35f-60ec-4bfd-abde-0ad48a304aa4,ekarajbath@upi,advika35@upi,1098.95,2026-07-31T15:34:36,Mumbai,9134902d-876,0,15,0
32dd93a0-56df-48a5-bb51-417d10be9f2c,kalpit42@upi,desaiaishani@upi,2170.29,2026-07-08T06:53:34,Bengaluru,25b79fcc-aed,0,6,0
c365452b-47d7-4a7f-b68d-fc283e3e5aa9,ikakar@upi,pushtibal@upi,4319.81,2026-08-03T14:21:47,Hyderabad,4e636d14-cda,0,14,0
b420660b-7859-4613-a0af-c92b4f657c8b,zarnapathak@upi,vedamalhotra@upi,4574.92,2026-08-17T04:05:47,Pune,1812699a-1b3,0,18,0
50863233-020d-4382-9d8a-2cf7ee2bbde5,chanderwarjas@upi,ksehgal@upi,92999.77,2026-08-08T02:12:23,Bengaluru,71b8ac3c-100,1,2,1
8a20e87e-a92c-4b52-9707-977e4eeb153d,aarnavmalhotra@upi,mananbakshi@upi,916.31,2026-07-26T15:57:07,Akola,de316df9-cc5,0,15,0
0dcc413a-35af-493d-bc6a-ad1d0772acc7,krishnanvanya@upi,yashica40@upi,3804.18,2026-07-14T23:49:12,Akola,8ff5ffba-9c3,0,23,0
d23f2321-b0ec-4b84-a79e-f7cfb020154a,shivansh53@upi,charan16@upi,4501.59,2026-07-09T12:01:39,Mumbai,40f069c3-46c,0,12,0
88f2c43e-3af3-4c66-834e-c1c70d7466d0,ekapadjohal@upi,jasmitwali@upi,1301.19,2026-08-27T20:00:40,Mumbai,057e37c4-ccf,0,20,0
69d47a6d-d7cc-45d0-bba7-2558c6a627a6,michaelborra@upi,amaradutta@upi,4850.16,2026-07-16T21:46:19,Akola,b9b15ca7-23c,0,21,0
302da0f8-8d24-40ef-aff0-0fbd71b3ac8c,harini14@upi,devimatthew@upi,2311.34,2026-09-02T21:42:46,Hyderabad,5f85b4a0-39c,0,21,0
53eee97f-c0bf-4c8f-ac90-f08508eb2ec8,amaradutta@upi,krishnarama@upi,4942.49,2026-06-29T23:43:35,Akola,aa02a852-3bd,0,23,0
f63ad6a3-5d0e-4683-bb4f-2060255f6f96,shivansh53@upi,ekantika31@upi,38649.53,2026-09-22T00:06:14,Mumbai,942bce3b-f97,1,0,1
1ee34060-b8b7-4651-9127-789844407c8c,rajanranveer@upi,chanderwarjas@upi,994.47,2026-09-19T19:14:56,Mumbai,d345db24-261,0,19,0
7fcefb30-36a8-472f-9e02-10e3e61017dd,grewalekapad@upi,onikannan@upi,3850.52,2026-08-26T18:03:38,Bengaluru,48f0b03d-9d3,0,18,0
df3d3806-0760-406f-b8e4-43ac58f8afaa,osharamachandran@upi,qnayar@upi,2943.57,2026-08-11T20:11:40,Akola,29194246-377,0,20,0
9e511026-7e66-4b64-a335-deb84798c759,chandani64@upi,owen10@upi,801.05,2026-08-01T14:36:48,Hyderabad,0a20b114-3c9,0,14,0
5fc1f04b-3343-4e4b-8614-38828b017c1d,triyagopal@upi,ekapadjohal@upi,44234.23,2026-09-02T23:39:33,Delhi,18ca2c1a-131,1,23,1
e0fcbc07-4401-439b-a02e-f340b4ce08ec,sudiksha89@upi,rsathe@upi,4632.53,2026-09-06T19:25:31,Pune,06dc236b-954,0,19,0
1522577d-e60a-4316-be21-2db9a3277357,mray@upi,qatwal@upi,3935.56,2026-09-14T06:10:28,Hyderabad,4d9d1830-dbb,0,6,0
7073c10d-62cc-456b-b284-6667fd43b91a,pchhabra@upi,esawhney@upi,2996.39,2026-09-22T09:36:01,Hyderabad,cecd6417-13d,0,9,0
8b60b9bd-e38f-4b4e-beae-aa6ef1a0ddfd,droy@upi,kgole@upi,1557.78,2026-09-05T16:53:35,Akola,554ccb59-53a,0,16,0
df243028-e497-4e5f-a241-0562199cef58,vamakshi82@upi,ojasvi77@upi,3825.49,2026-07-19T16:21:40,Delhi,54f56fb8-041,0,16,0
7ae062f0-1696-4675-96eb-827916d215b1,charan16@upi,fsamra@upi,4757.52,2026-07-04T15:33:11,Akola,027eadc5-718,0,15,0
d06999d3-4a7a-40de-a8ac-7407c761b519,anamikayohannan@upi,sarinanirudh@upi,2763.35,2026-08-28T02:11:35,Hyderabad,588457f2-bbd,0,9,0
57e79616-5eb8-4bde-bdf9-1dfcea8fb815,udantdewan@upi,ansh98@upi,1789.21,2026-09-24T13:32:16,Kolkata,66e63f8b-6eb,0,13,0
dfdf5c92-6aa8-42b4-8b0c-691ffaa84b8c,farhanchada@upi,zaidchauhan@upi,2113.64,2026-08-06T11:54:47,Chennai,d163c594-7f8,0,11,0
15ff1ff8-307d-41cc-b007-c66e1b1f0a85,fsamra@upi,jyoti29@upi,2095.58,2026-07-11T19:47:20,Pune,16d95fa1-3ca,0,19,0
17d2bf10-b321-464c-b96e-c84e87478010,yauvanicomar@upi,baraldayamai@upi,2323.98,2026-08-14T19:09:54,Bengaluru,b458f741-708,0,19,0
c884f4b7-40e5-466c-b570-b62d85419980,mangalwahab@upi,kalpit42@upi,2294.65,2026-08-11T05:36:03,Delhi,ddfc0db5-5e5,0,17,0
6c048fc2-833a-4dac-a8b3-b53b7d067cf5,hyadav@upi,nattdominic@upi,1512.63,2026-09-12T04:36:48,Mumbai,7662df68-57c,0,9,0
713b2859-6204-4c5d-a3cd-d26cda4b5b6d,kabirsoman@upi,petersachar@upi,473.78,2026-09-22T12:45:03,Chennai,6ef910ee-e62,0,12,0
6535010d-5d7e-4923-9d16-ae53f8e8aefb,alkadewan@upi,amblesamarth@upi,2601.15,2026-09-04T09:33:23,Kolkata,a481934d-88c,0,9,0
9d1920c4-89ec-4c3f-bffd-0d4efc4cb5e4,cdatta@upi,choudhuryjanani@upi,221.51,2026-07-26T12:03:06,Pune,5549160f-884,0,12,0
1abb9ab5-15ec-46f5-a247-7a819b8c7321,patrickvasa@upi,teerth09@upi,2073.78,2026-08-05T16:54:40,Delhi,5486ec5a-863,0,16,0
464170f2-e467-420a-86d9-303b44e9a299,othakur@upi,sudiksha89@upi,1906.98,2026-08-30T10:21:13,Kolkata,bba7a234-41e,0,10,0
dc7c09e9-e4e5-4538-abd1-1401302c932d,alkadewan@upi,henry25@upi,1565.72,2026-07-24T08:47:20,Akola,a481934d-88c,0,8,0
ef9b98ae-92cb-4c34-9d62-6f30cb1bfb0f,uaurora@upi,priya51@upi,4028.13,2026-07-23T02:40:46,Bengaluru,ee6efdd6-203,0,9,0
cc8303fd-5495-4cae-be5e-ca0f2511208f,harrisonrai@upi,janujasankar@upi,2183.09,2026-08-06T23:36:11,Hyderabad,e7816626-028,0,23,0
9385fa76-1ac3-4ec5-b332-827517843522,suhani46@upi,rudra61@upi,2013.44,2026-06-29T21:23:10,Pune,5d0c0d11-0c6,0,21,0
af897077-bb94-48de-bc95-118f548bc5df,modibhavini@upi,pushti49@upi,2216.91,2026-07-03T19:23:20,Mumbai,2ce18ffb-7ff,0,19,0
4affd419-2520-4b9a-80af-e8e19adc5114,indali23@upi,qnayar@upi,1644.45,2026-09-03T22:45:05,Bengaluru,56169905-4e3,0,22,0
f40017d9-3d8a-4b8d-b5e2-f3e328af01ec,nandinibhargava@upi,jyoti29@upi,2466.97,2026-09-15T08:43:00,Delhi,48e3bd88-2ee,0,8,0
7ac3fc22-691d-4eb2-b6f9-e6e7412b3e4b,ekarajbath@upi,modibhavini@upi,3242.29,2026-07-04T20:03:15,Akola,9134902d-876,0,20,0
24807b88-bbb9-4d00-915a-34309a0ee927,yutika95@upi,beramax@upi,4546.99,2026-07-27T23:25:10,Delhi,534764bd-7d8,0,23,0
2ce607e0-2a29-44e5-83c1-6305576687be,daksh58@upi,aishanibumb@upi,3950.41,2026-07-25T12:28:18,Bengaluru,b2da648a-195,0,12,0
ed9cd3c4-f3aa-4bdd-99ad-7ab32aa1542e,alkadewan@upi,petersachar@upi,1334.73,2026-08-05T03:27:26,Kolkata,a481934d-88c,0,11,0
05c4d65d-c504-426f-8dff-ae452187c231,beramax@upi,kom@upi,3999.93,2026-08-31T13:21:37,Pune,66663ca1-cbd,0,13,0
d9a15d11-58fb-4c3f-b766-232f4926f195,aviramesh@upi,yashodadeshpande@upi,3385.84,2026-07-30T11:01:01,Kolkata,ce2fa891-0b2,0,11,0
4596dbc8-f59a-4929-99f6-62c5333bf5b3,raigunbir@upi,raksha87@upi,2239.69,2026-09-23T02:44:06,Mumbai,81bf5faf-76e,0,9,0
f426df99-3514-452a-ade7-117c8a18aed4,ksehgal@upi,dhaliwalupkaar@upi,2950.78,2026-09-10T23:35:14,Akola,c2d55ab7-5eb,0,23,0
2240a3b9-9853-432a-a404-184db4085974,harrisonrai@upi,vlanka@upi,3513.74,2026-07-17T08:06:33,Mumbai,e7816626-028,0,8,0
e5ea08c7-5be0-436e-bb4b-e081cd5bb271,petersachar@upi,lakshmi51@upi,3644.39,2026-09-19T10:50:33,Akola,dc7609f9-ab8,0,10,0
5c921711-fcaa-4291-a25b-7b3b7cb15ee0,cswaminathan@upi,bhattvamakshi@upi,728.33,2026-08-07T17:02:26,Akola,46baf193-06b,0,17,0
ae7d90cf-6b23-4594-ab89-11096771cfb7,bnayar@upi,bhavani27@upi,4255.4,2026-07-17T22:12:50,Kolkata,9ae0f61e-249,0,22,0
25dd231c-c0ad-429a-8ca8-753d63ff320a,oseth@upi,aradhanaverma@upi,2510.86,2026-07-19T16:27:52,Pune,d85c553b-6f2,0,16,0
980c86ca-5307-488c-a5a0-67693c29043e,kgole@upi,jkohli@upi,2676.49,2026-08-30T20:34:08,Pune,033b6f25-c1a,0,20,0
9cdbec30-63f8-41cf-af7a-9b8ee4e53fb7,ojasvi77@upi,devimatthew@upi,361.08,2026-07-08T05:55:49,Delhi,436c8c6f-1ee,0,7,0
adb03427-4d8b-4e5b-b53d-38df3b67b9ef,vedamalhotra@upi,upai@upi,4076.72,2026-08-22T03:00:03,Akola,e558806d-c5f,0,13,0
ab5cfdc6-8604-477f-a12e-e423e64a34e7,qvyas@upi,jonathansolanki@upi,618.14,2026-07-03T07:55:10,Pune,e316ffc2-72c,0,7,0
994488d6-aa8e-4a16-a338-fe8095e3cee3,amol24@upi,tanvi51@upi,843.55,2026-08-05T22:56:01,Pune,8937ded1-b0c,0,22,0
54f3d3e0-3096-4362-93e9-1dd3577d463e,finn70@upi,znori@upi,4193.04,2026-09-14T21:52:02,Bengaluru,7646228b-fd5,0,21,0
353c2780-eea1-491f-9d11-6b2a9f7ece27,gauriganguly@upi,eyohannan@upi,3643.64,2026-07-20T22:40:37,Pune,c72e7ae4-f85,0,22,0
e9d525c7-a5e4-4547-88da-ce154749bb72,ishaanshenoy@upi,sawhneyojas@upi,317.61,2026-08-14T07:44:00,Bengaluru,d25bdbcf-05d,0,7,0
0591efc0-a30d-43d6-91a1-a3f9590631ad,fswamy@upi,urvashi66@upi,76712.02,2026-08-27T03:39:20,Bengaluru,602730df-0f6,1,3,1
a2748950-bd6d-4a4f-96fd-6a76b5c400d0,qatwal@upi,amaradutta@upi,1826.95,2026-08-25T07:37:21,Akola,cc16e930-bee,0,7,0
2d7317d8-8921-429c-85aa-e1210972766e,qpandya@upi,aishanibumb@upi,2503.09,2026-08-24T06:03:42,Mumbai,420fdf64-228,0,6,0
a9cea428-1cc9-4d63-9fcf-4a979667d946,alkadewan@upi,trivenipathak@upi,2715.16,2026-09-02T01:20:51,Mumbai,a481934d-88c,0,21,0
c2a12746-17ee-4685-a027-08c46d714a5a,suhani46@upi,daksh58@upi,1942.74,2026-08-15T18:36:57,Pune,5d0c0d11-0c6,0,18,0
77cb05a8-9d29-4c86-8ded-759c4d07c2f8,roak@upi,indira19@upi,2098.95,2026-09-12T19:06:41,Pune,caf157f1-769,0,19,0
f8a6d576-7f15-404e-94e9-23dab9825abf,ekapadjohal@upi,roak@upi,3990.06,2026-08-27T03:43:03,Bengaluru,057e37c4-ccf,0,13,0
8be1950f-e26e-4290-9956-d7f5e223cbe0,ishaanshenoy@upi,priya51@upi,606.97,2026-07-12T18:12:00,Bengaluru,d25bdbcf-05d,0,18,0
855778b1-de4f-4c61-b1ce-9063a3e0bf00,henry25@upi,pavani85@upi,1206.12,2026-07-29T01:47:26,Kolkata,166aa591-ee1,0,19,0
db53187c-8840-4ffb-8f82-009c19ccaa21,fswamy@upi,hritikpalla@upi,2678.06,2026-09-18T18:19:44,Hyderabad,ffe1ecd3-cab,0,18,0
dee673a1-dbfc-44a3-aeed-657b43894f7c,ishaanshenoy@upi,onadig@upi,1254.61,2026-09-19T14:44:08,Bengaluru,d25bdbcf-05d,0,14,0
cca7858c-aa02-489d-bdf4-771c03c0a8ce,dayamai55@upi,osharamachandran@upi,757.21,2026-09-05T23:27:20,Bengaluru,4e7f1479-d7f,0,23,0
929a1e4e-b224-4f18-a3b9-0e7f3da58373,jkohli@upi,mkapadia@upi,2303.96,2026-07-07T09:39:15,Akola,009786b3-cbb,0,9,0
62fda566-79a5-4047-99f3-61b2eb61371b,petersachar@upi,baraldayamai@upi,3921.87,2026-09-22T03:37:36,Hyderabad,dc7609f9-ab8,0,15,0
90dda70e-dc8a-44a4-b5d5-eed076058e2e,janujasankar@upi,ekarajbath@upi,3311.31,2026-09-19T05:09:48,Hyderabad,9939ea42-a08,0,17,0
55ae9617-020d-409a-8d2c-284e23e63cba,owen10@upi,triyagopal@upi,3048.46,2026-08-15T03:32:12,Delhi,2a881e5f-0a3,0,20,0
aa5ee8cd-5510-44db-b41b-4a8714b8bb20,eyohannan@upi,udantbajwa@upi,1604.03,2026-09-16T23:49:26,Kolkata,0f358453-475,0,23,0
3bf7d1df-60a6-48e3-9818-4d852eee09a6,amaradutta@upi,onikannan@upi,4300.51,2026-07-20T21:29:16,Mumbai,aa02a852-3bd,0,21,0
6a7dfbc3-2f4b-4316-89eb-9446598abed6,osachdeva@upi,modibhavini@upi,3957.12,2026-07-13T07:28:58,Hyderabad,5fbc55ef-2de,0,7,0
e8dc2932-5a39-478d-86ab-139c85a43359,bariaazaan@upi,bhavnakaran@upi,3022.87,2026-07-18T10:19:40,Akola,88c64c48-2d1,0,10,0
e8869745-6dc5-4a82-9527-bfeb1b6ab58e,diya27@upi,jasmitwali@upi,3952.1,2026-08-09T02:43:53,Mumbai,ddd946f9-d4c,0,8,0
925b8b99-6b1e-451f-9502-50f94e485d2a,ansh98@upi,shagaurang@upi,3935.47,2026-09-21T22:06:31,Pune,996b3a25-6da,0,22,0
cb8b4f92-a14b-4d01-b592-52f4965484bf,maneupasna@upi,upmavenkataraman@upi,1734.55,2026-08-17T11:34:53,Bengaluru,e7ceef85-245,0,11,0
98897115-0040-40d5-8c47-7afdf05cc09e,vmerchant@upi,alkadewan@upi,4726.47,2026-09-22T08:19:33,Chennai,af2f2527-a1c,0,8,0
6dc00a85-44b1-4a20-8cc2-65b0a27ca0cd,utkarsh52@upi,chandani64@upi,3742.57,2026-08-21T04:19:30,Bengaluru,217f4f0c-209,0,15,0
2f5fa2da-d6da-4db4-9e84-2d3b90c31714,petersachar@upi,shroffbhavna@upi,3522.42,2026-08-22T23:49:58,Bengaluru,dc7609f9-ab8,0,23,0
94bab67b-846a-4cb3-a872-bd7d6fcf2087,vamakshi82@upi,upai@upi,1623.03,2026-08-30T06:16:45,Akola,54f56fb8-041,0,6,0
e51d72d0-a12c-4d6c-8c58-29af47133267,jkohli@upi,dugalnakul@upi,2514.27,2026-09-06T20:31:44,Pune,009786b3-cbb,0,20,0
37111d51-6461-4f8a-88e7-0e254eceb2b6,jasmitwali@upi,upmavenkataraman@upi,1905.82,2026-08-30T18:41:54,Mumbai,c7e0aeac-11c,0,18,0
bd2c5321-a9c6-4370-a026-6e3c7a72b316,anshbedi@upi,amol24@upi,15041.33,2026-07-21T01:08:05,Akola,39ddeabe-956,1,1,1
32c97226-732a-4a86-a585-9eb04a6a4b74,osharaghavan@upi,onikannan@upi,3399.9,2026-08-22T11:03:02,Pune,ad326f07-fe5,0,11,0
69f7ce24-d39c-4eb2-9d37-fad94ac51778,modibhavini@upi,chanderwarjas@upi,1937.75,2026-08-04T00:19:02,Akola,2ce18ffb-7ff,0,16,0
0f65c9c9-b2d7-4356-ade8-c7e2e356ade6,qatwal@upi,amaradeep@upi,2831.81,2026-09-07T08:19:38,Kolkata,cc16e930-bee,0,8,0
6d2d93e2-2c41-470e-8b7a-3f8cc771ffb3,kabirsoman@upi,othakur@upi,3833.48,2026-08-15T06:04:36,Chennai,6ef910ee-e62,0,6,0
dc8e850f-242a-4016-8e14-045d03c4a61c,nattdominic@upi,nihalshere@upi,4487.74,2026-09-10T09:20:02,Bengaluru,a40028bd-8ea,0,9,0
4ea0ebf6-e8a2-40da-8fc0-16d694948152,patrickvasa@upi,ekaraj45@upi,51313.66,2026-08-16T01:01:49,Chennai,25fed837-4c2,1,1,1
da68ce5a-c872-4346-a633-1dcb158ee112,lakshmi51@upi,nattdominic@upi,55162.17,2026-08-08T04:25:22,Delhi,75984dfc-a96,1,4,1
45047271-75ad-4f7e-9124-d2d46e4aa21e,dugalnakul@upi,ikakar@upi,2818.44,2026-08-05T22:08:53,Kolkata,88e8aa3c-ec0,0,22,0
536015d2-88ef-4e3f-b621-32b51024237a,bhavyamandal@upi,ksehgal@upi,491.68,2026-09-08T06:24:08,Bengaluru,dc1c0b6c-2bd,0,6,0
3471a3be-83be-40d5-b3d4-b3629438fe89,beramax@upi,yauvanicomar@upi,2447.04,2026-07-04T16:56:49,Pune,66663ca1-cbd,0,16,0
3d8d08fb-b4f9-4960-b474-c2fc10aa18f3,darsh64@upi,jkohli@upi,4143.6,2026-08-29T19:28:34,Akola,4991f5c6-f24,0,19,0
176cac5f-6c86-467e-ae73-8ee85bf38055,amaradutta@upi,bhatvarenya@upi,563.38,2026-09-19T13:00:46,Kolkata,aa02a852-3bd,0,13,0
87956a03-7d03-4fe5-970c-db665dd9579c,baraldayamai@upi,hritikpalla@upi,15394.52,2026-08-03T03:47:46,Pune,48c6477a-d84,1,3,1
3067ac03-3d0f-4a17-9809-d8b8aabb07cf,teerth77@upi,dateanvi@upi,4236.9,2026-07-13T01:31:28,Bengaluru,195c66ab-c8b,0,10,0
c4565fd6-b095-4ce3-be55-8038564337b1,vlanka@upi,priya51@upi,2826.49,2026-09-22T11:58:58,Delhi,a07327ee-ec0,0,11,0
3a7cc88c-caae-465f-9ba1-270b4500d04d,uaurora@upi,yadavinarula@upi,4935.01,2026-09-17T18:31:30,Delhi,ee6efdd6-203,0,18,0
db184417-1e13-4577-81ee-6bebf8d66d6f,farhanchada@upi,karnikazad@upi,3178.18,2026-08-08T04:00:19,Pune,d163c594-7f8,0,11,0
254907a5-1249-49ba-9d2d-42510cd9a7a7,nihalshere@upi,nattdominic@upi,2301.39,2026-07-04T09:07:57,Akola,fed80d2e-7e6,0,9,0
4efeef5b-d924-4b66-8625-57a9fb7d3b2e,cdatta@upi,pavani85@upi,2513.45,2026-08-02T23:15:49,Bengaluru,5549160f-884,0,23,0
10e725c0-44a2-4640-af9b-44ded1881c21,qatwal@upi,farhanchada@upi,2528.16,2026-09-02T06:07:26,Pune,cc16e930-bee,0,6,0
a8c4fddb-1e19-4c2d-a16d-b92c73e20443,lshere@upi,chanderwarjas@upi,74864.44,2026-08-18T02:39:13,Kolkata,14227842-2db,1,2,1
21441821-f3ee-43d9-9bbc-a229653fe135,lshere@upi,bnayar@upi,2691.11,2026-07-18T00:48:22,Bengaluru,39597721-7f3,0,8,0
ed1fcd4c-0d48-4ef7-b284-1a0aa4cbd613,osachdeva@upi,shagaurang@upi,2435.75,2026-08-26T10:46:38,Hyderabad,5fbc55ef-2de,0,10,0
d5885889-0144-43fb-8593-0a419a33a1aa,qwadhwa@upi,ekarajbath@upi,4274.01,2026-08-08T04:16:46,Delhi,d7ea7a98-7ad,0,14,0
65a327e5-e693-4713-85c3-149e9355e9b4,kgole@upi,kibeharsh@upi,4237.37,2026-07-27T11:34:59,Hyderabad,033b6f25-c1a,0,11,0
ee1dafb3-b4f2-4eb7-8141-a31925f9fa7c,nattdominic@upi,pradhankalpit@upi,2109.08,2026-08-13T07:05:21,Delhi,a40028bd-8ea,0,7,0
003f5a4e-239a-455c-8995-7792735adb07,bhavani27@upi,frederickkhurana@upi,1382.38,2026-08-29T02:39:25,Mumbai,527b9e26-830,0,22,0
08efb25d-a942-4dc3-8d78-d8771cd1f2d6,urvashi66@upi,baraldayamai@upi,3969.98,2026-07-06T05:53:27,Akola,f2baea33-475,0,13,0
4a545340-2ec9-4823-bfbe-277bc0b077cb,gauriganguly@upi,pchhabra@upi,3002.22,2026-09-02T20:01:00,Chennai,c72e7ae4-f85,0,20,0
4dc6b4b7-3a98-4eb8-a155-5ad4f10961a8,yashica40@upi,kalpit42@upi,1308.73,2026-07-17T03:27:48,Pune,4f00d0f2-cb4,0,13,0
193ba3a0-6639-448a-bc12-a33ac5ff3034,onikannan@upi,bariaazaan@upi,23567.65,2026-09-16T00:20:09,Akola,52c5fa70-176,1,0,1
82267c0b-5fd0-43da-b43c-3c329032756f,fsamra@upi,dateanvi@upi,531.73,2026-09-01T08:56:08,Akola,16d95fa1-3ca,0,8,0
a08d6982-89db-4cd0-903b-40ab1146a4b0,dhaliwalupkaar@upi,oseth@upi,3304.94,2026-09-03T19:52:56,Bengaluru,7a9a9350-e0a,0,19,0
03efd8ad-099a-4298-9eb4-45bddec46517,cswaminathan@upi,avarkey@upi,44747.51,2026-09-23T03:48:58,Kolkata,df9826ba-358,1,3,1
e9ad533d-5db2-4428-bf4e-f68f39df2326,dhaliwalupkaar@upi,ekaraj45@upi,2044.11,2026-07-21T04:21:25,Hyderabad,7a9a9350-e0a,0,18,0
8657a08f-1f60-4e6d-8807-d3eed454bc2c,kom@upi,patrickvasa@upi,208.87,2026-08-17T22:13:46,Mumbai,4bc2a128-c81,0,22,0
8e137c0b-5abd-4444-ab9a-c021275e8179,ksehgal@upi,ansh98@upi,1916.2,2026-07-10T05:38:36,Chennai,c2d55ab7-5eb,0,20,0
c0e6e956-7744-4d74-b632-a9f52e647bb8,balangirik@upi,dugalnakul@upi,2551.87,2026-09-26T18:46:26,Chennai,1960d8de-cb3,0,18,0
334c69e7-9821-421e-8386-5544557f80ea,sudiksha89@upi,saumyadey@upi,2434.05,2026-08-19T16:39:21,Bengaluru,06dc236b-954,0,16,0
9ca452ee-c365-422a-9e29-0b4297faf27a,odhar@upi,nathanielsami@upi,3644.74,2026-07-16T18:49:06,Kolkata,0fcd6a35-7c5,0,18,0
3c01d9f1-2cfd-4a1e-8b70-da9e700b9bc5,onikannan@upi,ekbalbhasin@upi,4667.82,2026-09-27T01:15:00,Chennai,3986b98f-c16,0,15,0
9512da08-382c-4a27-a6a6-834e94f2c994,amaradutta@upi,thamanorinder@upi,1833.06,2026-07-05T10:35:49,Akola,aa02a852-3bd,0,10,0
23b29b78-5b4b-4a1a-9ca1-ac196d9a3071,diya27@upi,qvyas@upi,1187.58,2026-08-26T16:40:35,Chennai,ddd946f9-d4c,0,16,0
b6ab6049-1d75-4573-81a7-2376ac4a094c,uchandran@upi,yauvanicomar@upi,38973.81,2026-09-20T03:40:58,Delhi,3244787d-714,1,3,1
40ac4032-02c2-4af1-a469-774b769c59aa,osharamachandran@upi,cdatta@upi,2780.36,2026-08-17T19:47:58,Delhi,29194246-377,0,19,0
717df3a4-f59e-432f-91b1-e6e0c846deef,bhatvarenya@upi,fchaudhary@upi,479.87,2026-07-12T21:27:17,Hyderabad,e7b4cbd8-66d,0,21,0
7ac63892-d711-4635-ace1-e2c027d19670,dayamai55@upi,rajanranveer@upi,3305.42,2026-07-26T06:22:55,Kolkata,4e7f1479-d7f,0,6,0
59d531ac-89d1-46af-8f76-98715c758abf,dhaliwalupkaar@upi,indirakanda@upi,2411.05,2026-07-10T12:49:30,Akola,7a9a9350-e0a,0,12,0
08e5007a-c2ef-44aa-ac49-35bb9e646c0c,pchhabra@upi,utkarsh52@upi,1868.25,2026-08-30T17:07:12,Delhi,cecd6417-13d,0,17,0
95396e7a-9cc5-4193-9058-dde0d7e1fb8d,shivansh53@upi,aryasunder@upi,530.09,2026-09-02T22:04:58,Pune,40f069c3-46c,0,22,0
f1f34944-aa93-48bb-b003-df5df3e9e9ae,pushti49@upi,zaidchauhan@upi,3505.79,2026-09-22T12:37:48,Akola,d8857b1b-100,0,12,0
5c348d85-7bc1-44ce-a945-123142435c27,raigunbir@upi,ekapadjohal@upi,609.63,2026-07-13T02:07:11,Mumbai,81bf5faf-76e,0,12,0
4bb936ee-d4e2-4cc1-a013-fb2ffeb06f30,fsarma@upi,yashodadeshpande@upi,1985.76,2026-09-07T18:27:12,Hyderabad,7033c9dc-e9c,0,18,0
7218998c-3477-4efe-8c17-ffed629ca559,zarnapathak@upi,balangirik@upi,1953.9,2026-09-25T18:55:31,Chennai,1812699a-1b3,0,18,0
61a5394d-3382-4eb1-8187-d8c7a87fc81f,qvyas@upi,urvashi66@upi,4017.9,2026-07-16T23:10:26,Kolkata,e316ffc2-72c,0,23,0
579f9aa4-02c7-41e5-bae6-f92bf6ca2b32,sachdevanikita@upi,pchhabra@upi,626.47,2026-09-05T11:19:45,Bengaluru,84a60f35-56b,0,11,0
ce2f3c52-31da-4bdb-a765-933c6fc2e437,cdatta@upi,amaradutta@upi,3160.07,2026-09-04T08:54:07,Akola,5549160f-884,0,8,0
cea21cf2-019b-4e20-9f06-bc038c93d7d3,bhagatbrinda@upi,pushti49@upi,3745.16,2026-08-28T02:21:46,Akola,d766091e-4d5,0,10,0
a9e2f4ff-0bc4-40a6-a2c2-f4ce4c4d55b9,onikannan@upi,yauvanicomar@upi,48388.8,2026-09-04T01:57:14,Kolkata,66e2dadc-316,1,1,1
4e08b7d5-7db0-4188-87aa-88811d79de2b,bcherian@upi,finn70@upi,2799.34,2026-07-01T07:40:46,Akola,c441206e-dd2,0,7,0
1b5a86fb-73df-411b-a81a-9ed0fff311d8,ekbalbhasin@upi,randhawaanvi@upi,2506.83,2026-07-11T08:03:49,Pune,e8c4512b-b01,0,8,0
c73be75a-a88d-4693-8aa4-46488fd98670,ishakuruvilla@upi,osharamachandran@upi,268.6,2026-07-14T04:04:39,Bengaluru,6bc0dd84-3b8,0,22,0
507d8f14-f7aa-4d19-b037-29b3eb7cfe31,bcherian@upi,borramanthan@upi,816.24,2026-08-11T20:47:56,Hyderabad,c441206e-dd2,0,20,0
2ab176a3-371b-4a3b-8a04-2e19b5295263,hyadav@upi,kashviedwin@upi,3678.56,2026-09-03T12:53:09,Bengaluru,7662df68-57c,0,12,0
a1e1f94e-e0d3-42a1-8244-4c46d8efc09f,lshere@upi,osharaghavan@upi,2902.58,2026-07-04T04:15:57,Bengaluru,39597721-7f3,0,22,0
99e18d1a-762a-4a93-b907-32667e1b69bc,ishakuruvilla@upi,charan16@upi,3612.78,2026-08-07T05:32:44,Hyderabad,6bc0dd84-3b8,0,16,0
e1511eda-aac0-4485-9c15-cb1d469e188d,henry25@upi,fswamy@upi,4264.15,2026-08-12T07:49:08,Delhi,166aa591-ee1,0,7,0
1fc5c218-d16b-4699-9197-021c23ba5eab,teerth77@upi,kabirsoman@upi,4157.76,2026-07-13T09:00:43,Chennai,195c66ab-c8b,0,9,0
158d6cb6-e2c4-4566-96ab-142350d0b1d1,fchaudhary@upi,henry25@upi,4664.04,2026-07-21T11:09:49,Kolkata,062a0cb9-2c4,0,11,0
3d5e5554-89cc-4408-9c4c-80a2438d10e8,fswamy@upi,choudhuryjanani@upi,71405.86,2026-08-27T03:02:58,Akola,d6d8d9dd-4fc,1,3,1
64e83304-d291-4e21-b301-bf1e02ef16a5,yashawinilanka@upi,kom@upi,1829.13,2026-08-22T11:40:48,Delhi,f77e4bb1-6bd,0,11,0
f37d24e7-11d6-47ed-8dc1-01e19ae670ee,baldevika@upi,osachdeva@upi,4123.93,2026-08-24T17:25:52,Pune,d32ca56c-31d,0,17,0
a06803f4-bafa-4f66-b5dc-2754ccc4c7b6,uaurora@upi,ansh98@upi,4948.2,2026-08-29T05:45:03,Pune,ee6efdd6-203,0,10,0
a669dfce-8aaf-4022-bdda-8483009b97dd,karnikazad@upi,janujasankar@upi,2880.38,2026-09-15T12:48:56,Mumbai,6f0a5b17-392,0,12,0
1dba4328-4503-473f-9731-cab66e54376c,droy@upi,amol24@upi,4843.78,2026-07-27T01:43:29,Delhi,554ccb59-53a,0,14,0
27740787-5094-4e5d-82bc-7cf48457c6cc,cdatta@upi,kom@upi,146.41,2026-07-13T02:17:29,Akola,5549160f-884,0,16,0
4458bda0-2db6-4800-abb0-7b56ce69d0ef,ekaraj45@upi,ekarajbath@upi,4843.58,2026-08-20T02:02:00,Chennai,9046f951-c5c,0,8,0
1ac98a09-b35c-4100-864c-ce82bf8ddca8,thamanorinder@upi,balangirik@upi,1267.27,2026-07-02T17:33:19,Chennai,2a9bc1a4-1d0,0,17,0
8bbd9c21-daf7-4815-8869-1c5105ae72e3,esawhney@upi,rsathe@upi,624.54,2026-08-31T16:21:19,Bengaluru,23e5b872-dee,0,16,0
b75c9e0c-1e4f-4223-8e5a-30a31e77e548,modibhavini@upi,bhavnakaran@upi,4951.79,2026-08-21T21:57:11,Chennai,2ce18ffb-7ff,0,21,0
04732738-8bb7-4ba6-8904-8864ee65d153,fswamy@upi,yauvanicomar@upi,4057.29,2026-07-12T16:51:04,Mumbai,ffe1ecd3-cab,0,16,0
21c08c2e-f9c3-4bd7-86a5-1d8dfaac5773,aarnavrege@upi,utkarsh52@upi,3047.74,2026-09-04T05:12:00,Pune,33daedc4-9e0,0,14,0
855b4f40-b204-4545-a5e9-5a3128682a9e,bhatvarenya@upi,nattdominic@upi,3076.22,2026-07-06T08:07:05,Bengaluru,e7b4cbd8-66d,0,8,0
7287b3e5-e2a7-45fa-8be6-ea21d059c4f8,kom@upi,bhandarijyoti@upi,4664.04,2026-07-16T23:32:29,Bengaluru,4bc2a128-c81,0,23,0
0c585c7d-6ddc-438f-88c4-093fc3a03295,vlanka@upi,bhavani27@upi,4300.04,2026-07-15T07:17:45,Pune,a07327ee-ec0,0,7,0
bae2437b-e024-4a45-abfe-7de9398fe8f9,finn70@upi,bhavyamandal@upi,161.28,2026-09-19T15:22:06,Hyderabad,7646228b-fd5,0,15,0
8444e793-e186-4830-890d-1d0539adcc4d,sawhneyojas@upi,onadig@upi,540.93,2026-09-06T15:05:25,Delhi,925a5673-7ea,0,15,0
60645d28-eb67-46e1-b9d2-be16d9b37956,choudhuryjanani@upi,uaurora@upi,3557.14,2026-08-17T16:36:25,Bengaluru,4c93c7d1-a58,0,16,0
b616ff02-06b3-45db-8f0e-66d5e6f7a737,nihalshere@upi,ekapadjohal@upi,2854.98,2026-09-27T04:16:26,Akola,fed80d2e-7e6,0,16,0
fdc25e7d-1394-4e4d-9f94-c2c70c3de108,bhandarijyoti@upi,pushtibal@upi,3639.84,2026-08-09T21:16:59,Bengaluru,32dea559-1cb,0,21,0
cc918ab9-6dd4-4fcf-9914-6a0f3e444fb6,nandinibhargava@upi,triyagopal@upi,1236.62,2026-07-08T06:50:34,Pune,48e3bd88-2ee,0,6,0
308c0163-ecbd-49c1-be1e-ae57af00d7b3,falak10@upi,henry25@upi,2948.95,2026-09-26T05:43:35,Kolkata,ddebfabe-8b8,0,22,0
630f409c-7bd5-4aa5-baf8-b2bb78312812,ssahni@upi,harrisonrai@upi,4609.02,2026-07-22T14:49:38,Pune,5a5477fd-633,0,14,0
25b490bb-fdc6-443b-b100-90fe73c4e3e1,karnikekansh@upi,kabirsoman@upi,1785.06,2026-09-08T02:44:59,Delhi,9ebe94a8-d7f,0,20,0
1ed7271e-4e05-4742-93cb-832ba4aeb3de,saumyadey@upi,ansh98@upi,4157.26,2026-08-06T06:30:17,Hyderabad,a9e6a037-41e,0,6,0
df049d12-9220-4725-b338-2b96f77f7bd0,owen10@upi,maneupasna@upi,32530.51,2026-09-12T00:06:30,Bengaluru,66b97230-1a0,1,0,1
72866ad7-f249-4255-9035-c2f5a2c859b1,osharaghavan@upi,fchaudhary@upi,303.23,2026-08-01T15:52:01,Pune,ad326f07-fe5,0,15,0
d8add22f-2cfe-451b-8bdc-98dc03c827b7,raigunbir@upi,chanderwarjas@upi,3867.84,2026-09-06T18:42:36,Bengaluru,81bf5faf-76e,0,18,0
64147ffb-26e4-4cbb-9a0a-a40b1e2d299a,qwadhwa@upi,sudiksha89@upi,845.65,2026-08-15T18:04:55,Mumbai,d7ea7a98-7ad,0,18,0
c38ae257-854c-4b8f-8499-a126ba720807,bcherian@upi,ekbalbhasin@upi,874.89,2026-09-04T23:25:11,Akola,c441206e-dd2,0,23,0
4bc12f9f-83db-461c-8f02-efa9d4b75784,lakshmi51@upi,qwadhwa@upi,2616.73,2026-07-14T03:04:19,Bengaluru,c26b652f-797,0,17,0
2cd17a28-2730-476a-ab8c-682155b28199,advika35@upi,upmavenkataraman@upi,673.38,2026-09-10T13:47:58,Mumbai,c31a4817-673,0,13,0
c53a1e61-7fde-4ef3-8c6d-108926dcb3ac,desaiaishani@upi,diya27@upi,4557.55,2026-09-03T16:52:57,Kolkata,3be7191f-103,0,16,0
5a12135d-2049-4e7b-90b6-8dc74458b62d,sachdevanikita@upi,lalpranav@upi,2525.39,2026-08-18T04:04:57,Mumbai,84a60f35-56b,0,8,0
962928f3-09f5-42a7-8dba-c287713442ef,khatrinathan@upi,dateanvi@upi,2791.88,2026-07-23T12:55:42,Hyderabad,67200f98-d64,0,12,0
7c96e5e7-14f9-4acd-902a-9258788ee93d,esawhney@upi,harini14@upi,2115.86,2026-07-04T20:28:35,Delhi,23e5b872-dee,0,20,0
4abd1f1e-eded-4587-a335-b02ee0c1bbc0,mray@upi,sachdevanikita@upi,1235.67,2026-08-31T13:49:25,Bengaluru,4d9d1830-dbb,0,13,0
c020e80d-47aa-43e6-b149-01b07df8db06,triyagopal@upi,mangalwahab@upi,4517.09,2026-08-04T02:37:12,Bengaluru,6fa13b38-3c4,0,19,0
90754673-a6c8-4911-93c6-991538df94cc,jyoti29@upi,raksha87@upi,1688.92,2026-08-29T12:24:40,Pune,1b8449aa-325,0,12,0
7689bfbd-c580-4e36-801e-125babf57742,jkohli@upi,janujasankar@upi,4443.22,2026-07-03T14:48:35,Kolkata,009786b3-cbb,0,14,0
278a7317-9fb9-40f0-bf82-1f225500fd42,nihalshere@upi,isha34@upi,1040.38,2026-09-12T12:18:47,Chennai,fed80d2e-7e6,0,12,0
2e5fb522-7248-4e94-a6aa-bf6e8acb5010,odhar@upi,sudiksha89@upi,2381.9,2026-06-30T21:36:10,Chennai,0fcd6a35-7c5,0,21,0
6f23d03a-a68a-48a9-acaf-1ebecff989fc,janujasankar@upi,kabirsoman@upi,1261.97,2026-09-14T13:47:29,Kolkata,9939ea42-a08,0,13,0
6a622a70-6044-4e36-b26c-8e1813b76678,cswaminathan@upi,harrisonrai@upi,4427.79,2026-09-18T21:04:59,Bengaluru,46baf193-06b,0,21,0
65741a91-3048-4e0a-a72e-58f5cb48d539,shagaurang@upi,owen10@upi,1726.23,2026-06-30T16:05:56,Chennai,f2695b17-da3,0,16,0
073d737e-507e-46f6-ad45-73d43bc2b997,onikannan@upi,amblesamarth@upi,2598.82,2026-08-13T07:17:04,Pune,3986b98f-c16,0,7,0
a275dacf-02a6-4161-b5f0-29e03c778a6c,jasmitwali@upi,dayamai55@upi,1650.89,2026-08-28T16:18:02,Delhi,c7e0aeac-11c,0,16,0
be880ecc-e8bb-4e6e-8e53-157489cf2301,zarnapathak@upi,zaidchauhan@upi,4847.05,2026-07-13T15:33:44,Chennai,1812699a-1b3,0,15,0
14c6fdff-c391-45b1-8e90-c7031790bd40,bhavani27@upi,yashodadeshpande@upi,937.84,2026-09-20T09:06:06,Akola,527b9e26-830,0,9,0
388b26d6-ae2c-4a99-aab5-ac49be5cac9c,sachdevanikita@upi,bhandarijyoti@upi,3065.2,2026-07-07T23:09:02,Bengaluru,84a60f35-56b,0,23,0
49279c1b-7f43-4cae-b636-15e840d31dae,aviramesh@upi,rudra61@upi,4052.32,2026-08-22T01:14:04,Bengaluru,ce2fa891-0b2,0,16,0
1fa375d2-2d9e-47e7-9774-439bfe7eb126,baraldayamai@upi,maneupasna@upi,1233.6,2026-08-09T16:28:00,Delhi,3f9b0bda-4d2,0,16,0
5007f361-af9c-482f-8be4-0aa3f0fed565,ekaraj45@upi,indirakanda@upi,1562.58,2026-08-07T07:38:45,Mumbai,9046f951-c5c,0,7,0
3720d4f9-cd73-4689-9793-0148b78930b6,chakradevbarad@upi,upmavenkataraman@upi,650.74,2026-07-08T11:34:14,Pune,a0208131-c51,0,11,0
031651fb-e378-4c8b-8fc4-b91f7e3978ae,aarnavmalhotra@upi,twalia@upi,831.22,2026-08-31T07:57:58,Bengaluru,de316df9-cc5,0,7,0
2bb4d6d1-f660-4cf4-bd34-090c54c5042f,vamakshi82@upi,baldevika@upi,78.76,2026-08-10T10:20:19,Pune,54f56fb8-041,0,10,0
687a5213-84c4-4ba1-8674-397ef7f8b800,uaurora@upi,bhattvamakshi@upi,1589.2,2026-09-08T02:08:46,Kolkata,ee6efdd6-203,0,10,0
c815aea8-7104-410e-a844-978c89161e99,kalpit42@upi,shagaurang@upi,2925.99,2026-08-23T11:36:29,Akola,25b79fcc-aed,0,11,0
e00a3144-b596-4840-967a-57f7315412cf,borramanthan@upi,hrattan@upi,3796.59,2026-07-18T12:37:34,Bengaluru,e997552c-ae6,0,12,0
ae4ea9c0-5293-4b55-be56-8328f2784979,pavani85@upi,bhavyamandal@upi,3602.18,2026-08-09T09:17:29,Pune,f45333eb-f0e,0,9,0
3512d068-bb09-4af2-920c-624c66c54e7a,bhagatbrinda@upi,nandinibhargava@upi,4830.87,2026-08-22T09:37:44,Mumbai,d766091e-4d5,0,9,0
28eeb372-d20b-4f92-86cf-4f952d5962ad,shivansh53@upi,raksha87@upi,2500.38,2026-07-05T06:02:10,Chennai,40f069c3-46c,0,6,0
aef75f7f-19da-4760-b78e-f7f51a404ce5,aarnavrege@upi,fchaudhary@upi,962.91,2026-07-10T21:03:47,Chennai,33daedc4-9e0,0,21,0
f054ca3c-0b99-4dae-9cf7-83bead5c7b4a,baraldayamai@upi,vihaan13@upi,3229.58,2026-07-04T15:30:31,Kolkata,3f9b0bda-4d2,0,15,0
1fa2c76b-0a97-4681-9b1a-649fa7338523,osharamachandran@upi,kakardivya@upi,1845.37,2026-09-02T03:28:15,Akola,29194246-377,0,7,0
a7428d08-f782-4ea8-b0be-4fa267f26e8d,vihaan13@upi,uaurora@upi,4801.03,2026-07-22T07:47:36,Akola,dda8abfe-645,0,7,0
c628b2ed-9a8d-4742-8fff-143ed287bab3,shroffbhavna@upi,uchandran@upi,1488.98,2026-09-16T06:02:30,Chennai,b34f4617-f13,0,6,0
441f2386-01b3-4dab-92c9-8ca3ea8163ff,utkarsh52@upi,soodyadavi@upi,725.19,2026-07-05T18:17:19,Bengaluru,217f4f0c-209,0,18,0
37c3953f-b101-4794-83c2-c7687529a28a,harrisonrai@upi,anshbedi@upi,1197.16,2026-08-28T19:13:15,Hyderabad,e7816626-028,0,19,0
66f78b65-e8b1-4c91-ae2e-67e18e6b7c41,raksha87@upi,rudra61@upi,1238.4,2026-08-23T15:48:14,Chennai,cd38bc87-080,0,15,0
cd319503-bf8d-4635-beb1-3688f3032985,jasmitwali@upi,rudra61@upi,4944.66,2026-09-12T23:32:21,Pune,c7e0aeac-11c,0,23,0
e1ac9fb8-a20b-4412-99e8-664455e36e85,koshybalveer@upi,amblesamarth@upi,3973.58,2026-08-25T06:39:15,Akola,53981699-769,0,6,0
0588fa0f-466e-40c5-a66a-af9978aa48a2,dhaliwalupkaar@upi,ekantika31@upi,3187.74,2026-07-10T19:16:32,Chennai,7a9a9350-e0a,0,19,0
a16cc547-6d18-4a29-bc98-cb26c9e0f46a,chanderwarjas@upi,jonathansolanki@upi,816.15,2026-07-16T04:42:32,Hyderabad,803cb4f5-eb2,0,15,0
f54331b0-e07d-4662-ae3b-644ee6d9d6d4,chakradevbarad@upi,ishaanshenoy@upi,593.01,2026-07-04T10:32:35,Hyderabad,a0208131-c51,0,10,0
a7a0e657-bfec-4556-b3a5-5205142854b7,nattdominic@upi,jonathansolanki@upi,1400.32,2026-07-20T04:57:36,Bengaluru,a40028bd-8ea,0,20,0
6d3f481e-21e1-4dd5-9926-d54cbbad0aec,grewalekapad@upi,twalia@upi,1310.88,2026-08-02T16:20:00,Chennai,48f0b03d-9d3,0,16,0
7734fade-6cd2-4dc5-a8a9-131c0dfe42e1,dayamai55@upi,kashviedwin@upi,4878.1,2026-08-03T22:28:57,Bengaluru,4e7f1479-d7f,0,22,0
6a207c2c-250f-46f1-bd02-8a291206d4ad,oseth@upi,aarnavmalhotra@upi,2014.79,2026-09-27T04:12:19,Chennai,d85c553b-6f2,0,17,0
38f6d9e3-9fde-46f5-b84c-db01d0404caf,nattdominic@upi,pandeychanchal@upi,3626.43,2026-09-16T02:59:19,Kolkata,a40028bd-8ea,0,17,0
12eb2003-4748-43cb-bf2d-4bbeaeb2b4ee,frederickkhurana@upi,onadig@upi,1058.82,2026-07-29T09:19:42,Hyderabad,5469bd7e-cfb,0,9,0
b4bbda60-84b5-4a3e-a341-6d6a0044fd7d,frederickkhurana@upi,advika35@upi,1037.38,2026-09-23T04:10:27,Akola,5469bd7e-cfb,0,9,0
1a5dfcd8-fa43-436e-9e9c-0f1b18a1be54,chakradevbarad@upi,harini14@upi,4703.99,2026-07-29T13:18:07,Bengaluru,a0208131-c51,0,13,0
591af587-5865-4b9b-ad1a-8cde8f1c8369,urvashi66@upi,yutika95@upi,3333.51,2026-09-25T05:51:34,Akola,f2baea33-475,0,18,0
39d373f7-4500-4814-a1aa-428220d7816a,ansh98@upi,pandeychanchal@upi,1171.39,2026-07-14T17:02:23,Bengaluru,996b3a25-6da,0,17,0
d81d900b-4891-496d-9d61-d5ae10c06d17,chanderwarjas@upi,fswamy@upi,1873.34,2026-08-25T18:54:38,Kolkata,803cb4f5-eb2,0,18,0
fa7399e7-bb44-4a49-8b9d-6abd8a3106dc,ekbalbhasin@upi,gautammerchant@upi,3861.97,2026-09-15T15:31:34,Hyderabad,e8c4512b-b01,0,15,0
8a6aa02f-1fb5-42fa-9463-c93df2b494b0,diya27@upi,ksehgal@upi,4671.14,2026-07-25T11:51:12,Pune,ddd946f9-d4c,0,11,0
b64e03f5-2310-46d8-8a58-2306fcf373c2,ranbir39@upi,trivenipathak@upi,712.71,2026-08-10T16:01:12,Delhi,06491864-379,0,16,0
38c9fe94-08d7-40b4-9246-9c7a0fbae064,cswaminathan@upi,chandani64@upi,188.06,2026-08-03T09:12:19,Hyderabad,46baf193-06b,0,9,0
558bd0ae-afa0-4062-b551-406d761117fe,sahaupkaar@upi,michaelborra@upi,3296.8,2026-08-05T18:53:37,Akola,651e1852-8a4,0,18,0
9127cb70-30cf-4d0b-90a3-2e74184c9ab8,raksha87@upi,kashviedwin@upi,274.03,2026-07-25T14:47:40,Chennai,cd38bc87-080,0,14,0
32cebbae-c3b7-4894-85d4-d3e24a6bd0ff,nidhikohli@upi,harini14@upi,4494.22,2026-09-09T11:12:39,Chennai,1cd764a8-258,0,11,0
f6a973a3-3fde-498f-803d-f4d640cee02b,uchandran@upi,ansh98@upi,235.46,2026-07-07T09:59:19,Hyderabad,ea9893d5-713,0,9,0
ef5f3305-bddf-4940-ae46-0127dc09d5cd,sidhudaksha@upi,kabirsoman@upi,246.77,2026-08-15T23:45:54,Hyderabad,79c4350e-7bd,0,23,0
c6dded84-21e1-4183-aa48-611fda2dfc76,shroffbhavna@upi,raigunbir@upi,2296.01,2026-09-22T16:11:45,Kolkata,b34f4617-f13,0,16,0
507594fb-d74d-490b-97a5-bd325fe51f92,bhandarijyoti@upi,rudra61@upi,1020.63,2026-08-08T11:25:58,Chennai,32dea559-1cb,0,11,0
2886e898-51cc-4473-a5ee-ed85fdf89953,aarnavmalhotra@upi,vihaan13@upi,1161.2,2026-09-18T06:16:52,Pune,de316df9-cc5,0,6,0
f9d2b32e-26b7-48db-862c-21aa897952f9,amaradutta@upi,gauriganguly@upi,2962.78,2026-07-03T09:41:56,Mumbai,aa02a852-3bd,0,9,0
83f8a5d6-64e1-4950-a1ad-5a4f21653d7c,nihalshere@upi,pandeychanchal@upi,1168.13,2026-07-10T01:21:14,Chennai,fed80d2e-7e6,0,10,0
c65f3ac2-315a-4b67-9adf-9d4b6794aa49,esawhney@upi,kalpit42@upi,60376.17,2026-07-12T02:40:18,Kolkata,df85d222-ac2,1,2,1
c6d7f948-03a2-4d01-8165-cfed397d4ea5,darsh64@upi,michaelborra@upi,3199.42,2026-08-09T03:41:22,Akola,4991f5c6-f24,0,8,0
87f32d87-df0a-4dca-8216-7fbf9be3e97d,bariaazaan@upi,upai@upi,4808.69,2026-09-19T20:30:39,Kolkata,88c64c48-2d1,0,20,0
48c660b7-356b-408e-8017-1e462f34f881,advika35@upi,bnayar@upi,1914.2,2026-07-17T12:15:57,Mumbai,c31a4817-673,0,12,0
ce869439-6b25-4752-95c2-97c90bcf1ffb,gautammerchant@upi,cswaminathan@upi,3368.91,2026-07-26T19:08:07,Chennai,c39bd9f0-2f5,0,19,0
e74987a8-b6bd-4719-a643-477b22d00e5a,petersachar@upi,hyadav@upi,1385.75,2026-07-04T04:51:53,Bengaluru,dc7609f9-ab8,0,9,0
56f7f11d-4016-4653-b2a7-cf29f753cf0f,gautammerchant@upi,ikakar@upi,2022.71,2026-08-06T20:26:06,Chennai,c39bd9f0-2f5,0,20,0
ac4323db-d6b0-405d-b467-377b8b248443,jkohli@upi,bhagatbrinda@upi,3152.71,2026-08-25T16:14:20,Mumbai,009786b3-cbb,0,16,0
0a8b6ff3-c6e5-4e1b-bc8d-5d45c8dfd25c,daksh45@upi,avarkey@upi,1560.11,2026-09-17T04:45:50,Pune,072ac257-0f0,0,18,0
2cba2df1-2ec5-48b7-a38b-aaabe77e045f,gautammerchant@upi,dharazaan@upi,1155.02,2026-07-13T08:16:51,Bengaluru,c39bd9f0-2f5,0,8,0
5b9e0cac-668c-49ed-9007-47088d6d04ae,teerth09@upi,yashica40@upi,3751.68,2026-08-10T22:36:37,Kolkata,ffd45e2d-603,0,22,0
8aefc76c-4ab6-4d73-bc10-6cb696892f90,shagaurang@upi,ssahni@upi,42456.72,2026-09-01T00:27:30,Delhi,18539187-86e,1,0,1
de995da1-28c9-46f9-a40a-82ec0ed464a3,aviramesh@upi,jasmitwali@upi,434.05,2026-07-25T19:35:18,Mumbai,ce2fa891-0b2,0,19,0
c91a4c09-194a-4fd7-a937-f33c2eee5900,amol24@upi,fsarma@upi,4746.5,2026-07-22T11:22:38,Chennai,8937ded1-b0c,0,11,0
3c626d0a-7668-4d52-aa50-f44111be0e17,kakardivya@upi,urvashi66@upi,1036.84,2026-08-30T02:18:10,Mumbai,5f331193-cf1,0,11,0
4a40a359-796b-4339-b932-4db40f4d0ed6,mananbakshi@upi,bhavyamandal@upi,2691.53,2026-08-01T06:22:25,Delhi,bbc34ec7-2f8,0,6,0
73d7af2d-e3e1-46ec-b36a-907491f1aa43,bhandarijyoti@upi,osharaghavan@upi,3407.18,2026-08-07T09:31:15,Kolkata,32dea559-1cb,0,9,0
7c635265-b962-4623-9980-00497e100c6b,upai@upi,ansh98@upi,1501.19,2026-09-06T11:16:09,Bengaluru,eb6db7d5-b4b,0,11,0
025455d0-b032-4cfe-8bfe-aead12369d58,mangalwahab@upi,aarnavrege@upi,3489.17,2026-08-11T10:24:40,Kolkata,ddfc0db5-5e5,0,10,0
5dc9dc11-d72f-4b8b-bf8f-dfcbdcadcbce,teerth77@upi,udantdewan@upi,4996.25,2026-07-09T21:46:07,Pune,195c66ab-c8b,0,21,0
3b7c90fe-9b57-4304-9f25-9c805357f192,indirakanda@upi,rajanranveer@upi,1721.09,2026-08-10T23:19:29,Mumbai,0b3b9bf5-fe4,0,23,0
74c7894a-8268-40e6-9378-affe1708fc78,qpandya@upi,atharv13@upi,1486.55,2026-08-17T16:44:29,Chennai,420fdf64-228,0,16,0
fbdd6cde-75f6-4e5f-890b-3aec46de8d8c,ekapadjohal@upi,pushti49@upi,1914.07,2026-09-20T09:37:07,Chennai,057e37c4-ccf,0,9,0
d229bd26-2502-4679-bd2c-187ba578cdfd,dayamai55@upi,karnikazad@upi,46710.36,2026-08-31T23:09:07,Akola,d1842cb7-524,1,23,1
586c482d-6378-4f6d-b9e6-1a12f2248880,randhawaanvi@upi,koshybalveer@upi,1073.45,2026-07-04T22:39:52,Bengaluru,4e527681-5a1,0,22,0
a61796cb-0e85-4ef0-9f55-2816f0cc7b17,triyagopal@upi,lalpranav@upi,670.45,2026-08-13T21:29:21,Bengaluru,6fa13b38-3c4,0,21,0
9884d757-4dac-41b9-9fd6-5421cdc9adbe,triyagopal@upi,pandeychanchal@upi,3222.78,2026-07-09T01:14:31,Mumbai,6fa13b38-3c4,0,17,0
74133d4a-5982-4815-9cf6-03dd3fb30748,ekarajbath@upi,anshbedi@upi,3837.71,2026-08-30T14:33:41,Akola,9134902d-876,0,14,0
607cb378-14ac-4a4e-b8de-17d2464b76e4,sarinanirudh@upi,owen10@upi,3006.37,2026-09-25T07:33:19,Bengaluru,6f6b6ab6-2ba,0,7,0
7d7f3446-28d9-47bb-ad0c-eaa99edc2b20,sudiksha89@upi,maneupasna@upi,680.37,2026-07-27T19:46:26,Mumbai,06dc236b-954,0,19,0
d95706d2-221d-4d57-a756-8613464a9475,jyoti29@upi,jyoti29@upi,4863.86,2026-09-18T06:23:53,Pune,1b8449aa-325,0,6,0
5393b79b-772f-47fc-ae5b-db18522af963,ansh98@upi,alkadewan@upi,415.76,2026-07-18T14:33:16,Chennai,996b3a25-6da,0,14,0
10ebfb71-a522-419c-b59e-cc3c7b9d9a02,bhandarijyoti@upi,yashodadeshpande@upi,2358.88,2026-07-27T04:46:51,Akola,32dea559-1cb,0,22,0
0aaf6f70-343e-462c-ac55-e59d132d3a75,ekaraj45@upi,jkohli@upi,4184.5,2026-07-07T00:37:00,Chennai,9046f951-c5c,0,14,0
5140aa2f-8be2-4910-9acf-298c06241385,shroffbhavna@upi,droy@upi,564.45,2026-09-27T09:38:32,Bengaluru,b34f4617-f13,0,9,0
c3a2800c-d59f-42b9-a704-bab639fc06c8,beramax@upi,utkarsh52@upi,1094.79,2026-07-05T04:01:05,Delhi,66663ca1-cbd,0,15,0
6ea7e83d-b3aa-4ee5-85ad-ead2ec806e19,amol24@upi,mray@upi,19938.56,2026-08-11T00:46:48,Hyderabad,1724dc92-a4a,1,0,1
bec6e5c1-c10d-4c0f-8202-ee1f7af8ed64,pradhankalpit@upi,qnayar@upi,1029.23,2026-08-21T07:24:33,Bengaluru,4db802c1-9ff,0,7,0
57b8986c-55e3-4a60-a345-2f702100a19d,vmerchant@upi,ranbir39@upi,2701.4,2026-08-15T07:45:50,Pune,af2f2527-a1c,0,7,0
2523b981-f4e5-40f1-8099-d22b83766a87,michaelborra@upi,ikakar@upi,1626.96,2026-08-31T00:21:53,Bengaluru,b9b15ca7-23c,0,11,0
377e38ea-1c27-45be-ad73-eb7cfd2005b5,gautammerchant@upi,kalpit42@upi,1806.28,2026-07-06T06:32:26,Bengaluru,c39bd9f0-2f5,0,6,0
5beecf7f-b453-4631-81ec-4a47701f7aaa,eyohannan@upi,dharazaan@upi,4728.68,2026-09-10T07:09:57,Mumbai,0f358453-475,0,7,0
afbedf8e-5f75-491e-badd-dcc1c3fe426b,rajanranveer@upi,petersachar@upi,40833.45,2026-08-25T03:07:58,Mumbai,68c1d45d-ff4,1,3,1
33286630-6787-4aa7-b8ff-58790331e919,kalpit42@upi,daksh45@upi,1533.69,2026-09-20T12:01:47,Hyderabad,25b79fcc-aed,0,12,0
20eb8285-b552-46e0-af54-8fbcc32a5e29,qwadhwa@upi,daksh58@upi,3593.77,2026-09-16T16:32:06,Delhi,d7ea7a98-7ad,0,16,0
072be707-fdb3-4951-9185-b85e6bdf2a5f,theodore28@upi,isha34@upi,1175.72,2026-08-18T16:10:07,Bengaluru,bf68b038-433,0,16,0
27f6400e-6e39-4d17-81fe-0f8fcd43c5c8,kom@upi,twalia@upi,3507.23,2026-09-23T22:46:17,Bengaluru,4bc2a128-c81,0,22,0
507ef9d3-7f83-43af-9fd2-79bb310e58c9,gautammerchant@upi,falak10@upi,2752.41,2026-07-12T08:49:07,Delhi,c39bd9f0-2f5,0,8,0
5ab10aef-7a70-450f-a81c-fa6eb58ec64b,vinayakanda@upi,khatrinathan@upi,4165.38,2026-09-19T13:43:23,Bengaluru,23fef535-1f4,0,13,0
ead60146-5835-4301-b597-cd4ee667ca8b,hyadav@upi,cdatta@upi,3176.2,2026-07-17T14:28:32,Pune,7662df68-57c,0,14,0
6af33888-97b0-405b-8210-0801031dc566,utkarsh52@upi,fsamra@upi,770.64,2026-07-29T00:54:19,Mumbai,217f4f0c-209,0,9,0
aaefa6cf-df89-4270-8226-3323d386613e,udantdewan@upi,ekapadjohal@upi,300.18,2026-07-12T05:32:54,Kolkata,66e63f8b-6eb,0,22,0
8772548a-080b-4095-9bcd-f3ce225c9cae,aradhanaverma@upi,gauriganguly@upi,682.91,2026-07-09T16:08:46,Delhi,256a1951-b19,0,16,0
4dd6a152-3ce5-4fd5-b811-026b298c2bbd,indirakanda@upi,balangirik@upi,1001.35,2026-08-12T00:28:50,Hyderabad,0b3b9bf5-fe4,0,19,0
f837e9a7-ece3-4b21-a203-e51f0be1efed,qpandya@upi,shivansh53@upi,2943.24,2026-07-24T03:24:32,Chennai,420fdf64-228,0,9,0
390eabce-8013-4683-85d4-666ce6e7eb96,sachdevanikita@upi,lalpranav@upi,3169.27,2026-08-07T15:09:52,Bengaluru,84a60f35-56b,0,15,0
468ae80b-1dd4-4c7d-ab77-aaa01bf1e1ba,gautammerchant@upi,ekbalbhasin@upi,3528.15,2026-08-02T00:20:36,Delhi,c39bd9f0-2f5,0,17,0
a1842a3b-8253-4b93-9df6-c04033e43e42,ekapadjohal@upi,urvashi66@upi,3621.9,2026-08-22T07:10:17,Delhi,057e37c4-ccf,0,7,0
8a63b873-71f6-4b76-85de-b842d0f8a72d,falak10@upi,soodyadavi@upi,1252.84,2026-08-26T17:25:34,Kolkata,ddebfabe-8b8,0,17,0
11b89aa7-d67c-427b-b4fb-e0c1775ccb79,osharaghavan@upi,priya51@upi,76871.99,2026-08-18T01:36:07,Chennai,6cad987b-fe2,1,1,1
d21ba038-ae1b-4f68-9512-1047a0a21611,advika35@upi,fsamra@upi,3216.25,2026-08-24T16:10:32,Delhi,c31a4817-673,0,16,0
97a0ddb1-8625-4e7e-b504-e69c9d614a20,teerth09@upi,twalia@upi,636.83,2026-09-10T03:56:00,Hyderabad,ffd45e2d-603,0,22,0
a8a174cb-d4de-4366-9e6b-523543d2069e,ekaraj45@upi,ishaanshenoy@upi,2013.33,2026-08-21T11:28:03,Pune,9046f951-c5c,0,11,0
3638cdf0-fce0-47cf-a04a-9baec0b1a98d,uchandran@upi,randhawaanvi@upi,124.22,2026-09-12T21:21:51,Akola,ea9893d5-713,0,21,0
c2371d7e-27a2-43c8-b524-24141c817f00,anshbedi@upi,chakradevbarad@upi,686.04,2026-07-21T07:37:47,Chennai,a7b3a41a-177,0,7,0
d8bd6457-50bf-418c-816e-62b57b411c52,raigunbir@upi,rudra61@upi,12094.78,2026-08-26T04:37:34,Pune,18b55543-9f1,1,4,1
8a54fbff-1d45-4c54-a790-76a5b87d1f44,aishanibumb@upi,ekaraj45@upi,1462.49,2026-08-09T11:36:16,Bengaluru,27a02a93-b8a,0,11,0
f4a18dd2-ff8c-423a-8ddf-6d516c41ff43,karnikazad@upi,faqidsavant@upi,1335.32,2026-08-30T04:12:13,Akola,6f0a5b17-392,0,11,0
a2bf6cdb-e8c0-4d2a-9146-024452fe037e,mray@upi,sahaupkaar@upi,3814.42,2026-08-25T22:56:52,Hyderabad,4d9d1830-dbb,0,22,0
cbd06d04-fe1f-4f56-9ca3-0dcc31f75326,shivansh53@upi,uchandran@upi,2094.15,2026-07-13T07:27:15,Pune,40f069c3-46c,0,7,0
12a26782-f53f-401b-a289-ded4f9ec4033,hritikpalla@upi,hritikpalla@upi,1639.24,2026-07-18T07:02:39,Delhi,72907c22-57a,0,7,0
feddcf5e-1af5-4a75-9ea6-14709bcced14,shroffbhavna@upi,baldevika@upi,2818.52,2026-08-02T12:27:52,Kolkata,b34f4617-f13,0,12,0
30d33774-3e6f-4273-8796-14d0f7e30328,finn70@upi,pushtibal@upi,4804.9,2026-07-22T06:00:14,Delhi,7646228b-fd5,0,6,0
50c54334-63ed-47fe-a9cf-aa5d7392cee4,farhanchada@upi,qwadhwa@upi,579.73,2026-07-13T01:36:37,Delhi,d163c594-7f8,0,11,0
2b6b987f-d45c-4b7f-847b-0874f1c66e8b,onikannan@upi,bariaazaan@upi,3259.01,2026-08-25T09:26:56,Bengaluru,3986b98f-c16,0,9,0
0c24e01c-eca8-42c6-8609-2142a8b4a8aa,anamikayohannan@upi,borramanthan@upi,3206.83,2026-07-02T03:18:36,Pune,588457f2-bbd,0,20,0
0cce344c-193b-4c60-8dc4-0e1ff0fd6870,amblesamarth@upi,lshere@upi,1550.78,2026-07-26T06:56:36,Mumbai,8afd62cd-bcc,0,6,0
f10906d6-c88b-4005-8a42-7415b27b1348,sarinanirudh@upi,ishaanshenoy@upi,2120.21,2026-09-06T22:17:14,Akola,6f6b6ab6-2ba,0,22,0
2275ef60-bbe0-46ae-9130-7d461aa0832b,udantbajwa@upi,henry25@upi,3978.99,2026-07-09T08:37:17,Bengaluru,cce36fe7-c93,0,8,0
40def25f-fe6f-492b-9d28-bfb230200563,osharaghavan@upi,pushtibal@upi,1761.15,2026-09-17T00:47:51,Akola,ad326f07-fe5,0,20,0
ddad629f-9e90-4b8f-b6d1-187b16a9889f,ksehgal@upi,shivansh53@upi,947.24,2026-07-22T05:01:13,Chennai,c2d55ab7-5eb,0,18,0
d454cbbb-c7b5-4f9d-9d43-e6a8f6f5ff3b,lshere@upi,borramanthan@upi,4747.6,2026-08-23T06:32:00,Kolkata,39597721-7f3,0,6,0
5b4f2206-dbc8-4227-ad43-80822ee487f8,aryasunder@upi,ekarajbath@upi,4883.28,2026-08-20T19:37:15,Kolkata,4ceb4c19-40d,0,19,0
8c6a87a9-d210-4769-87ef-07eb1270d7c8,falak10@upi,aryasunder@upi,414.2,2026-08-08T18:33:36,Delhi,ddebfabe-8b8,0,18,0
0e583441-114f-4c11-add7-e2c5f99892d8,jonathansolanki@upi,hrattan@upi,94985.07,2026-08-31T02:59:10,Hyderabad,2582b071-b0c,1,2,1
4fdbd004-abde-44c6-83e7-b34f1bd51c61,gauriganguly@upi,shagaurang@upi,1228.08,2026-08-26T18:59:25,Akola,c72e7ae4-f85,0,18,0
f93092a2-4945-42b2-b445-c87931c8a2c5,anamikayohannan@upi,petersachar@upi,469.01,2026-07-10T05:28:49,Akola,588457f2-bbd,0,19,0
9cc45440-76d2-4579-a3ab-6d5f193b1742,bhattvamakshi@upi,fsamra@upi,2287.36,2026-08-28T09:55:19,Delhi,b4b08621-6b3,0,9,0
290c6052-8b16-487d-a84d-efb27199bf13,yadavinarula@upi,finn70@upi,3227.34,2026-07-15T23:47:59,Hyderabad,2dbf9870-7bf,0,23,0
e32c8fef-82fc-497e-8523-7c36f8fe6963,yutika95@upi,balangirik@upi,4635.43,2026-08-06T02:34:09,Kolkata,534764bd-7d8,0,20,0
3d55c6ca-76c5-4775-aca0-f17b2efece98,dateanvi@upi,dharazaan@upi,4770.62,2026-07-02T13:11:44,Mumbai,61876a84-17b,0,13,0
dd5b10ed-52f5-4e16-b48f-b6745d8017a2,faqidsavant@upi,indali23@upi,237.92,2026-09-22T10:08:37,Mumbai,1ca35c16-a10,0,10,0
2132058b-8fa6-44b9-8c2b-90d356b58785,yutika95@upi,mangalwahab@upi,3598.17,2026-09-11T11:05:07,Pune,534764bd-7d8,0,11,0
9566370c-fd72-458b-a5f3-c9b38fc0ed8f,aradhanaverma@upi,frederickkhurana@upi,2810.8,2026-09-15T02:21:04,Pune,256a1951-b19,0,12,0
3c9b1a10-80f3-4b94-adc3-2b13f14d132e,yashica40@upi,ekaraj45@upi,659.07,2026-08-14T10:44:26,Bengaluru,4f00d0f2-cb4,0,10,0
b81b2f9f-b662-4164-bce4-f3f06c4997b7,atharv13@upi,rajanranveer@upi,4299.64,2026-09-26T22:15:06,Kolkata,42f27329-005,0,22,0
386b5038-00ec-419b-a223-8ab728b1110a,ikakar@upi,alkadewan@upi,4792.58,2026-08-26T23:43:45,Hyderabad,4e636d14-cda,0,23,0
b428d3dd-5489-4de5-a800-64961e3c4afe,raksha87@upi,indirakanda@upi,933.78,2026-08-25T23:54:13,Mumbai,cd38bc87-080,0,23,0
55436e4f-f67e-49fc-8bf5-d4732d649e46,rudra61@upi,soodyadavi@upi,636.54,2026-09-04T10:43:33,Bengaluru,6ae81ea1-31b,0,10,0
d601708f-1cde-4add-963d-4239d32e4590,yashica46@upi,baldevika@upi,4049.77,2026-08-29T20:37:00,Akola,44bc0387-f29,0,20,0
8afc0198-54b3-4c55-aaa5-0b0888dceac9,patrickvasa@upi,jyoti29@upi,4450.83,2026-07-22T20:18:44,Pune,5486ec5a-863,0,20,0
a8b62a40-8745-4e74-a090-69ab891143d7,kom@upi,maneupasna@upi,4846.82,2026-09-10T21:02:10,Kolkata,4bc2a128-c81,0,21,0
01cd0e95-d70c-487c-b465-e6d0f8fede27,uchandran@upi,sidhudaksha@upi,4656.89,2026-07-23T16:20:16,Chennai,ea9893d5-713,0,16,0
9d992a93-afe8-4c05-9ba7-9e77bef4e2c1,krishnarama@upi,teerth09@upi,3441.96,2026-09-21T07:35:00,Kolkata,12ee3893-8c0,0,7,0
d02d6398-4536-49cb-a3a3-3256a442ac6d,anshbedi@upi,indirakanda@upi,3388.74,2026-07-17T20:03:15,Chennai,a7b3a41a-177,0,20,0
5baf7ac5-c01d-40f2-9da9-eec1779afa9c,rajanranveer@upi,chanderwarjas@upi,4419.98,2026-08-30T22:09:55,Bengaluru,d345db24-261,0,22,0
c37094de-1581-4c4c-9d30-a7be5bf4b024,gautammerchant@upi,onikannan@upi,4038.06,2026-08-11T07:24:55,Bengaluru,c39bd9f0-2f5,0,7,0
f3457045-15ae-4b0c-9bb6-600fa15b73b6,qatwal@upi,kashviedwin@upi,4703.07,2026-08-31T10:52:16,Mumbai,cc16e930-bee,0,10,0
4856eaed-3e03-4d74-bad9-ef1aaae7b64b,bnayar@upi,uaurora@upi,403.48,2026-07-19T07:28:55,Bengaluru,9ae0f61e-249,0,7,0
3d767480-e1ee-4da4-b2c1-30afed8d3bbe,bhavani27@upi,frederickkhurana@upi,4772.47,2026-07-14T02:05:00,Hyderabad,527b9e26-830,0,7,0
849aec09-726c-4a95-81c7-6612985dc267,rajanranveer@upi,koshybalveer@upi,4506.03,2026-08-31T18:26:28,Bengaluru,d345db24-261,0,18,0
325a8667-299e-4d8d-ae35-6ece2216d7c9,khatrinathan@upi,kashviedwin@upi,2045.82,2026-08-25T02:37:40,Kolkata,67200f98-d64,0,14,0
7faba7fa-7c45-44a5-a4e1-b0b717686288,qwadhwa@upi,vlanka@upi,3019.34,2026-08-11T15:00:57,Chennai,d7ea7a98-7ad,0,15,0
2f26f8f3-efe7-48d5-b513-19f19f940380,qpandya@upi,fsarma@upi,641.03,2026-07-05T22:18:44,Mumbai,420fdf64-228,0,22,0
342e302d-2037-4ced-84c6-cdf8f3c24205,ekapadjohal@upi,suhani46@upi,3296.87,2026-08-06T08:48:34,Akola,057e37c4-ccf,0,8,0
6ef3e403-3cc1-4d99-9925-45d8e32fb14f,finn70@upi,yashawinilanka@upi,529.51,2026-08-31T14:14:46,Chennai,7646228b-fd5,0,14,0
607d8a4e-a9c0-4263-ab15-b2715760f1c9,vamakshi82@upi,daksh45@upi,34211.95,2026-09-23T00:01:50,Mumbai,1673eb41-216,1,0,1
493e35bb-e528-45b2-b332-82694f5813a0,cdatta@upi,fchaudhary@upi,4340.54,2026-07-28T02:21:36,Pune,5549160f-884,0,20,0
00831d70-c206-4d19-bb41-20938103ba93,krishnanvanya@upi,aarnavmalhotra@upi,1815.05,2026-08-11T18:15:51,Bengaluru,8ff5ffba-9c3,0,18,0
bb9dac64-ab83-43fb-95da-4acd78145c2c,indirakanda@upi,darsh64@upi,1780.77,2026-08-24T02:06:39,Pune,0b3b9bf5-fe4,0,7,0
50122f39-7686-4596-a170-d9adcc730642,cswaminathan@upi,pavani85@upi,2974.61,2026-09-16T14:31:49,Kolkata,46baf193-06b,0,14,0
29d90b25-ba33-483d-b3a4-d76995bf0c74,aishanibumb@upi,xiti28@upi,4388.89,2026-08-22T04:49:53,Hyderabad,27a02a93-b8a,0,8,0
513b9088-f556-4946-841e-cef7ab504e76,aryasunder@upi,bhavnakaran@upi,3543.59,2026-07-30T15:58:11,Pune,4ceb4c19-40d,0,15,0
bc8a00b4-5455-4866-9a11-d38aab3b4b95,udantbajwa@upi,devimatthew@upi,1250.17,2026-09-03T03:49:25,Pune,cce36fe7-c93,0,14,0
d3f48db1-605f-4ce5-8b3b-7f337c959f40,advika35@upi,daksh58@upi,1916.92,2026-09-21T20:35:04,Pune,c31a4817-673,0,20,0
d7e16bea-0b18-4d8f-be98-24890393dbc6,kabirsoman@upi,kibeharsh@upi,1843.87,2026-08-16T17:05:15,Kolkata,6ef910ee-e62,0,17,0
1f8fd75d-894c-45bf-af5e-d4c3c6f9e160,vedamalhotra@upi,eyohannan@upi,2563.02,2026-07-20T12:50:46,Delhi,e558806d-c5f,0,12,0
4aafccdd-9494-40f0-83a1-6f595de0e8e9,bhavani27@upi,choudhuryjanani@upi,4215.61,2026-08-03T10:37:14,Chennai,527b9e26-830,0,10,0
9e3c247c-15b2-4b6d-8a25-8f425008878b,uchandran@upi,amaradutta@upi,1189.38,2026-08-12T08:04:48,Mumbai,ea9893d5-713,0,8,0
02534861-b999-4cd3-9275-76faf9c19759,sarinanirudh@upi,aarnavrege@upi,3145.35,2026-08-31T12:45:47,Hyderabad,6f6b6ab6-2ba,0,12,0
76bccab4-4aa5-4f89-9c65-ac1908a76657,nandinibhargava@upi,krishnanvanya@upi,1924.23,2026-08-30T07:59:35,Delhi,48e3bd88-2ee,0,7,0
fec96f41-e553-41fa-b358-e4b34635d842,ssahni@upi,pushtibal@upi,242.12,2026-09-15T04:00:55,Hyderabad,5a5477fd-633,0,19,0
197dbf7a-e8f8-448d-94ab-ba5d8f2befe2,ekbalbhasin@upi,kom@upi,3984.93,2026-09-09T16:08:31,Delhi,e8c4512b-b01,0,16,0
d81d7d66-2fc2-4d50-8112-b0880239adf8,suhaninarain@upi,teerth77@upi,2014.09,2026-07-17T18:32:30,Mumbai,eeef38f2-0d4,0,18,0
7e96e03c-43a2-41ad-a0f3-37b0ce5cdd29,osharaghavan@upi,yadavinarula@upi,98.97,2026-07-08T01:27:15,Akola,ad326f07-fe5,0,7,0
f8760386-ac9b-4b7d-a245-94bce012bed9,udantbajwa@upi,karnikazad@upi,1924.46,2026-07-03T18:42:03,Chennai,cce36fe7-c93,0,18,0
ac8da81d-d9b1-4984-8cb4-54df2feb87aa,pchhabra@upi,nihalshere@upi,95.97,2026-08-26T14:05:21,Akola,cecd6417-13d,0,14,0
a4c791cc-9e6b-4cbb-82f9-70fb3d998f04,lshere@upi,othakur@upi,561.3,2026-09-01T01:42:26,Delhi,39597721-7f3,0,18,0
af4e2e0c-f694-42e3-83f1-e5e5f89aef19,suhaninarain@upi,lalpranav@upi,4445.49,2026-07-29T20:29:19,Delhi,eeef38f2-0d4,0,20,0
587cc14e-b49f-402c-876f-b04e92ee93b3,othakur@upi,thamanorinder@upi,920.64,2026-08-14T14:38:27,Kolkata,bba7a234-41e,0,14,0
08f07312-c2c6-4995-af5d-222503612da1,alkadewan@upi,xiti28@upi,1706.31,2026-07-10T12:12:19,Bengaluru,a481934d-88c,0,12,0
d5183f50-2919-4f85-a15d-262ad519d96f,chanderwarjas@upi,petersachar@upi,4170.96,2026-08-27T00:20:42,Akola,803cb4f5-eb2,0,14,0
02813a8f-4fcb-4ea2-b860-2f575b30c3d8,ikakar@upi,aviramesh@upi,4114.04,2026-08-27T06:39:05,Bengaluru,4e636d14-cda,0,6,0
fc939272-fdb0-4a4b-9526-fac85acc2212,charan16@upi,indirakanda@upi,1036.32,2026-07-23T11:35:15,Chennai,027eadc5-718,0,11,0
2208ef66-a169-4295-883a-48419d5dd4bb,qatwal@upi,triyagopal@upi,4837.0,2026-08-19T03:52:26,Pune,cc16e930-bee,0,8,0
854aa3fd-73a5-4783-8399-1703057e76d2,pushti49@upi,fsarma@upi,1053.2,2026-07-05T00:28:32,Hyderabad,d8857b1b-100,0,22,0
76683e5c-92cd-4ffd-a164-1168cebf1530,cswaminathan@upi,sahaupkaar@upi,3646.22,2026-09-02T08:32:34,Delhi,46baf193-06b,0,8,0
2a3d19e2-2ce0-435c-a1e8-2f60b0eca893,urvashi66@upi,bhavnakaran@upi,862.59,2026-09-19T00:02:19,Pune,f2baea33-475,0,14,0
56b689af-0548-4f56-9d5c-e6866ade45a7,shagaurang@upi,chanderwarjas@upi,4838.12,2026-07-19T16:42:32,Mumbai,f2695b17-da3,0,16,0
bf800098-9755-432f-9a81-ed3a97c6cc9a,osachdeva@upi,nandinibhargava@upi,3502.22,2026-09-09T02:51:03,Bengaluru,5fbc55ef-2de,0,22,0
c4947b1a-b103-446a-b59d-66889a236c42,anamikayohannan@upi,hritikpalla@upi,34847.72,2026-09-17T03:23:06,Akola,b40cc235-eed,1,3,1
fc3ff2be-6f6b-49cb-b53b-6caac160f89f,finn70@upi,vinayakanda@upi,497.0,2026-08-12T10:08:12,Chennai,7646228b-fd5,0,10,0
df954b0b-3cf3-48d9-b05a-ea10b190f0bc,sudiksha89@upi,jkohli@upi,1216.31,2026-08-14T00:22:20,Delhi,06dc236b-954,0,8,0
d7f1753f-5b60-41d6-8f1a-bd01b1308cae,qvyas@upi,chakradevbarad@upi,1954.34,2026-09-26T00:48:49,Pune,e316ffc2-72c,0,12,0
494af517-737a-4705-aec7-ce2685860478,trivenipathak@upi,yashodadeshpande@upi,3376.87,2026-08-21T07:37:59,Chennai,6011f78b-818,0,7,0
6dce9fb2-3435-4af3-bbfd-44bf93244212,nathanielsami@upi,beramax@upi,2351.56,2026-07-13T11:07:50,Mumbai,dc6d5618-766,0,11,0
aa6e6491-4f44-4fc3-8bc4-a93c0b8175a4,ekaraj45@upi,hritikpalla@upi,693.16,2026-09-27T12:58:49,Pune,9046f951-c5c,0,12,0
9d2ff07f-6633-414f-984c-644da4cf4355,upmavenkataraman@upi,vamakshi82@upi,3227.44,2026-08-07T21:23:28,Hyderabad,38c9fa48-2f9,0,21,0
679e2139-c4e5-434f-8ad1-1e66b303fc89,bhattvamakshi@upi,lakshmi51@upi,3285.99,2026-09-02T18:34:02,Mumbai,b4b08621-6b3,0,18,0
4b723034-a6ee-4ba0-9f2b-1795ff225998,ishaanshenoy@upi,suhaninarain@upi,4545.14,2026-09-15T07:07:52,Akola,d25bdbcf-05d,0,7,0
f74c1524-d276-46c3-bd13-222423f975ac,chakradevbarad@upi,jonathansolanki@upi,1534.62,2026-08-12T16:21:47,Kolkata,a0208131-c51,0,16,0
b91326d8-4805-43dd-9c06-415c1846b26c,borramanthan@upi,uchandran@upi,574.34,2026-09-14T21:17:25,Mumbai,e997552c-ae6,0,21,0
82c644be-09ce-4827-bec9-7f0cd1e5be2d,vihaan13@upi,theodore28@upi,4325.4,2026-07-22T06:51:12,Mumbai,dda8abfe-645,0,6,0
8cec3a88-212e-4702-980d-2c60d554fec9,frederickkhurana@upi,chakradevbarad@upi,997.98,2026-07-04T22:32:08,Hyderabad,5469bd7e-cfb,0,22,0
da0e644d-e407-4e9f-b657-07a3fb18d0b2,urvashi66@upi,saumyadey@upi,4380.38,2026-08-06T09:22:47,Chennai,f2baea33-475,0,9,0
e104b3de-2f61-416d-8fa2-ff32e78b1844,koshybalveer@upi,baraldayamai@upi,3989.49,2026-08-13T07:48:50,Akola,53981699-769,0,7,0
f5838317-238d-4e23-8853-026417bace3c,indira19@upi,raksha87@upi,3192.18,2026-07-03T07:04:25,Kolkata,068a185b-655,0,7,0
21712060-d36f-468d-a86e-09acd564549e,bhavani27@upi,bhagatbrinda@upi,1726.49,2026-08-29T15:59:55,Delhi,527b9e26-830,0,15,0
af6acc12-0540-4dbf-aeba-d729c01b891f,janujapradhan@upi,baraldayamai@upi,3741.46,2026-08-04T18:24:52,Hyderabad,9c9396c8-258,0,18,0
c047c17a-42c3-4ea6-9e29-0077f8f491b2,ishaanshenoy@upi,rsathe@upi,4441.5,2026-07-30T11:39:18,Mumbai,d25bdbcf-05d,0,11,0
840036d8-059f-47a1-a3f2-6877c4a92eb9,bhandarijyoti@upi,advika35@upi,2771.14,2026-09-01T04:56:01,Delhi,32dea559-1cb,0,10,0
c09c91fa-052a-4a6d-a832-81cfb0f6235c,esawhney@upi,lshere@upi,1276.77,2026-07-07T17:48:43,Chennai,23e5b872-dee,0,17,0
a4e6733d-a748-4a64-8def-13d0644c2e37,jyoti29@upi,koshybalveer@upi,3145.77,2026-08-04T11:17:16,Mumbai,1b8449aa-325,0,11,0
0fd296a6-6eb3-4dd4-bd15-8029bd15a042,alkadewan@upi,pandeychanchal@upi,2702.73,2026-08-09T13:30:49,Delhi,a481934d-88c,0,13,0
d3e22251-ea38-4823-b977-a07209ed8517,baldevika@upi,atharv13@upi,4413.01,2026-08-18T19:53:49,Mumbai,d32ca56c-31d,0,19,0
3aaf4eaa-6f79-4eda-ab28-5cf351719ebe,aarnavrege@upi,alkadewan@upi,4062.04,2026-09-23T02:08:09,Akola,33daedc4-9e0,0,18,0
66e70447-e171-4941-a35b-52a3749ff928,janujapradhan@upi,oseth@upi,2231.26,2026-08-04T21:35:29,Bengaluru,9c9396c8-258,0,21,0
817d378c-2c12-44ef-8966-63aaaec3e107,gautammerchant@upi,kibeharsh@upi,773.91,2026-08-30T18:02:46,Akola,c39bd9f0-2f5,0,18,0
467acb84-ded2-4836-bf79-964a102c9ced,diya27@upi,bhavani27@upi,2884.87,2026-07-19T12:50:35,Bengaluru,ddd946f9-d4c,0,12,0
6a5baf19-095c-4e43-b224-d33da6156872,modibhavini@upi,petersachar@upi,2955.83,2026-07-13T02:03:45,Chennai,2ce18ffb-7ff,0,9,0
6eb996b4-170f-4dbe-a48f-afbfb36d63d9,janujasankar@upi,fsarma@upi,2596.43,2026-08-28T21:19:06,Delhi,9939ea42-a08,0,21,0
fd6d665e-a076-48fb-a5d7-a178d8623261,finn70@upi,ekbalbhasin@upi,2582.34,2026-08-16T08:54:43,Delhi,7646228b-fd5,0,8,0
0aa1ee2e-05f5-440f-b1bb-4d76e12491f2,henry25@upi,yashodadeshpande@upi,1889.84,2026-08-31T07:09:18,Delhi,166aa591-ee1,0,7,0
ac0d5dc6-9226-4194-beb1-b39b06e0de51,nathanielsami@upi,suhaninarain@upi,3557.51,2026-09-13T22:34:22,Pune,dc6d5618-766,0,22,0
f0298164-667f-454d-a405-2d661285073b,ekaraj45@upi,xiti28@upi,984.49,2026-06-30T08:36:10,Delhi,9046f951-c5c,0,8,0
61ddd4d8-6730-472a-b1a0-bbdc8ab88cfa,chakradevbarad@upi,koshybalveer@upi,2750.1,2026-07-25T16:59:43,Akola,a0208131-c51,0,16,0
e66fdc1f-ddab-4d0d-bd10-65993e8b278f,michaelborra@upi,teerth77@upi,1558.06,2026-09-27T00:38:43,Chennai,b9b15ca7-23c,0,17,0
b3f03864-8549-427e-a8e1-e0bc06fafbe3,oseth@upi,rajanranveer@upi,4396.15,2026-07-07T05:32:55,Delhi,d85c553b-6f2,0,9,0
7e27da6d-55f7-4917-906a-a3b7b0dafbe6,zaidchauhan@upi,harrisonrai@upi,1407.84,2026-08-25T05:40:26,Mumbai,f25fae62-8b8,0,16,0
37ade73d-7dec-4f21-be53-f826f6d02a45,chandani64@upi,bhavyamandal@upi,1438.28,2026-09-25T03:15:18,Mumbai,0a20b114-3c9,0,17,0
6984d3d3-879a-4533-b133-835d09b915d0,upmavenkataraman@upi,onikannan@upi,4542.95,2026-08-13T12:34:02,Pune,38c9fa48-2f9,0,12,0
3a97215e-9e41-48b6-9241-2008a2faf8e2,theodore28@upi,udantbajwa@upi,4444.07,2026-08-09T19:42:03,Akola,bf68b038-433,0,19,0
5034f774-847a-4fe5-b916-6670c6133401,amol24@upi,kabirsoman@upi,4997.25,2026-09-15T21:43:37,Pune,8937ded1-b0c,0,21,0
b8a44145-a4df-453a-9140-5df62a9f51fd,eyohannan@upi,kgole@upi,48162.5,2026-07-03T02:55:37,Pune,42303391-5b3,1,2,1
ce380c64-30ee-411c-a7df-b9b567cb85cb,charan16@upi,daksh45@upi,4772.69,2026-07-05T14:08:48,Delhi,027eadc5-718,0,14,0
16cde090-cd7b-4248-91cb-46e0fb03591c,diya27@upi,urvashi66@upi,2876.51,2026-07-15T16:42:51,Chennai,ddd946f9-d4c,0,16,0
08f87a95-e110-4d8f-aa31-51bc5e5b84ac,bhavani27@upi,mangalwahab@upi,1425.97,2026-08-06T19:04:09,Akola,527b9e26-830,0,19,0
244b12d0-2a45-4319-80c1-584f36a61bd9,qpandya@upi,triyagopal@upi,36453.17,2026-07-13T01:24:37,Bengaluru,6b418e4f-91b,1,1,1
df682604-2f3c-4e7a-95c4-c60bf976dc05,indali23@upi,bhattvamakshi@upi,4404.06,2026-07-15T19:09:38,Hyderabad,56169905-4e3,0,19,0
943d1486-ad06-4c82-b940-562e3340b28d,yashica40@upi,baraldayamai@upi,2274.55,2026-08-28T21:52:56,Mumbai,4f00d0f2-cb4,0,21,0
79a29966-a2f3-48e3-8d51-94377c6ab767,dugalnakul@upi,desaiaishani@upi,1995.13,2026-07-03T12:25:02,Hyderabad,88e8aa3c-ec0,0,12,0
4d6c9e5e-ec0c-4165-89d4-f541264f83b0,znori@upi,finn70@upi,209.48,2026-08-01T23:25:15,Chennai,575ce5f1-951,0,23,0
f2916f43-01de-4ba0-bbc4-25471aa6512d,rsathe@upi,sudiksha89@upi,4023.93,2026-08-23T18:37:33,Akola,b4287f0f-ef4,0,18,0
f01c0aab-a5ec-4e2e-b8e1-00f7402839ca,hrattan@upi,modibhavini@upi,349.23,2026-08-21T00:43:07,Kolkata,c3f5975c-ac9,0,22,0
2c28c247-7a87-402e-9780-56eed081f099,kakardivya@upi,bhavyamandal@upi,377.92,2026-08-22T10:32:15,Mumbai,5f331193-cf1,0,10,0
e86d0967-2313-4d82-808e-0a3b103d3667,lakshmi51@upi,dhaliwalupkaar@upi,2202.72,2026-08-05T01:45:36,Mumbai,c26b652f-797,0,12,0
5e96c73d-35eb-4e57-adef-c1fe3e639ae5,bhavani27@upi,ssahni@upi,3116.02,2026-08-04T10:13:19,Mumbai,527b9e26-830,0,10,0
9940d792-2276-4184-8322-08180026ef46,dharazaan@upi,falak10@upi,4559.79,2026-09-05T23:15:04,Akola,f6dfa22f-783,0,23,0
6c51a3d3-a692-49d1-b6af-a1661b0dd43f,ranbir39@upi,uchandran@upi,52234.3,2026-08-30T04:30:37,Mumbai,ae6a0bed-82a,1,4,1
b553ec5f-8085-47d1-bd61-f51414e61115,amblesamarth@upi,vedamalhotra@upi,4917.9,2026-08-12T05:53:13,Akola,8afd62cd-bcc,0,12,0
93a37947-d117-4db6-a5ab-460c3e032c68,timothy17@upi,borramanthan@upi,4245.6,2026-07-19T16:46:36,Mumbai,7750feff-f48,0,16,0
73570467-ce07-4c72-b870-481ca2814ce6,lalpranav@upi,dhaliwalupkaar@upi,1655.65,2026-08-12T03:37:43,Mumbai,4246c913-061,0,16,0
b54f0a17-bc9a-419d-a90f-4534c50cbb9f,henry25@upi,mangalwahab@upi,1874.77,2026-08-21T21:00:07,Kolkata,166aa591-ee1,0,21,0
ee32de4f-6b88-4d13-8c91-eb6672635fed,droy@upi,karnikekansh@upi,2190.15,2026-09-03T07:49:52,Mumbai,554ccb59-53a,0,7,0
9ad4b028-4d0f-4ca9-a530-2accef047c76,osharaghavan@upi,teerth09@upi,2306.31,2026-09-09T17:16:14,Delhi,ad326f07-fe5,0,17,0
9b45324c-3f7e-46de-885c-35ac9c96592e,fchaudhary@upi,pushti49@upi,153.24,2026-08-13T23:12:40,Akola,062a0cb9-2c4,0,23,0
2684bf07-999e-44e5-af3e-c5f0028d2132,pushtibal@upi,zaidchauhan@upi,3932.35,2026-09-14T23:48:19,Chennai,ef54e936-8e0,0,23,0
025435f7-241c-4aab-b641-26575d02f594,trivenipathak@upi,sawhneyojas@upi,350.98,2026-07-13T11:09:59,Akola,6011f78b-818,0,11,0
dd520af1-af00-4aed-ad25-fbb5d1e84918,patrickvasa@upi,amaradeep@upi,1380.53,2026-08-11T21:04:08,Chennai,5486ec5a-863,0,21,0
1cb5924c-7a70-4ee1-b894-2aa08d4d2b17,vinayakanda@upi,maneupasna@upi,386.44,2026-07-19T08:35:37,Bengaluru,23fef535-1f4,0,8,0
4a91afe2-ba3f-497a-b3cc-24b19df41467,pushtibal@upi,desaiaishani@upi,3191.65,2026-08-02T00:13:13,Delhi,ef54e936-8e0,0,14,0
198f9d7b-9c2f-4c06-aaa1-f867281f0e66,vmerchant@upi,zaidchauhan@upi,4610.09,2026-07-06T12:24:30,Chennai,af2f2527-a1c,0,12,0
8237028d-0520-4774-861a-cd0a41d2a06a,sidhudaksha@upi,bhatvarenya@upi,4555.15,2026-09-01T09:07:57,Bengaluru,79c4350e-7bd,0,9,0
a5f9dd91-7338-4f9a-95db-e8a542f7fbd4,harrisonrai@upi,ranbir39@upi,2996.16,2026-09-17T16:39:01,Bengaluru,e7816626-028,0,16,0
6ad219e1-db5d-4a73-93d1-95dd70f2dcf4,isha34@upi,aviramesh@upi,4207.32,2026-08-28T11:36:23,Hyderabad,8fc07b5e-994,0,11,0
58ce51f2-a2e0-4322-9980-89e29db816e0,eyohannan@upi,koshybalveer@upi,667.58,2026-08-27T16:53:39,Akola,0f358453-475,0,16,0
81f2ca11-e9c5-496b-9359-2263c024f88f,bariaazaan@upi,aarnavrege@upi,827.66,2026-07-16T17:49:52,Delhi,88c64c48-2d1,0,17,0
82c0830c-04f6-49ee-a223-c66675c21f6e,baldevika@upi,diya27@upi,2665.13,2026-07-18T00:21:28,Chennai,d32ca56c-31d,0,17,0
8dd7a7f0-f422-4ca0-b68c-0bf250556dca,yashica46@upi,amblesamarth@upi,2380.03,2026-08-03T17:28:35,Chennai,44bc0387-f29,0,17,0
9aeb810c-3535-47a5-b38c-a0c3f36f2088,yashica40@upi,qwadhwa@upi,1954.67,2026-08-21T19:19:00,Kolkata,4f00d0f2-cb4,0,19,0
0f70d5b5-e675-453b-8a78-e837c24a09a4,janujapradhan@upi,trivenipathak@upi,4702.16,2026-07-09T19:24:38,Kolkata,9c9396c8-258,0,19,0
737207b7-7df4-4970-acd8-1d87ff91a7d0,modibhavini@upi,sachdevanikita@upi,4080.24,2026-09-08T08:16:16,Hyderabad,2ce18ffb-7ff,0,8,0
f0586f3e-55c7-4dd8-9eea-8aba04cf0fd4,ekbalbhasin@upi,maneupasna@upi,1174.27,2026-09-06T10:45:33,Mumbai,e8c4512b-b01,0,10,0
04a66b94-ab0e-41ce-a67f-203543f7f736,vlanka@upi,uchandran@upi,467.77,2026-09-16T15:34:45,Akola,a07327ee-ec0,0,15,0
1200e4a5-1b05-4bfc-b28e-fb46b8419b54,znori@upi,beramax@upi,1448.16,2026-07-20T23:36:12,Delhi,575ce5f1-951,0,23,0
a19e1ae5-c9a5-461d-b6d8-62dc26073f13,fchaudhary@upi,timothy17@upi,3878.96,2026-07-06T10:34:02,Hyderabad,062a0cb9-2c4,0,10,0
190b9285-2b11-428a-bdb2-e64c7a446596,aarnavmalhotra@upi,rsathe@upi,4559.38,2026-08-25T17:38:04,Chennai,de316df9-cc5,0,17,0
305a088b-9cc1-495c-93c7-c8b929732d82,dayamai55@upi,yauvanicomar@upi,3212.39,2026-09-05T02:05:22,Kolkata,4e7f1479-d7f,0,19,0
c87b3b55-61a7-4a71-9295-25c411ce9cf3,ishakuruvilla@upi,hyadav@upi,1228.42,2026-09-14T14:02:52,Kolkata,6bc0dd84-3b8,0,14,0
b22f8e4c-3e95-4394-9216-159e238c734f,hritikpalla@upi,modibhavini@upi,3821.78,2026-09-17T17:02:22,Bengaluru,72907c22-57a,0,17,0
05311e6b-4ae0-45ae-beb9-ab71dfffd92f,alkadewan@upi,yashawinilanka@upi,3572.45,2026-08-29T10:10:31,Mumbai,a481934d-88c,0,10,0
9761d8de-d6ee-4f7b-b781-e451e03aa27a,mray@upi,baraldayamai@upi,2395.77,2026-08-29T14:01:40,Delhi,4d9d1830-dbb,0,14,0
fbf8ed70-b9c4-4aa5-b9f6-290b38fa5a57,jyoti29@upi,ssahni@upi,1664.09,2026-08-19T04:42:10,Mumbai,1b8449aa-325,0,8,0
7e48bba4-b45a-4071-98ad-417e64c168c4,bhavyamandal@upi,shagaurang@upi,3826.07,2026-07-26T13:20:10,Hyderabad,dc1c0b6c-2bd,0,13,0
88b2951e-b9c0-479d-89a5-16f379cba5e0,indali23@upi,michaelborra@upi,111.07,2026-09-18T09:48:34,Delhi,56169905-4e3,0,9,0
e520a3bc-a98d-4de9-8d03-214f9c7791f7,hrattan@upi,aradhanaverma@upi,4697.67,2026-07-28T21:54:42,Delhi,c3f5975c-ac9,0,21,0
9ad02afd-77ca-47b1-8586-54baa45aab1e,sarinanirudh@upi,uaurora@upi,3901.71,2026-07-04T03:40:29,Chennai,6f6b6ab6-2ba,0,12,0
26ae2886-2d2e-4af2-ba3b-82717ca29af9,yashodadeshpande@upi,avarkey@upi,813.76,2026-09-12T22:08:47,Akola,976e20dc-d26,0,22,0
ef77bcd7-dcc7-4cac-8e3b-92274f739b54,indira19@upi,rsathe@upi,940.03,2026-09-12T13:07:24,Hyderabad,068a185b-655,0,13,0
417f6b33-3e28-4c57-870c-4e75b3965e37,odhar@upi,aishanibumb@upi,1359.11,2026-08-05T19:34:06,Delhi,0fcd6a35-7c5,0,19,0
650198dc-dcb5-49aa-94f2-90674c9e8e2d,yauvanicomar@upi,amol24@upi,3662.57,2026-07-11T17:44:20,Chennai,b458f741-708,0,17,0
53b09801-d9df-4f95-88fb-4accbd720eb1,vamakshi82@upi,henry25@upi,2653.78,2026-09-15T03:20:50,Bengaluru,54f56fb8-041,0,20,0
0d9e7714-ace2-4014-a765-81734aedf49c,osharaghavan@upi,lshere@upi,4724.11,2026-07-24T20:27:46,Bengaluru,ad326f07-fe5,0,20,0
dc1e6dd8-10d2-465f-a184-5f04e135cb73,falak10@upi,fsamra@upi,3851.6,2026-09-09T09:35:55,Delhi,ddebfabe-8b8,0,9,0
12fa991d-f4cf-4296-841a-2ce6c314b55d,odhar@upi,dayamai55@upi,479.35,2026-09-07T18:13:08,Delhi,0fcd6a35-7c5,0,18,0
8db301ba-8ccf-4cda-b123-a1aa4da6a6af,shagaurang@upi,ikakar@upi,3250.48,2026-07-02T22:24:29,Delhi,f2695b17-da3,0,22,0
840011d6-273f-45c5-b8e1-5495a478acf4,shivansh53@upi,dayamai55@upi,556.05,2026-09-25T21:23:15,Delhi,40f069c3-46c,0,21,0
b861d8d6-aa1f-48b9-80b4-678e2c6522b8,maneupasna@upi,indira19@upi,3018.82,2026-08-13T21:24:18,Akola,e7ceef85-245,0,21,0
e5ec4cb2-2981-4b6e-a87e-0b0d2055c059,amblesamarth@upi,sahaupkaar@upi,27044.67,2026-07-05T01:01:34,Kolkata,12da80fa-522,1,1,1
afb8d0d3-be02-46c5-b538-88d813f50377,beramax@upi,indira19@upi,1647.97,2026-07-22T17:51:56,Chennai,66663ca1-cbd,0,17,0
4fe5cf45-586c-46d4-bc79-67db411e1700,amblesamarth@upi,oseth@upi,2896.93,2026-07-05T21:05:45,Akola,8afd62cd-bcc,0,21,0
ec594d61-349d-48d5-8a6c-d4b7bd8d9417,chakradevbarad@upi,jyoti29@upi,3974.06,2026-07-26T15:07:22,Hyderabad,a0208131-c51,0,15,0
fe12facf-1233-41ac-a646-d611d846ccce,shroffbhavna@upi,rajanranveer@upi,1695.58,2026-08-09T22:53:49,Chennai,b34f4617-f13,0,22,0
66d0bebf-7720-47a9-9add-ded224a4711e,aradhanaverma@upi,pushti49@upi,1481.58,2026-08-31T17:48:50,Mumbai,256a1951-b19,0,17,0
9096f632-1d48-458e-97b0-8e47c44e27ee,hyadav@upi,vedamalhotra@upi,3563.42,2026-09-09T21:46:24,Hyderabad,7662df68-57c,0,21,0
15a7119d-517b-4217-8c94-9da1f9d8983b,urvashi66@upi,baraldayamai@upi,4686.21,2026-09-01T09:22:43,Hyderabad,f2baea33-475,0,9,0
22ba68ea-7115-4990-aea0-7e262034b8f7,khatrinathan@upi,tanvi51@upi,3377.62,2026-08-10T14:47:52,Akola,67200f98-d64,0,14,0
fc69ff32-8d2d-424f-9a92-0d21779cb9de,dayamai55@upi,urvibhavsar@upi,559.33,2026-09-17T00:31:52,Hyderabad,4e7f1479-d7f,0,12,0
207be07f-f0ff-40aa-986f-40d53babf724,zdeol@upi,gauriganguly@upi,48790.78,2026-09-20T01:25:25,Mumbai,f7a4bef6-fe1,1,1,1
a94945f9-0b79-4eeb-ba2e-7ddf2c03a273,uaurora@upi,jyoti29@upi,2651.1,2026-08-24T04:46:50,Kolkata,ee6efdd6-203,0,22,0
5e8bb316-d652-4a50-a1f9-f8586b791a2d,yashodadeshpande@upi,ekapadjohal@upi,809.21,2026-07-30T20:52:21,Akola,976e20dc-d26,0,20,0
4fdaf161-08de-4806-9cb3-4c4329cbbebd,soodyadavi@upi,dateanvi@upi,2242.87,2026-08-17T19:29:50,Hyderabad,82f6eeaf-083,0,19,0
68ccc4a6-e920-4c2a-9bbb-dbeedd51e9c3,bcherian@upi,kakardivya@upi,4247.65,2026-08-24T15:38:14,Akola,c441206e-dd2,0,15,0
95f2ba0e-3527-4963-b450-ef850913fa2e,yashica40@upi,mkapadia@upi,4778.8,2026-07-28T20:18:13,Delhi,4f00d0f2-cb4,0,20,0
9ece9851-b722-40b1-a773-3040eccbfb5f,zarnapathak@upi,ranbir39@upi,44408.97,2026-07-10T01:50:24,Pune,93f3d487-77d,1,1,1
b55bde6a-4c15-4cb1-bec7-c853a60b1a7e,dugalnakul@upi,onikannan@upi,4094.34,2026-08-18T19:34:55,Akola,88e8aa3c-ec0,0,19,0
39a7de9b-b69e-429c-8875-8fc681a3cc19,ojasvi77@upi,mananbakshi@upi,4846.53,2026-08-11T05:35:38,Pune,436c8c6f-1ee,0,12,0
ee193769-9bfa-445a-86bd-82d9a72d2c4a,nattdominic@upi,lalpranav@upi,1503.05,2026-07-05T08:55:23,Pune,a40028bd-8ea,0,8,0
e21d68e3-89c3-4387-b93e-ebc8b4143e88,ekapadjohal@upi,udantdewan@upi,3647.2,2026-07-04T15:44:08,Pune,057e37c4-ccf,0,15,0
3157145f-303d-40f6-85e2-4aec45242d3c,indali23@upi,anamikayohannan@upi,3789.65,2026-08-19T04:08:03,Delhi,56169905-4e3,0,8,0
ddf20e48-3183-448e-829b-a70f689ee224,bhandarijyoti@upi,indira19@upi,2614.07,2026-09-24T03:51:01,Bengaluru,32dea559-1cb,0,13,0
42e86694-9378-4642-9319-22948d8cc386,fsarma@upi,osharaghavan@upi,1191.34,2026-09-09T02:36:03,Akola,7033c9dc-e9c,0,7,0
78247036-8ccd-4369-a628-d712d0eb7e1c,lshere@upi,ishakuruvilla@upi,59.68,2026-07-22T19:16:09,Chennai,39597721-7f3,0,19,0
8d5ba5f2-d0b6-4dfb-8552-7056ffbececf,owen10@upi,amaradutta@upi,4338.9,2026-07-11T12:44:52,Kolkata,2a881e5f-0a3,0,12,0
10936612-4470-4361-b422-a6572ebe0625,ishakuruvilla@upi,devimatthew@upi,1339.01,2026-09-23T12:16:04,Akola,6bc0dd84-3b8,0,12,0
9a3189dc-33c3-48f2-adc6-24369d69751d,henry25@upi,ojasvi77@upi,2276.78,2026-09-20T01:13:49,Akola,166aa591-ee1,0,15,0
b7fc40f0-1748-4704-81b1-a3c018c4347f,aarnavrege@upi,trivenipathak@upi,771.93,2026-07-20T02:15:27,Bengaluru,33daedc4-9e0,0,22,0
ba2a610e-bc99-4856-ab34-b51e6ccdcc93,bhagatbrinda@upi,amblesamarth@upi,937.89,2026-09-20T23:49:36,Pune,d766091e-4d5,0,23,0
4805c3f8-1a1e-4cc4-8430-109e5aa00818,diya27@upi,jonathansolanki@upi,1065.68,2026-09-06T19:24:41,Mumbai,ddd946f9-d4c,0,19,0
8c653404-f634-48d7-b7cd-5f8c67024542,bcherian@upi,shivansh53@upi,2083.65,2026-07-29T01:08:20,Akola,c441206e-dd2,0,8,0
0d60d102-ef53-49c1-8d61-77b56288db3d,aradhanaverma@upi,suhani46@upi,1534.87,2026-07-04T16:01:59,Delhi,256a1951-b19,0,16,0
5857b5ce-e7ad-4369-b2c8-5ae8f20f0c2c,priya51@upi,ranbir39@upi,4761.61,2026-07-09T13:09:49,Akola,5f36b3fa-a9d,0,13,0
87e2f3fb-6faf-4523-b243-1a71b3b09d9c,aryasunder@upi,uaurora@upi,1721.89,2026-08-05T00:21:00,Bengaluru,4ceb4c19-40d,0,22,0
6d77b86a-93b7-4ff6-943d-8f8c9cc2f422,oseth@upi,kibeharsh@upi,3344.49,2026-09-25T02:39:15,Akola,d85c553b-6f2,0,11,0
3896c451-0f5a-4607-83df-ab9844edfa46,gauriganguly@upi,yashawinilanka@upi,57.83,2026-07-19T19:12:00,Mumbai,c72e7ae4-f85,0,19,0
cd34cf5d-32d2-425a-85df-f11fab11df33,isha34@upi,nihalshere@upi,4160.84,2026-08-31T09:04:46,Hyderabad,8fc07b5e-994,0,9,0
8807bbe0-0e74-4f06-bd3f-2e6afa2da6c8,hyadav@upi,modibhavini@upi,1340.83,2026-07-13T23:03:18,Chennai,7662df68-57c,0,23,0
3c6ec63e-5ccc-46b7-8230-c0ec395bb78d,aarnavrege@upi,onikannan@upi,4530.14,2026-08-20T09:14:10,Akola,33daedc4-9e0,0,9,0
4f142a5e-df9b-4a9e-8783-7be169ce9ae4,khatrinathan@upi,farhanchada@upi,375.13,2026-09-19T19:56:54,Hyderabad,67200f98-d64,0,19,0
70118724-cb80-4e6f-93f3-0d5bd1f3662e,charan16@upi,diya27@upi,438.46,2026-07-17T21:23:21,Mumbai,027eadc5-718,0,21,0
bed65497-450a-4bb6-94f3-3ca82be2a733,tanvi51@upi,finn70@upi,937.75,2026-08-21T06:44:36,Mumbai,df69cfd2-a83,0,6,0
49007d29-5538-425a-83b7-331521afcb34,ojasvi77@upi,chandani64@upi,1117.69,2026-09-03T04:33:21,Kolkata,436c8c6f-1ee,0,20,0
4d3c71f7-531c-42b6-b239-2b345fea1a13,choudhuryjanani@upi,qnayar@upi,12906.85,2026-08-06T03:19:45,Hyderabad,90838e8a-8ae,1,3,1
5757db07-55f4-4d22-8bc4-928f3f417f20,mananbakshi@upi,pandeychanchal@upi,989.39,2026-08-14T23:16:49,Bengaluru,bbc34ec7-2f8,0,23,0
2acdd5d6-c8e3-4841-9458-2140ae242895,sawhneyojas@upi,ekbalbhasin@upi,3672.0,2026-07-17T10:01:22,Chennai,925a5673-7ea,0,10,0
7a06f0f7-e441-40ff-a943-4b1465fe5c3d,thamanorinder@upi,ekarajbath@upi,3567.74,2026-07-05T10:23:51,Kolkata,2a9bc1a4-1d0,0,10,0
3d264d21-e4a3-46a5-a80a-18e6a6dbd41d,ekbalbhasin@upi,raigunbir@upi,939.87,2026-08-24T08:15:42,Bengaluru,e8c4512b-b01,0,8,0
da3b479a-0e75-4a77-91d8-aa64cc04065a,ansh98@upi,falak10@upi,742.28,2026-09-11T19:28:11,Kolkata,996b3a25-6da,0,19,0
11aa1ba2-a71b-450e-87b4-604d271e9656,theodore28@upi,dateanvi@upi,1836.58,2026-07-31T21:00:11,Chennai,bf68b038-433,0,21,0
acf59129-93a7-4b61-bcff-26487551c018,rudra61@upi,frederickkhurana@upi,4276.45,2026-09-13T09:19:33,Pune,6ae81ea1-31b,0,9,0
55b18da1-3d21-4d82-9036-f36d467165bb,qvyas@upi,dateanvi@upi,3821.73,2026-09-26T19:01:43,Kolkata,e316ffc2-72c,0,19,0
5dd88b66-d666-4677-a690-48053641c426,onadig@upi,sudiksha89@upi,1892.59,2026-07-28T16:58:38,Delhi,2edf66dc-30a,0,16,0
a222ec0a-4d1a-4093-9582-736429939c8b,qpandya@upi,yashawinilanka@upi,1679.58,2026-08-25T19:42:12,Chennai,420fdf64-228,0,19,0
59a45b6c-9c28-4370-a774-28e8a534095c,kom@upi,dharazaan@upi,4925.56,2026-07-14T08:35:11,Chennai,4bc2a128-c81,0,8,0
8c315f73-cedd-40da-99ea-8230c81705bd,vinayakanda@upi,balangirik@upi,2881.2,2026-09-07T22:43:38,Bengaluru,23fef535-1f4,0,22,0
5262aa53-af2e-48dd-baba-d29cd260d421,uaurora@upi,janujapradhan@upi,1499.52,2026-09-16T10:48:56,Bengaluru,ee6efdd6-203,0,10,0
fcfc8130-1508-4a5f-b2d9-fcfdf1a0845c,charan16@upi,osharamachandran@upi,580.46,2026-09-12T20:13:32,Akola,027eadc5-718,0,20,0
8342648e-8d77-4aae-b31b-d13ad0aebe78,hritikpalla@upi,harrisonrai@upi,4777.5,2026-09-02T01:08:30,Kolkata,72907c22-57a,0,14,0
b6d0f617-fda7-4287-87cd-3dd86fde7cfd,nihalshere@upi,pushti49@upi,2219.19,2026-09-22T19:34:16,Chennai,fed80d2e-7e6,0,19,0
26ffb44a-7d6f-4a72-b5a4-a2e451ea63f1,upai@upi,teerth09@upi,1116.56,2026-07-06T10:53:33,Hyderabad,eb6db7d5-b4b,0,10,0
47f9c874-21a5-44ca-b985-f74f065b1f15,pradhankalpit@upi,bhavnakaran@upi,1263.89,2026-08-03T17:37:00,Delhi,4db802c1-9ff,0,17,0
b8b7c413-52b2-4dee-be3e-bb686f0e7979,lshere@upi,ksehgal@upi,4703.44,2026-08-26T23:51:39,Bengaluru,39597721-7f3,0,23,0
e8b668a1-0811-46f9-bd4c-c106f79d35d0,qatwal@upi,rsathe@upi,3059.25,2026-07-26T10:11:42,Chennai,cc16e930-bee,0,10,0
3f6e91e4-451f-4bdb-bddd-1a00b134be64,saumyadey@upi,vamakshi82@upi,3105.95,2026-09-02T17:13:13,Hyderabad,a9e6a037-41e,0,17,0
2bedcb02-1c01-4044-aaca-c7b8f7d3ec6e,borramanthan@upi,sachdevanikita@upi,45747.03,2026-07-12T04:44:09,Mumbai,5996abff-1ba,1,4,1
abe69855-5b8f-4027-91ce-40dfe3b18796,petersachar@upi,sachdevanikita@upi,782.33,2026-07-24T12:12:17,Chennai,dc7609f9-ab8,0,12,0
a45a2504-49cf-4702-8314-94231a9afc5c,rajanranveer@upi,yutika95@upi,4305.2,2026-09-22T19:53:03,Delhi,d345db24-261,0,19,0
ace66724-5a75-4ff8-9bf7-f2ea91be8d77,krishnanvanya@upi,priya51@upi,4363.65,2026-08-07T02:09:18,Chennai,8ff5ffba-9c3,0,13,0
2cef29e9-edab-4a63-9253-6b2f3aa5aa38,daksh45@upi,fsarma@upi,106.41,2026-09-17T04:42:38,Pune,072ac257-0f0,0,14,0
4610f2b2-848f-4c42-b1b5-b72e04b54d0d,nandinibhargava@upi,harini14@upi,895.34,2026-08-23T07:01:42,Pune,48e3bd88-2ee,0,7,0
db3f933f-5fd1-45fb-99a2-5dfb9317a244,ishakuruvilla@upi,amaradeep@upi,1275.18,2026-08-13T08:50:05,Akola,6bc0dd84-3b8,0,8,0
64e3abcc-4929-4f35-bc17-aad063e7136c,bhavnakaran@upi,shroffbhavna@upi,4401.82,2026-08-04T07:57:41,Kolkata,acdecfc2-24d,0,7,0
c1f4cc52-fc3f-459c-8934-1f10ce4cac40,farhanchada@upi,randhawaanvi@upi,67544.07,2026-09-08T01:01:29,Kolkata,7b5329ea-e3b,1,1,1
8724a736-b8c2-47d7-8ec4-fa40d246def4,ksehgal@upi,ekarajbath@upi,3171.9,2026-09-16T10:47:05,Delhi,c2d55ab7-5eb,0,10,0
209c280a-3b2c-4824-a503-635bf6cfa9b8,bhandarijyoti@upi,gauriganguly@upi,835.97,2026-08-23T08:53:23,Hyderabad,32dea559-1cb,0,8,0
824df71d-c66a-48f0-920b-e2ecf2f4e5ac,ssahni@upi,utkarsh52@upi,1421.87,2026-07-11T00:00:34,Delhi,5a5477fd-633,0,18,0
6b77099e-2043-4394-8f0b-aa5b865bc65d,zdeol@upi,sidhudaksha@upi,41773.58,2026-09-01T04:54:56,Akola,38a11bf0-266,1,4,1
ccbcf90e-b212-4391-95f6-6265a2de26d6,choudhuryjanani@upi,kakardivya@upi,915.72,2026-09-21T12:30:37,Kolkata,4c93c7d1-a58,0,12,0
86b1fa72-4725-45e5-8de0-d1f76a7983b2,mray@upi,bhattvamakshi@upi,1343.59,2026-09-24T14:03:32,Kolkata,4d9d1830-dbb,0,14,0
4748e87b-3096-4e0c-9803-7a94ccad73c8,advika35@upi,onadig@upi,420.4,2026-07-28T10:37:55,Hyderabad,c31a4817-673,0,10,0
92eb85f3-eb39-47bf-a1ad-d12f64f721b9,osharamachandran@upi,aarnavrege@upi,1552.69,2026-09-12T09:32:03,Mumbai,29194246-377,0,9,0
b13f0b29-526b-41a0-b5cf-b9368f0a2f68,qwadhwa@upi,vihaan13@upi,1287.6,2026-07-27T12:00:07,Chennai,d7ea7a98-7ad,0,12,0
9154b129-3f01-4d87-a11e-e6634a83f9dc,ksehgal@upi,krishnanvanya@upi,783.42,2026-07-22T19:22:45,Hyderabad,c2d55ab7-5eb,0,19,0
4fd78e77-29fe-49e3-8f20-1e7987b26b5e,soodyadavi@upi,dayamai55@upi,4393.17,2026-08-23T23:28:33,Mumbai,82f6eeaf-083,0,23,0
ec23c98f-6668-4001-9bea-7e4a86e6874b,aviramesh@upi,bhattvamakshi@upi,3891.93,2026-09-05T23:29:21,Pune,ce2fa891-0b2,0,23,0
550c833b-f9c9-4a14-bec5-348c82aae818,teerth77@upi,amol24@upi,4133.0,2026-09-10T08:05:22,Kolkata,195c66ab-c8b,0,8,0
46bdec8d-2ae9-44bf-9c2b-ca2373cbe897,trivenipathak@upi,gauriganguly@upi,4830.12,2026-07-17T07:49:07,Delhi,6011f78b-818,0,7,0
6eb530b6-ffbd-46fb-8553-579f8a668835,cswaminathan@upi,beramax@upi,3190.12,2026-07-16T14:34:44,Bengaluru,46baf193-06b,0,14,0
9d955467-353e-4eb3-a0c7-1028ac9973ae,ekarajbath@upi,nidhikohli@upi,19822.22,2026-08-04T04:35:17,Bengaluru,eb3621ae-a3f,1,4,1
4d48c9e8-828a-4d1e-aa93-6e3ab6588e20,shivansh53@upi,cdatta@upi,4015.45,2026-07-17T04:44:34,Hyderabad,40f069c3-46c,0,11,0
61b2c6b3-c536-4ffb-8bbd-aa45f7fc75e4,kabirsoman@upi,suhani46@upi,114.78,2026-07-16T16:14:48,Pune,6ef910ee-e62,0,16,0
87af0a43-981f-4c87-a9a6-963a132e483d,nandinibhargava@upi,vmerchant@upi,34338.08,2026-09-18T04:37:23,Kolkata,d696a990-470,1,4,1
97a6cb9b-11a1-4eef-99f4-fa403b286cc9,chanderwarjas@upi,osachdeva@upi,3522.78,2026-09-19T05:38:35,Bengaluru,803cb4f5-eb2,0,22,0
6d80cea4-2744-4e84-9f8d-fd921b40bf83,vlanka@upi,chakradevbarad@upi,2399.22,2026-09-05T06:36:00,Bengaluru,a07327ee-ec0,0,6,0
666880c4-fe92-4af5-81b4-680ded4ecb44,ishakuruvilla@upi,chandani64@upi,895.62,2026-08-05T17:53:45,Hyderabad,6bc0dd84-3b8,0,17,0
fffd3ee7-3ae0-4e63-86b7-a83036e0b99c,pchhabra@upi,hritikpalla@upi,502.07,2026-08-18T18:40:18,Mumbai,cecd6417-13d,0,18,0
d523288a-eaa0-47b6-8c99-c225cdc3dfe1,nathanielsami@upi,aryasunder@upi,3941.98,2026-07-03T20:53:39,Bengaluru,dc6d5618-766,0,20,0
53063104-5e90-4c71-ae4b-78833dc3cd7e,osachdeva@upi,aviramesh@upi,1404.55,2026-07-04T22:49:04,Delhi,5fbc55ef-2de,0,22,0
bfdfa452-de57-418e-a476-b7f18de666a6,nihalshere@upi,kibeharsh@upi,2146.53,2026-09-16T17:53:20,Akola,fed80d2e-7e6,0,17,0
0a144825-a59b-47ac-9602-93aadb23f79e,osharaghavan@upi,urvashi66@upi,4183.77,2026-07-27T19:56:12,Hyderabad,ad326f07-fe5,0,19,0
9fafd292-aa44-4705-aa37-450b2f450513,alkadewan@upi,othakur@upi,536.1,2026-08-17T08:40:23,Kolkata,a481934d-88c,0,8,0
cf54b992-29bc-4214-bce4-459acf2e2c45,devimatthew@upi,dateanvi@upi,1715.16,2026-09-14T02:12:52,Kolkata,a1b0f18a-d9c,0,17,0
d27fdbf6-c088-4dfa-bade-43d766af5bff,trivenipathak@upi,bhavani27@upi,4078.5,2026-08-25T20:46:43,Pune,6011f78b-818,0,20,0
83d5d100-2f20-4fb7-9406-7c63ef32e6df,sachdevanikita@upi,raksha87@upi,4355.44,2026-08-13T03:54:40,Pune,84a60f35-56b,0,7,0
f19533ca-07c1-4b46-999a-61b6c97dbce8,harini14@upi,cdatta@upi,1972.67,2026-09-06T04:28:58,Hyderabad,5f85b4a0-39c,0,13,0
d6c68547-80f1-4a3f-a5ca-b380bf3b6608,bhatvarenya@upi,nattdominic@upi,2057.08,2026-07-30T10:58:06,Pune,e7b4cbd8-66d,0,10,0
7d1dfe4b-ed84-42f1-bc13-c6c9222e2095,grewalekapad@upi,qpandya@upi,1810.5,2026-09-06T01:37:13,Bengaluru,48f0b03d-9d3,0,15,0
b9696181-0d6d-4b98-a7b9-7b6d87bfe960,vinayakanda@upi,vedamalhotra@upi,1286.99,2026-08-23T10:08:23,Chennai,23fef535-1f4,0,10,0
0f908555-f1fa-4160-866f-d2882e75d36d,janujasankar@upi,koshybalveer@upi,1212.56,2026-07-30T17:23:09,Pune,9939ea42-a08,0,17,0
06302eb2-e163-4c76-8d2c-b8dcee461cb0,zdeol@upi,zarnapathak@upi,562.59,2026-08-03T03:38:56,Akola,500c5ea8-5e7,0,19,0
492eebbc-d273-45a0-9693-9edafd10e7aa,bhandarijyoti@upi,indira19@upi,4621.21,2026-09-04T06:15:14,Delhi,32dea559-1cb,0,6,0
10b16b8a-7b8d-4d22-8937-c545775b1f8d,rsathe@upi,teerth77@upi,996.24,2026-09-20T11:29:54,Akola,b4287f0f-ef4,0,11,0
b857a35d-032d-4d42-9297-6a587dad2e5b,soodyadavi@upi,indali23@upi,465.54,2026-08-30T18:36:23,Chennai,82f6eeaf-083,0,18,0
fcd5188c-184d-42ab-a021-4d0d1b55ba29,fswamy@upi,yutika95@upi,2440.58,2026-08-04T06:26:13,Chennai,ffe1ecd3-cab,0,6,0
fcfc3cd2-b242-432c-8730-a1a1b878e1bc,ekarajbath@upi,indali23@upi,2657.88,2026-07-21T05:10:13,Hyderabad,9134902d-876,0,17,0
b7147a81-5555-4555-be77-9ae41b4ffee0,baldevika@upi,raigunbir@upi,560.85,2026-08-12T02:44:21,Akola,d32ca56c-31d,0,16,0
8e2b4eba-c797-4c37-886d-34cd9029fab7,yauvanicomar@upi,jonathansolanki@upi,1933.84,2026-09-17T08:23:36,Chennai,b458f741-708,0,8,0
9c773f50-a575-43c3-acae-0d6234d6645c,osachdeva@upi,oseth@upi,436.61,2026-08-08T20:00:28,Delhi,5fbc55ef-2de,0,20,0
97b1d07f-84eb-45c0-b123-eb7f17cf3f4f,chandani64@upi,sudiksha89@upi,3114.71,2026-08-11T05:09:27,Akola,0a20b114-3c9,0,18,0
107b6d7a-733d-46ae-a01a-e18c2589d471,lalpranav@upi,osachdeva@upi,4944.65,2026-07-26T21:40:00,Kolkata,4246c913-061,0,21,0
335f2e34-1182-4b5b-bdf0-8c793de74e40,dugalnakul@upi,choudhuryjanani@upi,96.11,2026-07-18T13:49:53,Delhi,88e8aa3c-ec0,0,13,0
dfaa8002-ea61-4366-9b41-0aa3e9c87138,alkadewan@upi,rudra61@upi,362.35,2026-09-07T11:38:52,Kolkata,a481934d-88c,0,11,0
d798ed8e-6543-4871-a78e-012b8b337015,indali23@upi,petersachar@upi,3399.66,2026-08-06T06:30:03,Delhi,56169905-4e3,0,6,0
6fa8ffaa-17a5-40ed-b622-dd4358890841,balangirik@upi,ansh98@upi,3039.22,2026-09-07T07:40:33,Akola,1960d8de-cb3,0,7,0
206c331e-0f47-499d-9d6b-37014caad2de,triyagopal@upi,nattdominic@upi,2590.53,2026-09-20T12:58:13,Delhi,6fa13b38-3c4,0,12,0
939cab35-272b-485a-a51e-ea3587ac8ec6,ssahni@upi,qatwal@upi,197.5,2026-07-24T04:56:01,Pune,5a5477fd-633,0,14,0
961d2c01-b859-4425-8c40-6f01453dff80,owen10@upi,soodyadavi@upi,4575.94,2026-08-02T05:57:47,Akola,2a881e5f-0a3,0,17,0
00ca9858-375e-4f37-b0a1-7c6b36869c53,randhawaanvi@upi,harini14@upi,1339.02,2026-07-11T04:50:00,Bengaluru,4e527681-5a1,0,13,0
75a37225-b2b2-4c20-83b7-4b58032f8915,teerth09@upi,gautammerchant@upi,3005.01,2026-07-08T03:51:17,Chennai,ffd45e2d-603,0,10,0
e987afa6-e92c-4116-ab9f-17b21c7c79ab,henry25@upi,vmerchant@upi,952.29,2026-09-13T13:53:31,Bengaluru,166aa591-ee1,0,13,0
ba37cd32-212f-4b65-a23c-21e0e8910b07,ekantika31@upi,randhawaanvi@upi,4825.37,2026-07-28T00:27:14,Delhi,c10de943-186,0,7,0
40b853f3-3f46-4d0d-ad0e-83076e9511e6,hritikpalla@upi,choudhuryjanani@upi,1243.35,2026-09-20T16:50:16,Delhi,72907c22-57a,0,16,0
c86cbec8-1ca2-40f5-9eb3-9d39b1852792,mkapadia@upi,cdatta@upi,1340.37,2026-07-24T20:50:13,Akola,7e9eef66-f41,0,20,0
1bd7bb73-48e9-4367-b725-662de719f6ef,kabirsoman@upi,kibeharsh@upi,1560.68,2026-07-13T01:49:33,Delhi,6ef910ee-e62,0,16,0
838bfac4-dd01-4fab-87d6-a645ea0c4437,mangalwahab@upi,ojasvi77@upi,3554.97,2026-07-13T01:16:32,Delhi,ddfc0db5-5e5,0,9,0
34a22737-295d-4bc9-a8b1-79c598c9f1b1,baldevika@upi,rajanranveer@upi,4853.94,2026-08-04T21:39:07,Akola,d32ca56c-31d,0,21,0
b1c1b8ab-e9c9-489d-93e3-b8c00ef15ef0,qwadhwa@upi,eyohannan@upi,3560.04,2026-09-24T02:35:59,Bengaluru,d7ea7a98-7ad,0,17,0
c687b1a1-39bf-440a-a67a-e2d9bfe31e17,dhaliwalupkaar@upi,dhaliwalupkaar@upi,3563.64,2026-08-27T20:25:25,Hyderabad,7a9a9350-e0a,0,20,0
cdf79d6c-73ef-4613-83e1-87baa9fd6447,onadig@upi,avarkey@upi,1506.18,2026-07-16T09:05:38,Bengaluru,2edf66dc-30a,0,9,0
abf1f698-668f-4ab9-9fbc-c6343f2fd7b8,anshbedi@upi,darsh64@upi,47914.51,2026-08-17T00:26:36,Hyderabad,5ef049b2-033,1,0,1
caf733c3-50b8-4e9e-b2b2-b71058b169fb,krishnarama@upi,ekbalbhasin@upi,1477.93,2026-09-21T00:12:52,Bengaluru,12ee3893-8c0,0,11,0
3d32ca35-5299-4186-8d35-1dee726d28b3,choudhuryjanani@upi,onikannan@upi,3021.93,2026-09-11T13:47:36,Hyderabad,4c93c7d1-a58,0,13,0
cc7f4686-e190-4626-862f-303db0288c6a,udantbajwa@upi,sarinanirudh@upi,690.64,2026-06-30T23:57:10,Akola,cce36fe7-c93,0,23,0
2775115e-bdf2-4a64-9f5b-9896b4ea2f5a,soodyadavi@upi,roak@upi,881.04,2026-09-12T17:53:09,Delhi,82f6eeaf-083,0,17,0
f522730b-419d-487e-844f-3aca1ea9ceb0,uaurora@upi,esawhney@upi,3142.13,2026-07-12T18:52:57,Chennai,ee6efdd6-203,0,18,0
2fd21ed0-a928-493a-8f0e-c11e7b8e1ea1,nihalshere@upi,koshybalveer@upi,1633.21,2026-07-06T01:52:17,Mumbai,fed80d2e-7e6,0,12,0
afca13bd-635d-4ebf-b329-65bb9ca86f87,harrisonrai@upi,gautammerchant@upi,2126.99,2026-09-26T11:54:34,Kolkata,e7816626-028,0,11,0
48f6231f-0165-4fd2-8a13-c16992645f20,onadig@upi,bhattvamakshi@upi,4048.81,2026-09-06T01:28:36,Hyderabad,2edf66dc-30a,0,14,0
c4830852-29fe-4b6f-8ee2-d38cacf21de1,trivenipathak@upi,ssahni@upi,2730.95,2026-08-12T16:01:11,Kolkata,6011f78b-818,0,16,0
d5f7f959-332e-45e5-8225-0cfe811eb19a,dhaliwalupkaar@upi,droy@upi,815.89,2026-09-03T20:59:34,Pune,7a9a9350-e0a,0,20,0
d5e7e7e7-f3f8-44aa-9b60-5ac6be70d4d4,upmavenkataraman@upi,anshbedi@upi,3958.3,2026-07-07T23:06:20,Chennai,38c9fa48-2f9,0,23,0
3e9db812-2f31-4466-9fbe-4cd39f997373,onikannan@upi,ishaanshenoy@upi,3974.02,2026-07-05T13:18:25,Pune,3986b98f-c16,0,13,0
82eec075-bc9c-474e-a795-d179bf20e600,pushtibal@upi,kom@upi,70427.14,2026-07-13T04:49:45,Hyderabad,edac23e9-79e,1,4,1
0fce453b-2d23-4998-ab77-825aa55d5737,gauriganguly@upi,nihalshere@upi,710.19,2026-09-24T22:01:45,Chennai,c72e7ae4-f85,0,22,0
d9f6290d-0ecf-4453-98d8-7ad488f82629,bhavnakaran@upi,aviramesh@upi,3136.18,2026-08-15T04:07:59,Chennai,acdecfc2-24d,0,8,0
b6a1292b-42de-4799-a911-4fa7a530b08d,charan16@upi,owen10@upi,1449.4,2026-08-13T11:33:02,Delhi,027eadc5-718,0,11,0
1e22b4cc-ec14-4ac8-9aff-72f520bea070,isha34@upi,fchaudhary@upi,4313.87,2026-07-17T22:44:58,Chennai,8fc07b5e-994,0,22,0
379ca2eb-4f6d-453b-8609-edd3feb9f381,kalpit42@upi,harini14@upi,501.4,2026-08-21T08:47:38,Kolkata,25b79fcc-aed,0,8,0
2ab226e9-36e9-4593-b10c-a82d233f05d8,qwadhwa@upi,beramax@upi,2557.72,2026-07-08T13:39:01,Chennai,d7ea7a98-7ad,0,13,0
46ec839d-3863-4cfa-bd6f-e938f681a33f,falak10@upi,shroffbhavna@upi,4007.97,2026-09-23T17:28:45,Hyderabad,ddebfabe-8b8,0,17,0
cd136925-dbc0-4614-8293-fdebaebf9ffc,trivenipathak@upi,soodyadavi@upi,4999.54,2026-08-17T06:25:39,Akola,6011f78b-818,0,6,0
2165f50c-bc0b-4ce0-bb8d-25813f2ce428,yashawinilanka@upi,zdeol@upi,4736.9,2026-07-09T13:24:58,Bengaluru,f77e4bb1-6bd,0,13,0
06c75f19-d9de-490b-be89-44d4c6c5ff59,kakardivya@upi,zaidchauhan@upi,3787.78,2026-06-30T15:45:42,Pune,5f331193-cf1,0,15,0
0379d932-32e4-4a9f-81f2-ac2c64f72bc0,tanvi51@upi,udantbajwa@upi,3099.71,2026-07-21T16:55:27,Chennai,df69cfd2-a83,0,16,0
1418a6d2-0672-486a-9d97-985808f73697,aarnavrege@upi,twalia@upi,881.86,2026-08-18T09:39:18,Kolkata,33daedc4-9e0,0,9,0
cf31e63e-d07c-415e-9bda-fa5c4dcc1072,karnikekansh@upi,finn70@upi,4697.7,2026-09-13T06:54:05,Bengaluru,9ebe94a8-d7f,0,6,0
d4c3fe31-2305-4dce-a127-2c9037e7e2b5,odhar@upi,bhatvarenya@upi,1899.27,2026-07-20T20:00:55,Chennai,0fcd6a35-7c5,0,20,0
0468bf94-ea42-4bcf-acf7-0a6dfe1de95f,rajanranveer@upi,yashodadeshpande@upi,53.56,2026-07-30T16:51:15,Chennai,d345db24-261,0,16,0
5d5d8ef7-0042-48b3-8e7e-236cd2c2c517,nathanielsami@upi,eyohannan@upi,473.41,2026-07-30T21:34:44,Pune,dc6d5618-766,0,21,0
693d8c6b-2216-4c08-9c1d-d83c640b4a19,gautammerchant@upi,diya27@upi,4493.32,2026-08-20T21:07:34,Pune,c39bd9f0-2f5,0,21,0
80c464cb-2873-4f40-9fa4-fae4fdef7658,raksha87@upi,kashviedwin@upi,2766.56,2026-07-11T02:15:07,Bengaluru,cd38bc87-080,0,7,0
99c27238-3d67-4b33-99d8-79d74348feb2,kalpit42@upi,yadavinarula@upi,1107.99,2026-08-28T07:47:14,Hyderabad,25b79fcc-aed,0,7,0
145527e9-1e9f-408b-a60c-3c90d783372e,udantdewan@upi,chandani64@upi,3943.83,2026-07-05T05:38:25,Akola,66e63f8b-6eb,0,11,0
b4b88698-f84f-4bf1-8850-0366ddbfb56f,bhatvarenya@upi,osharaghavan@upi,3940.07,2026-09-04T01:32:21,Pune,e7b4cbd8-66d,0,10,0
f771d54b-8dab-42fa-9a50-b7d892521297,saumyadey@upi,lalpranav@upi,622.14,2026-08-24T08:10:32,Delhi,a9e6a037-41e,0,8,0
c58a0556-34f6-4325-95c0-625174c7c901,teerth77@upi,yashodadeshpande@upi,1376.28,2026-08-12T09:18:28,Chennai,195c66ab-c8b,0,9,0
b89752d0-48c8-49b4-8d92-75ce37082b69,kashviedwin@upi,kalpit42@upi,2356.72,2026-09-17T04:41:55,Kolkata,0696c6bf-850,0,17,0
45c66103-b61c-4d98-a746-fabb77b07a90,khatrinathan@upi,nihalshere@upi,1970.76,2026-07-13T17:43:55,Chennai,67200f98-d64,0,17,0
7fd67bfa-d941-41a5-a9ea-eefea64bce19,onikannan@upi,tanvi51@upi,4354.53,2026-08-10T13:07:42,Pune,3986b98f-c16,0,13,0
9eaf88da-802d-4037-ba56-24d8532d6c3b,osharamachandran@upi,ishakuruvilla@upi,3211.9,2026-07-05T17:22:18,Pune,29194246-377,0,17,0
50b6d96a-5731-4c2c-9e09-9ca1418c556f,atharv13@upi,onikannan@upi,960.68,2026-08-11T19:59:27,Chennai,42f27329-005,0,19,0
e1554895-6626-4962-bcf8-ec5078627bd6,fswamy@upi,teerth09@upi,3724.58,2026-08-24T09:00:35,Bengaluru,ffe1ecd3-cab,0,9,0
fb208102-6289-4980-a6d5-d1d0596175be,eyohannan@upi,dhaliwalupkaar@upi,3848.38,2026-08-08T14:57:47,Hyderabad,0f358453-475,0,14,0
669324c6-a1bf-4653-bf0b-47b9adbb9a44,yutika95@upi,desaiaishani@upi,4359.07,2026-08-01T22:02:06,Hyderabad,534764bd-7d8,0,22,0
0c27ad7e-b9dd-4d05-b1cf-ea04936dbfad,avarkey@upi,priya51@upi,3953.17,2026-08-13T19:58:11,Akola,2060d1a2-7a7,0,19,0
72ad214f-4bd9-4041-b6cb-41649835628f,krishnarama@upi,roak@upi,910.38,2026-08-30T01:47:32,Delhi,12ee3893-8c0,0,12,0
6964389e-d95d-4676-9097-a20e564c73c2,odhar@upi,vinayakanda@upi,4556.43,2026-08-23T20:51:34,Delhi,0fcd6a35-7c5,0,20,0
fd43ae3f-ff9f-4c9e-9b39-f3a68d80da00,rajanranveer@upi,karnikazad@upi,545.66,2026-07-01T06:11:55,Pune,d345db24-261,0,6,0
f0712e0e-76b4-44c7-a673-2ba1fb957835,farhanchada@upi,pchhabra@upi,2006.83,2026-08-02T21:55:32,Pune,d163c594-7f8,0,21,0
98d206df-af6e-4a5d-b37c-28e9cec812d2,qpandya@upi,thamanorinder@upi,2314.79,2026-07-28T10:33:01,Bengaluru,420fdf64-228,0,10,0
b73224c5-9462-4468-85ed-d4bf5dd16670,nathanielsami@upi,gautammerchant@upi,630.18,2026-07-08T13:32:37,Akola,dc6d5618-766,0,13,0
e36d38e9-6350-4c67-b05f-e6eb83707291,urvashi66@upi,yauvanicomar@upi,296.43,2026-08-31T10:59:59,Chennai,f2baea33-475,0,10,0
83b8540a-d4b4-4c28-8eee-934631ee0c32,nandinibhargava@upi,aradhanaverma@upi,2492.02,2026-07-10T02:58:48,Delhi,48e3bd88-2ee,0,18,0
33c38f54-0561-4217-846d-02f987d45e62,othakur@upi,ekaraj45@upi,2034.04,2026-09-02T05:18:31,Chennai,bba7a234-41e,0,14,0
9dd9f41c-6577-46b7-86d9-a20ff1f572b5,aishanibumb@upi,hritikpalla@upi,193.51,2026-08-30T06:12:03,Mumbai,27a02a93-b8a,0,6,0
561dba93-6b71-4881-8bb2-95468682692c,bhatvarenya@upi,thamanorinder@upi,615.9,2026-09-17T19:46:32,Kolkata,e7b4cbd8-66d,0,19,0
39dcbd16-ae61-4968-8882-e059286678e0,bhavnakaran@upi,advika35@upi,4141.25,2026-07-31T05:43:07,Delhi,acdecfc2-24d,0,12,0
8f184dd8-ab26-40c9-ad35-78a5513b5446,fchaudhary@upi,lshere@upi,3547.8,2026-08-15T15:02:25,Hyderabad,062a0cb9-2c4,0,15,0
431c9558-3aaf-4fa8-8398-3ff5a8c9404b,rsathe@upi,yutika95@upi,4157.98,2026-07-27T13:36:15,Delhi,b4287f0f-ef4,0,13,0
6e1f72d2-6217-41f0-9169-a0d42044aafa,sahaupkaar@upi,hyadav@upi,648.29,2026-08-30T20:13:36,Hyderabad,651e1852-8a4,0,20,0
f1aadb7c-8466-475e-8776-0c564cdfb8fe,bcherian@upi,kom@upi,1296.89,2026-07-30T03:54:11,Mumbai,c441206e-dd2,0,7,0
187a1ac1-65f5-4bef-96db-8d7b7cd9324a,qwadhwa@upi,nidhikohli@upi,4923.01,2026-08-15T05:06:41,Mumbai,d7ea7a98-7ad,0,7,0
d08c5bb6-558b-4dcc-a01f-86dc6f3ddc47,droy@upi,amaradeep@upi,1692.19,2026-09-24T23:40:57,Bengaluru,554ccb59-53a,0,23,0
c6e0a4af-3008-4fb3-a12c-c678006e3284,jyoti29@upi,hrattan@upi,3966.46,2026-07-31T21:25:12,Bengaluru,1b8449aa-325,0,21,0
343ef2e1-d318-42b8-8945-4e002bf3c51d,ishaanshenoy@upi,qpandya@upi,3738.71,2026-08-01T19:59:22,Kolkata,d25bdbcf-05d,0,19,0
300af610-1187-48c0-9830-5ab6543f0bb2,ekapadjohal@upi,tanvi51@upi,2736.53,2026-08-02T13:20:23,Kolkata,057e37c4-ccf,0,13,0
e1e141d7-446f-4fbe-b05a-cf54fe20fd5a,amaradeep@upi,dhaliwalupkaar@upi,4766.31,2026-08-09T08:03:56,Bengaluru,c542da04-786,0,8,0
6fe360cf-5570-43be-a413-58e1097491ae,amaradutta@upi,aviramesh@upi,640.33,2026-08-19T10:03:18,Kolkata,aa02a852-3bd,0,10,0
679919b7-c166-4cc4-805c-48cf6aa9c5ed,yashawinilanka@upi,kalpit42@upi,2263.29,2026-07-04T15:39:35,Akola,f77e4bb1-6bd,0,15,0
75109efe-0817-4eec-899d-2ebcc91e12f1,aviramesh@upi,zaidchauhan@upi,3485.96,2026-08-19T11:47:26,Akola,ce2fa891-0b2,0,11,0
e5cc1855-b595-435e-9c72-370eb728643c,charan16@upi,shivansh53@upi,4687.13,2026-08-07T15:41:05,Kolkata,027eadc5-718,0,15,0
d59b3987-3d36-4138-a408-d49706a3eb2c,ikakar@upi,vihaan13@upi,3636.88,2026-07-25T11:14:48,Kolkata,4e636d14-cda,0,11,0
375d80bf-1a68-48fb-9a23-4b1ab91980a6,borramanthan@upi,mangalwahab@upi,4903.53,2026-09-01T12:54:19,Pune,e997552c-ae6,0,12,0
1e6c5b32-75d1-4ea1-81ac-0e0a0f93069d,sahaupkaar@upi,daksh45@upi,2607.48,2026-09-13T20:20:17,Chennai,651e1852-8a4,0,20,0
f85d8c22-9da1-4219-b345-8e25469c43e3,osharaghavan@upi,droy@upi,1658.33,2026-08-15T07:29:13,Bengaluru,ad326f07-fe5,0,7,0
f87a8cd8-09cf-4568-9c4d-c29263d4b881,nandinibhargava@upi,indali23@upi,4577.97,2026-07-19T20:44:00,Chennai,48e3bd88-2ee,0,20,0
737f5d95-ff9d-4106-9335-deecf3b932ed,ekaraj45@upi,balangirik@upi,77170.21,2026-09-01T23:17:10,Bengaluru,e19fefa1-be9,1,23,1
ceb78c9c-9ace-49ec-8a85-834a08b84249,vlanka@upi,zarnapathak@upi,787.26,2026-07-03T15:32:30,Bengaluru,a07327ee-ec0,0,15,0
4f6dc598-306c-427f-9137-0d28d09f3851,cswaminathan@upi,nidhikohli@upi,2237.21,2026-07-07T23:45:49,Akola,46baf193-06b,0,23,0
70cb46e1-6860-40ab-8d91-9232dec5f833,bnayar@upi,kabirsoman@upi,615.92,2026-09-24T07:41:58,Kolkata,9ae0f61e-249,0,7,0
2551427c-14dc-45fd-a6da-37f33bbb2f49,krishnanvanya@upi,anshbedi@upi,1229.35,2026-08-10T20:15:17,Hyderabad,8ff5ffba-9c3,0,20,0
bb705e17-6752-462d-880a-346077372e1d,vinayakanda@upi,pchhabra@upi,1090.97,2026-07-03T05:14:10,Chennai,23fef535-1f4,0,19,0
54f83c08-b74c-48d6-91b4-134f4abf490a,znori@upi,tanvi51@upi,1849.73,2026-09-08T09:42:46,Hyderabad,575ce5f1-951,0,9,0
353c7a85-4138-4adf-a01b-7a2720495e1c,ishaanshenoy@upi,borramanthan@upi,1985.58,2026-08-29T08:09:27,Chennai,d25bdbcf-05d,0,8,0
1c6f0e29-c417-4598-92f9-9d4431e57a40,qatwal@upi,theodore28@upi,253.7,2026-09-08T21:36:20,Akola,cc16e930-bee,0,21,0
560255c6-5bdc-4343-9aed-8ae199870a12,henry25@upi,kakardivya@upi,4088.67,2026-07-31T23:17:38,Delhi,166aa591-ee1,0,23,0
21329614-7ade-43c0-8cf1-767828d26487,shivansh53@upi,pandeychanchal@upi,3351.93,2026-07-01T16:10:38,Bengaluru,40f069c3-46c,0,16,0
65f79da8-7286-4057-a80e-15f25731140c,esawhney@upi,bhavyamandal@upi,177.12,2026-09-24T16:22:05,Delhi,23e5b872-dee,0,16,0
68d322a9-4ad5-4ef2-8a25-f5a3320ef6e3,bhavyamandal@upi,amaradeep@upi,2071.46,2026-08-18T14:11:20,Mumbai,dc1c0b6c-2bd,0,14,0
c3e93909-de69-4798-9c3d-f623e0c56e40,bhavani27@upi,bhavani27@upi,3798.37,2026-08-05T01:00:56,Delhi,527b9e26-830,0,8,0
f2966998-244d-4640-b610-2990cf3aef84,upai@upi,chanderwarjas@upi,422.46,2026-07-24T00:17:26,Bengaluru,eb6db7d5-b4b,0,8,0
24af79bb-b970-424f-b558-9ac00afefa12,gauriganguly@upi,baraldayamai@upi,322.57,2026-09-21T10:48:43,Akola,c72e7ae4-f85,0,10,0
632a4163-c97e-4f10-b7c9-29b7001fb475,teerth09@upi,nathanielsami@upi,2072.52,2026-07-07T18:22:40,Mumbai,ffd45e2d-603,0,18,0
1c3b3c37-4024-4c1e-a427-83545c5d27f7,saumyadey@upi,kakardivya@upi,3925.26,2026-08-12T13:19:03,Bengaluru,a9e6a037-41e,0,13,0
b71eee01-66cc-4c65-83f7-cc5b4b207577,randhawaanvi@upi,osharamachandran@upi,4914.35,2026-07-09T16:32:14,Pune,4e527681-5a1,0,16,0
d10504ba-465f-4851-8dd8-d1ff6a3a13b7,pandeychanchal@upi,daksh45@upi,1994.78,2026-08-27T14:11:55,Pune,864a2d04-55f,0,14,0
4a6377d9-6c52-4b2e-875c-e6bbbd346020,chanderwarjas@upi,pushtibal@upi,3095.28,2026-09-02T19:32:49,Hyderabad,803cb4f5-eb2,0,19,0
1470379d-b2b3-40ce-9e19-0b3daf05f00a,urvibhavsar@upi,shivansh53@upi,2185.05,2026-09-26T05:52:16,Bengaluru,2b85036e-d5d,0,20,0
72ec6338-7b6b-4238-bda9-5350c3a885de,pushtibal@upi,shroffbhavna@upi,1832.04,2026-08-26T05:40:29,Kolkata,ef54e936-8e0,0,21,0
60bb723a-70d2-4dc6-9a33-54ad83899feb,yashodadeshpande@upi,amol24@upi,3001.55,2026-07-06T15:12:40,Kolkata,976e20dc-d26,0,15,0
c0fd791e-fd64-405c-8b15-38b81847323c,mray@upi,devimatthew@upi,2407.5,2026-07-21T14:49:56,Delhi,4d9d1830-dbb,0,14,0
3b290a2a-0b20-42fd-b9b2-73e0902876b3,kakardivya@upi,amblesamarth@upi,2757.88,2026-09-23T03:37:23,Delhi,5f331193-cf1,0,17,0
3a6893c0-f13f-4cef-b974-77ad251d6c04,vmerchant@upi,pchhabra@upi,497.68,2026-07-10T17:32:31,Delhi,af2f2527-a1c,0,17,0
5f4ddade-5861-4bbc-9b5a-635c662f6d69,yutika95@upi,gauriganguly@upi,1828.34,2026-08-09T02:13:49,Kolkata,534764bd-7d8,0,11,0
1171d5d8-df08-41e1-9f51-bd783121c79e,choudhuryjanani@upi,sarinanirudh@upi,1386.1,2026-07-13T04:13:26,Delhi,4c93c7d1-a58,0,9,0
be064bf5-66dd-4ce7-abbe-fddce67282e4,amaradeep@upi,odhar@upi,4517.36,2026-08-21T14:23:26,Kolkata,c542da04-786,0,14,0
22275bf5-0b06-4aa3-aef1-93a3b095a6a3,borramanthan@upi,theodore28@upi,3220.75,2026-07-04T01:42:23,Pune,e997552c-ae6,0,9,0
3576b90b-81c8-48d7-9ace-bd41485cc327,aarnavrege@upi,mangalwahab@upi,587.76,2026-09-05T17:49:12,Kolkata,33daedc4-9e0,0,17,0
89520f95-bd5b-4109-a387-0f83b47dc16a,michaelborra@upi,grewalekapad@upi,3310.42,2026-09-16T03:34:42,Bengaluru,b9b15ca7-23c,0,8,0
27726a02-537e-4e2c-a1c3-e4b98e32ed3a,ekantika31@upi,onikannan@upi,2383.16,2026-08-21T17:08:57,Akola,c10de943-186,0,17,0
445ec2b8-eaeb-4759-aeed-d359cdf5f638,tanvi51@upi,udantbajwa@upi,1825.99,2026-08-28T08:46:45,Hyderabad,df69cfd2-a83,0,8,0
8e51ac12-ce56-47a6-924e-25590997e711,aradhanaverma@upi,owen10@upi,2851.34,2026-09-22T05:04:28,Bengaluru,256a1951-b19,0,12,0
c476c50f-880c-4f16-913f-6a74b279666c,xiti28@upi,priya51@upi,3783.45,2026-07-01T08:02:17,Pune,4a9d640c-559,0,8,0
c33517c0-0793-4e5e-a480-9a544417efc2,lshere@upi,dayamai55@upi,725.85,2026-09-10T22:07:17,Chennai,39597721-7f3,0,22,0
c5b06815-fd24-45a1-beae-b2cc1af94015,lalpranav@upi,nathanielsami@upi,2078.53,2026-09-20T04:28:27,Akola,4246c913-061,0,10,0
d268303a-2505-4bf6-9ee9-53f96edc6cd8,charan16@upi,ojasvi77@upi,1061.25,2026-07-02T21:01:15,Kolkata,027eadc5-718,0,21,0
3da4505a-4915-4bfc-ad3a-872b996daf2c,znori@upi,michaelborra@upi,2377.41,2026-07-16T16:49:34,Akola,575ce5f1-951,0,16,0
1bb1386c-2bad-488e-8327-ae06314568a2,sudiksha89@upi,tanvi51@upi,781.49,2026-07-14T04:47:52,Pune,06dc236b-954,0,8,0
6c1f8bf2-4c56-4497-9028-d843ab4deabf,amol24@upi,ikakar@upi,935.39,2026-08-21T18:50:12,Mumbai,8937ded1-b0c,0,18,0
4187aa71-0602-443c-aab2-0d926be2310a,soodyadavi@upi,shivansh53@upi,222.25,2026-09-21T18:03:13,Delhi,82f6eeaf-083,0,18,0
9a051517-4928-473a-8b4b-2c322636bad5,nidhikohli@upi,mangalwahab@upi,391.34,2026-08-09T04:24:50,Akola,1cd764a8-258,0,7,0
bf61c854-0091-4c6e-b8c6-236d5f3af6d0,bhavyamandal@upi,pushtibal@upi,2122.39,2026-07-25T16:39:11,Pune,dc1c0b6c-2bd,0,16,0
9751483a-9146-4b09-8228-b01ed86a52b5,sarinanirudh@upi,trivenipathak@upi,4286.08,2026-07-03T12:06:41,Chennai,6f6b6ab6-2ba,0,12,0
a4f4ffde-1556-4f6a-8540-adfbda2803ca,yashica40@upi,vinayakanda@upi,3331.76,2026-08-06T10:55:35,Akola,4f00d0f2-cb4,0,10,0
2a856c19-b323-4d8f-8181-7e53cb957637,kom@upi,vihaan13@upi,1472.08,2026-07-19T05:45:33,Chennai,4bc2a128-c81,0,17,0
359d885d-b63f-4539-a3cc-87700d185e77,amblesamarth@upi,michaelborra@upi,4220.52,2026-07-12T17:49:55,Mumbai,8afd62cd-bcc,0,17,0
8e24be31-6246-4b17-b3b3-ad5c98a75820,karnikazad@upi,sarinanirudh@upi,2154.74,2026-06-30T05:27:43,Hyderabad,6f0a5b17-392,0,8,0
b4255fee-c51b-412f-a8d7-45310c34d5cd,bhattvamakshi@upi,ekantika31@upi,1714.03,2026-08-26T16:47:03,Kolkata,b4b08621-6b3,0,16,0
313469c7-6be0-4aa1-aa9f-6937f2445cbe,bariaazaan@upi,dharazaan@upi,2353.61,2026-09-01T17:06:49,Akola,88c64c48-2d1,0,17,0
2a7aafdc-eb34-4f7f-80c6-3155c66e991a,kgole@upi,kashviedwin@upi,657.67,2026-08-01T06:23:18,Chennai,033b6f25-c1a,0,6,0
a9ae75fb-cc1a-4f05-bad7-8622a31ffa24,aryasunder@upi,odhar@upi,1380.3,2026-07-10T17:55:20,Hyderabad,4ceb4c19-40d,0,17,0
5baaf600-1b34-4fe6-b269-80e5764f388f,atharv13@upi,devimatthew@upi,690.56,2026-09-21T15:12:18,Chennai,42f27329-005,0,15,0
ed35f2e8-eb09-48a9-b7fc-4511dff53f8a,bhattvamakshi@upi,suhaninarain@upi,1011.91,2026-07-13T07:50:59,Bengaluru,b4b08621-6b3,0,7,0
4aba0521-0cb5-4517-a640-439746850953,vmerchant@upi,diya27@upi,3103.85,2026-07-07T23:34:42,Akola,af2f2527-a1c,0,23,0
86ac0b87-8696-4442-8e2f-3a0a7779cd52,bhandarijyoti@upi,lalpranav@upi,435.78,2026-08-13T14:24:20,Pune,32dea559-1cb,0,14,0
cb97666b-4553-4fac-bdcf-4e5316518851,bhavani27@upi,baraldayamai@upi,1408.68,2026-09-10T13:07:48,Mumbai,527b9e26-830,0,13,0
c595e8c9-6693-4866-b294-ef1657ae917f,gauriganguly@upi,zaidchauhan@upi,4521.95,2026-08-02T20:54:17,Mumbai,c72e7ae4-f85,0,20,0
aac7c0fb-0d20-4589-a341-37413d6ad2e4,janujapradhan@upi,lalpranav@upi,1201.73,2026-08-18T03:10:53,Mumbai,9c9396c8-258,0,12,0
d93269a4-5304-4e32-b2a7-444e88341b84,henry25@upi,aviramesh@upi,1995.68,2026-07-10T19:51:43,Akola,166aa591-ee1,0,19,0
a1a9bcf5-a5fe-41cd-89b5-6241e5896b3b,harini14@upi,rajanranveer@upi,2593.78,2026-09-27T14:30:37,Delhi,5f85b4a0-39c,0,14,0
93e092d6-26c3-496d-aa5c-ce78f74fc7ba,sudiksha89@upi,indali23@upi,675.67,2026-07-17T00:29:36,Mumbai,06dc236b-954,0,20,0
8b4bf84d-7379-40f8-b1e5-da3b5a8ae7d4,koshybalveer@upi,raigunbir@upi,2261.14,2026-08-21T22:59:51,Kolkata,53981699-769,0,22,0
e87c46c3-331a-46f3-ab07-dbfb4b28e4cb,amaradeep@upi,ikakar@upi,1287.96,2026-09-17T20:51:20,Pune,c542da04-786,0,20,0
7eb8e28e-674d-4496-bcc5-8bb5dc413d0c,nathanielsami@upi,osachdeva@upi,4539.3,2026-08-09T12:00:19,Mumbai,dc6d5618-766,0,12,0
3a8a2703-6cd4-4ce4-8293-d24773cb0a91,indali23@upi,henry25@upi,2647.0,2026-09-04T15:32:20,Pune,56169905-4e3,0,15,0
2f6af575-352d-4091-aab7-cf989120d558,jkohli@upi,zaidchauhan@upi,492.11,2026-09-08T13:06:03,Chennai,009786b3-cbb,0,13,0
785f391c-6f9c-4f50-8422-82edec18ad7f,aryasunder@upi,osachdeva@upi,426.34,2026-08-15T05:54:53,Bengaluru,4ceb4c19-40d,0,22,0
ee1823f7-5fbc-4070-b11d-820807c67226,krishnarama@upi,hyadav@upi,3632.35,2026-08-08T00:10:25,Delhi,12ee3893-8c0,0,11,0
61f3908a-c305-4185-b660-c0abf876db63,upai@upi,theodore28@upi,4668.47,2026-08-04T12:04:37,Hyderabad,eb6db7d5-b4b,0,12,0
95e9c441-bbbd-4452-8933-4a264edb0089,rsathe@upi,twalia@upi,4007.67,2026-09-26T19:30:17,Pune,b4287f0f-ef4,0,19,0
9c8dce89-6c37-480c-9220-6fe10ec7537d,teerth09@upi,baldevika@upi,4056.68,2026-09-25T17:40:21,Mumbai,ffd45e2d-603,0,17,0
41280a71-706b-4090-993b-eb1156367f19,ranbir39@upi,upai@upi,2629.64,2026-09-03T17:13:13,Pune,06491864-379,0,17,0
aa657005-33ba-4fc3-bf8b-0c6bb5b166ec,yauvanicomar@upi,yashawinilanka@upi,2019.5,2026-08-05T06:00:49,Bengaluru,b458f741-708,0,6,0
f42e0dab-ebf8-4c33-9513-8ba82ab28a99,khatrinathan@upi,bhavani27@upi,1645.41,2026-08-03T18:00:31,Pune,67200f98-d64,0,18,0
f26d99ca-2595-4f77-ba55-e93a48d848fc,frederickkhurana@upi,maneupasna@upi,1737.67,2026-09-25T13:22:16,Chennai,5469bd7e-cfb,0,13,0
7135720a-2441-45ff-b940-01be78f575bc,jonathansolanki@upi,bhavnakaran@upi,3448.73,2026-08-23T14:17:30,Bengaluru,2744506e-bbb,0,14,0
0b157208-0cb0-4e62-8e09-4a9304010056,pushti49@upi,randhawaanvi@upi,1460.43,2026-08-06T10:44:08,Bengaluru,d8857b1b-100,0,10,0
0c62276d-5c00-4986-a3b4-78b07ad559d1,bhandarijyoti@upi,pandeychanchal@upi,1682.83,2026-07-03T19:45:47,Chennai,32dea559-1cb,0,19,0
0c841103-e402-4386-8856-52cf38366f7e,jkohli@upi,ekarajbath@upi,2867.3,2026-07-06T23:16:01,Bengaluru,009786b3-cbb,0,23,0
9994b136-a31f-4239-b5e0-7dd7eaf0fc7d,aryasunder@upi,indirakanda@upi,1120.02,2026-07-03T14:32:40,Kolkata,4ceb4c19-40d,0,14,0
45a3dbbb-4df4-4a3f-b391-8717c402bb9c,lalpranav@upi,atharv13@upi,851.08,2026-08-30T05:52:28,Akola,4246c913-061,0,20,0
5a4bba4c-d66c-4100-a1ad-21f0f278f421,khatrinathan@upi,amaradeep@upi,3987.44,2026-08-07T21:49:27,Chennai,67200f98-d64,0,21,0
f0ce5de0-6429-408e-a0d4-0469fd2f91ae,borramanthan@upi,anshbedi@upi,1848.5,2026-09-05T18:33:01,Chennai,e997552c-ae6,0,18,0
9d85f954-a70b-4372-891c-e6dfa855e598,vamakshi82@upi,upmavenkataraman@upi,486.24,2026-08-02T04:31:07,Delhi,54f56fb8-041,0,14,0
8a69cb44-ba65-46a6-8a95-4fa1a7ced403,bariaazaan@upi,ekapadjohal@upi,2278.07,2026-09-27T04:27:58,Chennai,88c64c48-2d1,0,21,0
b9fd2204-fafa-4a0b-a3f3-13114452190e,uaurora@upi,nihalshere@upi,1537.04,2026-08-23T05:44:46,Delhi,ee6efdd6-203,0,8,0
382b2ce2-1d94-4686-b6c9-e8ed4939a8df,indali23@upi,zarnapathak@upi,1841.31,2026-08-10T23:55:08,Akola,56169905-4e3,0,23,0
5215a3c6-942b-4cf4-a72c-4e6f56e129d4,isha34@upi,bnayar@upi,3159.0,2026-07-07T07:44:01,Bengaluru,8fc07b5e-994,0,7,0
9e9d35fd-ccd6-420a-ab07-733f65bf36ce,othakur@upi,vmerchant@upi,3093.51,2026-07-27T21:59:02,Chennai,bba7a234-41e,0,21,0
df034ff0-384f-4580-9f2e-6d5067904eda,udantdewan@upi,dugalnakul@upi,4451.25,2026-09-23T08:04:47,Delhi,66e63f8b-6eb,0,8,0
631a6689-9315-44b5-b41b-ec339608b848,kalpit42@upi,thamanorinder@upi,1732.38,2026-08-19T03:44:29,Hyderabad,25b79fcc-aed,0,7,0
ec31ff9a-932c-42fa-9363-e1326cccbad7,pchhabra@upi,falak10@upi,1109.84,2026-08-07T05:03:28,Hyderabad,cecd6417-13d,0,21,0
d4159e8d-93f5-4cd4-b40f-229aae8d3ed6,timothy17@upi,kgole@upi,4981.33,2026-07-30T14:52:10,Chennai,7750feff-f48,0,14,0
e8e8b820-59b4-425a-b56e-6ffa20004d61,raigunbir@upi,maneupasna@upi,474.25,2026-09-10T23:39:29,Akola,81bf5faf-76e,0,23,0
f0c37bd8-8899-42fa-a45c-0142073c637e,droy@upi,indali23@upi,3649.85,2026-07-16T12:03:34,Hyderabad,554ccb59-53a,0,12,0
81125e12-0350-422c-be99-6ca0f4504b10,dharazaan@upi,fsarma@upi,2067.51,2026-09-12T18:03:38,Akola,f6dfa22f-783,0,18,0
1123baed-167c-46a3-917e-8475aafb3f3a,bhatvarenya@upi,aarnavmalhotra@upi,4449.11,2026-09-03T12:30:44,Bengaluru,e7b4cbd8-66d,0,12,0
256ee51b-6009-42b3-8c25-365a6e83e4a8,kalpit42@upi,soodyadavi@upi,4955.76,2026-07-30T18:25:49,Chennai,25b79fcc-aed,0,18,0
b46165bd-8b3f-4ee5-8c7e-678c0faa461b,esawhney@upi,qatwal@upi,721.47,2026-09-22T13:25:28,Mumbai,23e5b872-dee,0,13,0
18f214a9-d82f-486a-9cbd-6f394c719ea1,dugalnakul@upi,indirakanda@upi,65.49,2026-07-24T04:56:28,Akola,88e8aa3c-ec0,0,7,0
4478e753-b63a-4fdd-9425-96bc25de6750,raigunbir@upi,mray@upi,3503.97,2026-09-23T12:12:18,Delhi,81bf5faf-76e,0,12,0
a8264ffe-c583-4e66-94b3-d4381a04f2c7,daksh58@upi,lalpranav@upi,898.55,2026-08-25T18:53:35,Bengaluru,b2da648a-195,0,18,0
cd593dfd-537e-414e-bfae-ec045dc12121,jonathansolanki@upi,thamanorinder@upi,300.66,2026-09-17T16:18:35,Chennai,2744506e-bbb,0,16,0
628d3d8e-d63f-40b1-a5cf-aa0ad35509f3,priya51@upi,koshybalveer@upi,406.1,2026-09-27T08:39:32,Bengaluru,5f36b3fa-a9d,0,8,0
d18500f1-14f9-4043-83d7-e2c36c8cc444,beramax@upi,lshere@upi,4591.27,2026-09-03T03:06:34,Delhi,66663ca1-cbd,0,7,0
9ff3da71-c8f0-48da-b7a3-6efd0725519b,maneupasna@upi,randhawaanvi@upi,33186.21,2026-07-03T03:09:26,Akola,587dfdda-5d2,1,3,1
fe1d2c8e-7823-43c0-a8c4-150ed1771ceb,roak@upi,droy@upi,4937.29,2026-07-19T05:50:49,Bengaluru,caf157f1-769,0,15,0
29e4d9b4-b3f9-4258-9fe0-3e15dba7264d,michaelborra@upi,qpandya@upi,1676.66,2026-09-19T00:16:35,Delhi,b9b15ca7-23c,0,21,0
b28b342b-c9d3-42fc-8977-d64c16372ddf,krishnanvanya@upi,harini14@upi,3762.19,2026-08-31T03:13:49,Hyderabad,8ff5ffba-9c3,0,13,0
ac392704-70ed-4068-845f-cd51042081aa,shivansh53@upi,rajanranveer@upi,1891.22,2026-07-10T19:26:07,Akola,40f069c3-46c,0,19,0
12edfebf-ec6d-43a7-b1e9-dc794a83e450,qpandya@upi,mray@upi,1434.17,2026-08-22T03:33:55,Bengaluru,420fdf64-228,0,11,0
64e9beeb-d6ae-4b90-8410-095517dc38c3,farhanchada@upi,faqidsavant@upi,89474.11,2026-08-19T02:30:07,Bengaluru,0a015c67-2d8,1,2,1
2bec48b9-b175-4c2c-bbf8-fdcbcfd03304,kashviedwin@upi,soodyadavi@upi,2273.39,2026-08-28T21:04:16,Bengaluru,0696c6bf-850,0,21,0
6ee15709-62bb-47fb-8b95-e94fab8b2f6c,daksh58@upi,theodore28@upi,268.23,2026-09-15T12:48:37,Akola,b2da648a-195,0,12,0
8ce56c8a-23f1-4df6-8d17-e9150daf3df8,janujapradhan@upi,osharamachandran@upi,4834.22,2026-08-02T08:49:35,Kolkata,9c9396c8-258,0,8,0
061f2cfb-fa23-418c-9e60-fed52c52cb7f,rudra61@upi,roak@upi,119.72,2026-08-15T09:16:04,Akola,6ae81ea1-31b,0,9,0
c5f64b0b-3895-455d-a2f6-d48be7f94340,dateanvi@upi,daksh45@upi,590.36,2026-07-30T20:07:28,Kolkata,61876a84-17b,0,20,0
c3de1d5c-b92e-4b6b-a8c6-d695ea8464a7,bhagatbrinda@upi,kabirsoman@upi,2192.6,2026-08-04T23:21:43,Pune,d766091e-4d5,0,23,0
c18a2e02-0bc0-44ea-ace0-473b68e071a6,shivansh53@upi,charan16@upi,4757.4,2026-08-31T00:36:09,Mumbai,40f069c3-46c,0,19,0
d41c2584-9e50-406d-8b33-9c15a4eb5a77,avarkey@upi,bnayar@upi,193.32,2026-09-14T11:26:37,Hyderabad,2060d1a2-7a7,0,11,0
a6761712-400e-49c1-91d8-f0cad0d10c46,pradhankalpit@upi,nathanielsami@upi,4949.48,2026-09-10T09:42:09,Hyderabad,4db802c1-9ff,0,9,0
30fe7846-0dd0-48d4-8621-ef26c19cbbed,atharv13@upi,roak@upi,2366.89,2026-07-15T06:53:04,Mumbai,42f27329-005,0,6,0
68b23464-6692-4417-a0a1-2ec9d36a11f3,bhandarijyoti@upi,kalpit42@upi,4910.63,2026-07-12T23:41:49,Bengaluru,32dea559-1cb,0,23,0
ff3061b9-bca0-4c67-8ec5-c62d5acf6662,hrattan@upi,vlanka@upi,2524.6,2026-09-18T10:51:07,Akola,c3f5975c-ac9,0,10,0
ac0cefc0-6635-45fe-9aca-603be12ace6d,jonathansolanki@upi,beramax@upi,4490.31,2026-07-08T17:11:53,Mumbai,2744506e-bbb,0,17,0
63fd3ba1-d090-4aca-9549-4ade99885f74,bhatvarenya@upi,amaradeep@upi,3496.73,2026-07-21T13:43:09,Chennai,e7b4cbd8-66d,0,13,0
7f57852a-44cb-409f-a87c-d1fd104e5919,aryasunder@upi,maneupasna@upi,389.62,2026-07-25T00:15:36,Pune,4ceb4c19-40d,0,13,0
c8d5685c-ff17-48ab-8b2f-de6e0db19628,harrisonrai@upi,qpandya@upi,23045.94,2026-07-03T02:43:35,Delhi,50c493c0-f89,1,2,1
6a50a96f-b60f-441f-b21d-5d2cb4567a0c,owen10@upi,ojasvi77@upi,2680.78,2026-08-13T18:22:56,Chennai,2a881e5f-0a3,0,18,0
7729b6e4-f6e9-4abf-b5a0-2bee3a0076b7,yadavinarula@upi,yadavinarula@upi,747.97,2026-09-20T02:18:37,Pune,2dbf9870-7bf,0,12,0
7ce21c53-52da-4b8f-9239-228b88ef2195,gautammerchant@upi,amaradeep@upi,3708.5,2026-08-27T20:47:59,Pune,c39bd9f0-2f5,0,20,0
7cbd9caf-8c41-41a3-8aa0-dfab53b1995f,harrisonrai@upi,timothy17@upi,1011.43,2026-09-22T06:06:31,Chennai,e7816626-028,0,6,0
a42c8b20-0273-4ca6-a64f-993e38715fef,dateanvi@upi,vihaan13@upi,4567.96,2026-07-01T11:08:48,Pune,61876a84-17b,0,11,0
d0c152de-d539-4bee-8ec7-c6c67bbd622e,teerth77@upi,kakardivya@upi,4518.11,2026-08-31T14:09:29,Hyderabad,195c66ab-c8b,0,14,0
3fb31ced-d70e-41ac-859f-cb1e2454a66a,ksehgal@upi,onikannan@upi,3091.42,2026-09-19T23:47:44,Delhi,c2d55ab7-5eb,0,23,0
8f44306c-6515-4a01-9074-2dd70e0acbeb,karnikekansh@upi,sidhudaksha@upi,4023.49,2026-07-28T02:06:45,Kolkata,9ebe94a8-d7f,0,8,0
c04bf7d0-66cc-40f7-b673-dadc64318d26,triyagopal@upi,teerth77@upi,1739.74,2026-08-21T01:09:47,Mumbai,6fa13b38-3c4,0,12,0
88c93f07-1fb2-4df0-893b-88890412ea0b,vedamalhotra@upi,roak@upi,320.11,2026-09-23T10:45:52,Bengaluru,e558806d-c5f,0,10,0
366a5d93-d45a-4bd3-bc9a-b65aea4bbee6,triyagopal@upi,pandeychanchal@upi,2815.22,2026-08-11T11:32:06,Hyderabad,6fa13b38-3c4,0,11,0
ae6de5eb-d8f4-468a-9384-fd8b069064f6,faqidsavant@upi,farhanchada@upi,2631.29,2026-08-19T15:25:01,Bengaluru,1ca35c16-a10,0,15,0
98e34944-2a30-4a15-ae74-0ff4810de4cb,kalpit42@upi,jonathansolanki@upi,3550.68,2026-07-25T11:43:53,Hyderabad,25b79fcc-aed,0,11,0
c12ebc81-1a5a-4359-9ac9-aa5b9d64579d,anamikayohannan@upi,bhatvarenya@upi,2520.05,2026-08-07T09:42:24,Pune,588457f2-bbd,0,9,0
dc278a91-7e95-4b53-b0da-78908f87520c,xiti28@upi,daksh45@upi,4247.07,2026-08-24T08:13:57,Hyderabad,4a9d640c-559,0,8,0
b1c4de92-c396-4946-9d2e-1ec408acc3f9,bhandarijyoti@upi,fchaudhary@upi,4006.01,2026-07-28T21:57:33,Mumbai,32dea559-1cb,0,21,0
736a3af5-174b-4c7f-b51b-3178625ad258,chanderwarjas@upi,hritikpalla@upi,4008.94,2026-08-21T09:50:18,Mumbai,803cb4f5-eb2,0,9,0
33343f8b-7d79-4e32-95a7-3f56c53c0ac9,kakardivya@upi,ekantika31@upi,504.2,2026-08-04T13:21:59,Pune,5f331193-cf1,0,13,0
5d77cc2c-86d4-4157-aaca-047df5c66dc9,qvyas@upi,trivenipathak@upi,4048.11,2026-09-19T03:59:41,Chennai,e316ffc2-72c,0,12,0
726cfc8f-0c14-4bb6-936a-f1c37aa471a0,roak@upi,rsathe@upi,4244.01,2026-07-11T12:32:10,Akola,caf157f1-769,0,12,0
00210b0c-c063-4b9a-9c05-2cd3eeb61a2a,faqidsavant@upi,charan16@upi,3437.98,2026-08-11T23:57:52,Kolkata,1ca35c16-a10,0,23,0
343e0f02-6ea8-4e8e-a919-9ed282b82e81,upmavenkataraman@upi,ekarajbath@upi,4288.73,2026-09-06T12:21:22,Pune,38c9fa48-2f9,0,12,0
ef0ce4c2-22e8-46d3-8c26-c097821aef04,amol24@upi,yutika95@upi,715.21,2026-07-18T05:35:44,Kolkata,8937ded1-b0c,0,17,0
09a43428-3d86-476f-b1e6-2f106856ea5e,qwadhwa@upi,avarkey@upi,3517.25,2026-07-06T15:41:10,Hyderabad,d7ea7a98-7ad,0,15,0
ed6e65a5-7dd6-4afe-bb59-db19fde98c91,frederickkhurana@upi,othakur@upi,3684.85,2026-07-21T23:13:34,Pune,5469bd7e-cfb,0,23,0
e7b4602d-d33e-4b23-ba46-93345f95bc2e,alkadewan@upi,krishnanvanya@upi,75.54,2026-07-14T15:37:55,Pune,a481934d-88c,0,15,0
7a902c06-d36a-44a9-a43f-08be68739cd5,ekbalbhasin@upi,qvyas@upi,2559.3,2026-08-16T02:31:28,Chennai,e8c4512b-b01,0,19,0
5d6c9d42-52f6-4878-8e42-0f1bb79270ad,bhatvarenya@upi,choudhuryjanani@upi,2128.09,2026-08-09T13:15:19,Mumbai,e7b4cbd8-66d,0,13,0
e5f232fd-bbaf-4519-9821-4c8a237f5df8,bariaazaan@upi,frederickkhurana@upi,3469.55,2026-07-27T03:33:50,Delhi,88c64c48-2d1,0,9,0
c78d48c3-be77-4d49-9fa0-0c849bbfb9d3,raigunbir@upi,vinayakanda@upi,1548.86,2026-08-06T10:49:54,Akola,81bf5faf-76e,0,10,0
71974104-5440-42e1-97c3-256d1118d158,isha34@upi,ekbalbhasin@upi,324.42,2026-09-17T00:12:54,Bengaluru,8fc07b5e-994,0,18,0
0906f826-53a6-4775-a90e-766c497158df,bhattvamakshi@upi,urvibhavsar@upi,2322.52,2026-06-30T09:08:57,Kolkata,b4b08621-6b3,0,9,0
787c9986-7fd2-404f-b48d-f119e7ce638b,nihalshere@upi,grewalekapad@upi,921.58,2026-07-21T19:53:05,Hyderabad,fed80d2e-7e6,0,19,0
3343bf93-2f46-4b9e-905f-6ddf9d97435e,yadavinarula@upi,zdeol@upi,1643.02,2026-08-17T11:43:22,Akola,2dbf9870-7bf,0,11,0
d61fdd66-070d-49e0-80d9-f5c41d03058b,zarnapathak@upi,znori@upi,3870.58,2026-07-31T11:07:29,Chennai,1812699a-1b3,0,11,0
e2c571b7-6c23-4cce-8e89-d128d26d1684,osharaghavan@upi,koshybalveer@upi,1916.99,2026-08-20T07:09:26,Kolkata,ad326f07-fe5,0,7,0
4ce7d9dc-d977-49c5-b7c8-5e303cde7a7f,ekantika31@upi,bhavnakaran@upi,4031.68,2026-09-19T10:19:15,Bengaluru,c10de943-186,0,10,0
fc5dcd42-e2fc-49ab-aa59-87933196e156,eyohannan@upi,raksha87@upi,1629.62,2026-07-27T18:13:54,Kolkata,0f358453-475,0,18,0
cdab8748-9126-4cee-bd06-cdb8e5b07dfc,mkapadia@upi,priya51@upi,1066.96,2026-08-20T20:14:59,Pune,7e9eef66-f41,0,20,0
133b3f23-8eb8-43ea-aa2d-23f51b4d29de,bhavnakaran@upi,fswamy@upi,2795.72,2026-09-02T14:37:24,Bengaluru,acdecfc2-24d,0,14,0
cd501642-8567-4981-917a-78f30f556786,hrattan@upi,amaradeep@upi,4389.94,2026-08-20T13:19:42,Hyderabad,c3f5975c-ac9,0,13,0
08984471-b554-48a8-b498-1893e78f686a,avarkey@upi,yashica40@upi,1287.91,2026-09-17T16:07:45,Bengaluru,2060d1a2-7a7,0,16,0
ee1a1b3d-c15b-43a6-9191-428a0c526807,dugalnakul@upi,qatwal@upi,2662.19,2026-07-31T13:51:56,Akola,88e8aa3c-ec0,0,13,0
9ecd1656-427b-4bf2-9a4a-2dc643334958,chandani64@upi,othakur@upi,161.62,2026-09-21T04:11:41,Kolkata,0a20b114-3c9,0,9,0
acdaa923-15d9-445e-981e-c473c2b0db21,pavani85@upi,hyadav@upi,118.28,2026-08-25T08:34:25,Pune,f45333eb-f0e,0,8,0
81f4e1e5-93e2-498c-a23f-657d4cae848b,grewalekapad@upi,osharaghavan@upi,373.54,2026-09-08T14:42:15,Bengaluru,48f0b03d-9d3,0,14,0
dc49c2ef-22cc-4942-988b-3c5ab9bd19c2,pushtibal@upi,balangirik@upi,1530.55,2026-09-01T20:53:19,Bengaluru,ef54e936-8e0,0,20,0
9cd3e3aa-dbf1-4460-ab97-d46c5d73122b,beramax@upi,uaurora@upi,4442.47,2026-08-29T23:30:20,Mumbai,66663ca1-cbd,0,23,0
00d5388f-e8d5-4c4c-807c-a79fcc37ab5e,yadavinarula@upi,aarnavmalhotra@upi,1559.45,2026-08-03T18:27:41,Pune,2dbf9870-7bf,0,18,0
0551bf54-066a-4626-8fb6-4d2913dee49a,udantdewan@upi,uchandran@upi,3247.29,2026-06-30T20:17:43,Bengaluru,66e63f8b-6eb,0,20,0
1eb4df89-9141-4ea2-8865-54585819e9c2,ishaanshenoy@upi,amaradutta@upi,1800.71,2026-08-22T13:54:52,Chennai,d25bdbcf-05d,0,13,0
1b21b18b-322f-47d2-94f4-11869444f966,timothy17@upi,suhaninarain@upi,4359.18,2026-07-26T11:25:12,Chennai,7750feff-f48,0,11,0
e40afefd-b84d-427f-a469-9def920d3ada,bhagatbrinda@upi,upai@upi,1362.52,2026-07-31T09:57:45,Hyderabad,d766091e-4d5,0,9,0
0744a35a-63de-4d86-9b3a-881685c2f356,dhaliwalupkaar@upi,bcherian@upi,4134.92,2026-09-23T10:00:43,Mumbai,7a9a9350-e0a,0,10,0
25186e8c-9c6a-4c33-99cb-3ad9a4657e58,trivenipathak@upi,rajanranveer@upi,3400.72,2026-07-28T21:48:22,Pune,6011f78b-818,0,21,0
34fd794f-5b69-4896-b56e-a5036dc591ed,tanvi51@upi,ksehgal@upi,1188.81,2026-07-01T08:37:49,Delhi,df69cfd2-a83,0,8,0
9d76bff1-78ae-41b9-8a04-0c8c498f1ed4,aryasunder@upi,patrickvasa@upi,617.81,2026-07-19T13:05:53,Mumbai,4ceb4c19-40d,0,13,0
97b09d8c-5e11-4695-b0b1-6612bf4771af,pradhankalpit@upi,gauriganguly@upi,2021.62,2026-09-01T13:03:08,Delhi,4db802c1-9ff,0,13,0
b585edc5-feeb-434d-85a0-8a8bef6b8a85,upmavenkataraman@upi,lshere@upi,415.62,2026-09-14T14:01:05,Akola,38c9fa48-2f9,0,14,0
5fb51146-7030-480a-89a0-0c2eae057a2c,zarnapathak@upi,kabirsoman@upi,22605.05,2026-07-22T01:22:28,Kolkata,c7fe0e49-ef7,1,1,1
13d7be35-0eab-4958-8e0f-5332091199c7,teerth77@upi,qatwal@upi,657.6,2026-07-28T05:49:10,Bengaluru,195c66ab-c8b,0,8,0
7c7bfc51-4abf-4844-8806-8e7e21a181f5,fchaudhary@upi,zarnapathak@upi,437.92,2026-09-26T13:14:34,Chennai,062a0cb9-2c4,0,13,0
3842a71e-8dcb-488a-811b-b2638082d895,anshbedi@upi,rsathe@upi,4162.1,2026-07-20T10:28:32,Mumbai,a7b3a41a-177,0,10,0
f1abe721-91eb-4a5d-bd3e-4430033f5f01,shivansh53@upi,theodore28@upi,2083.75,2026-09-19T12:58:41,Pune,40f069c3-46c,0,12,0
12377f6a-cf74-4873-b99d-c5befcd8f358,anamikayohannan@upi,jonathansolanki@upi,3495.81,2026-07-24T14:00:48,Chennai,588457f2-bbd,0,14,0
7e6ae1b3-9840-4e82-a483-d1a79ef7424b,qatwal@upi,vinayakanda@upi,4364.81,2026-07-03T02:28:49,Hyderabad,cc16e930-bee,0,18,0
4e068d14-8dda-46bf-8625-09bd0a4def8a,zarnapathak@upi,qatwal@upi,3620.63,2026-08-11T14:00:43,Kolkata,1812699a-1b3,0,14,0
735fba23-cfaf-4b26-91c4-49ac7d7087c1,udantdewan@upi,farhanchada@upi,469.48,2026-07-15T02:55:20,Bengaluru,66e63f8b-6eb,0,20,0
4dfa8bbd-a497-4957-993c-f83bb19367df,qnayar@upi,yashica40@upi,4548.34,2026-09-19T13:42:59,Pune,4c2a3569-70e,0,13,0
eb71436a-ef69-46ab-9cd5-a93e53905609,ishakuruvilla@upi,devimatthew@upi,2543.9,2026-09-06T18:44:53,Hyderabad,6bc0dd84-3b8,0,18,0
76e842aa-ebae-469a-92e0-324ae46e25c0,jkohli@upi,randhawaanvi@upi,752.09,2026-09-10T02:16:27,Hyderabad,009786b3-cbb,0,12,0
2c9cfc2e-2a88-440b-93bb-034eafdcdb61,ansh98@upi,yashica40@upi,3574.32,2026-08-24T13:30:03,Delhi,996b3a25-6da,0,13,0
dcb8380b-bde3-440c-87e5-b24215b596e2,twalia@upi,karnikazad@upi,2604.83,2026-08-23T15:48:08,Mumbai,a3de5c1a-f8a,0,15,0
aae54341-a54d-4a02-ba25-bced460a37ec,znori@upi,qwadhwa@upi,4625.64,2026-07-24T05:55:06,Bengaluru,575ce5f1-951,0,12,0
55675137-c7c0-49f8-8559-f5986d0c332d,uchandran@upi,ikakar@upi,130.15,2026-07-23T20:58:04,Hyderabad,ea9893d5-713,0,20,0
0a888494-d034-4442-8e68-2e71dc653587,rsathe@upi,uaurora@upi,542.89,2026-09-05T21:22:53,Kolkata,b4287f0f-ef4,0,21,0
f67b8dd6-ac71-496a-b222-8cee619d34d0,fsamra@upi,thamanorinder@upi,1403.16,2026-07-22T10:05:42,Kolkata,16d95fa1-3ca,0,10,0
9c2d5920-2f9b-45d2-8422-2e720a390cef,daksh45@upi,nathanielsami@upi,4867.7,2026-07-27T00:21:44,Pune,072ac257-0f0,0,11,0
25a6f9df-e932-4a87-83d7-4a207ed2c1b2,onikannan@upi,kakardivya@upi,1223.74,2026-07-06T07:06:13,Chennai,3986b98f-c16,0,7,0
4355eeac-797c-40c9-82fa-e7850c5f786b,yadavinarula@upi,amol24@upi,4891.21,2026-09-17T17:43:46,Kolkata,2dbf9870-7bf,0,17,0
2d3055c4-f7f0-4d96-b9ee-c6bbd9a2b101,dugalnakul@upi,kom@upi,1842.65,2026-07-15T05:52:05,Mumbai,88e8aa3c-ec0,0,11,0
43563171-3cf4-40d9-9ae3-a81085e45f2a,karnikekansh@upi,bnayar@upi,792.31,2026-08-13T17:25:01,Mumbai,9ebe94a8-d7f,0,17,0
7cb3bc25-d359-4067-8687-d2bb3c0d3a13,suhani46@upi,maneupasna@upi,1023.4,2026-09-17T14:27:17,Akola,5d0c0d11-0c6,0,14,0
150dca23-0776-4c0c-8389-838836d72f94,pandeychanchal@upi,dhaliwalupkaar@upi,4314.35,2026-08-23T06:52:09,Akola,864a2d04-55f,0,6,0
e087c001-6c8a-42b1-a468-0c2cd3c8fbc5,kakardivya@upi,baldevika@upi,1579.22,2026-09-13T14:19:47,Kolkata,5f331193-cf1,0,14,0
3dcd5c66-0d46-4fc6-b1f8-a513b42764f9,othakur@upi,jasmitwali@upi,645.4,2026-08-02T18:25:19,Bengaluru,bba7a234-41e,0,18,0
999e8524-34fe-4c66-bc6d-7532ecb69a04,fsarma@upi,jasmitwali@upi,613.47,2026-07-04T10:47:17,Chennai,7033c9dc-e9c,0,10,0
1abd36c3-c325-4670-ab96-c854e35a165a,osharaghavan@upi,xiti28@upi,918.7,2026-08-19T15:17:27,Chennai,ad326f07-fe5,0,15,0
2e59511f-84ae-4588-9e93-f124399c8f96,balangirik@upi,krishnanvanya@upi,970.32,2026-07-08T14:06:21,Bengaluru,1960d8de-cb3,0,14,0
80c6fdeb-5d88-41b5-b14f-ae57021fefc9,qnayar@upi,bhandarijyoti@upi,3728.52,2026-07-08T23:06:14,Chennai,4c2a3569-70e,0,23,0
1da01fa8-660b-40cf-b0ab-27e6054c8134,choudhuryjanani@upi,shivansh53@upi,4203.92,2026-08-17T02:15:14,Akola,4c93c7d1-a58,0,11,0
74d8bdb4-45d2-4432-b806-3d50c1ddc2ea,lalpranav@upi,qatwal@upi,1231.5,2026-08-14T06:37:36,Chennai,4246c913-061,0,6,0
77b14f50-c1b2-475c-93b1-e24ff241f716,sahaupkaar@upi,vinayakanda@upi,3943.24,2026-07-22T15:39:00,Akola,651e1852-8a4,0,15,0
7c32f768-873e-4557-b29a-810590f269ae,hrattan@upi,kakardivya@upi,4721.51,2026-08-01T09:59:08,Kolkata,c3f5975c-ac9,0,9,0
6d8054cc-3263-4f80-91e7-55c2e38fafb2,sawhneyojas@upi,vedamalhotra@upi,2256.05,2026-09-23T21:53:34,Pune,925a5673-7ea,0,21,0
a32e691a-f737-4b6f-be9b-d8be77cd8f20,desaiaishani@upi,timothy17@upi,90842.22,2026-08-15T04:56:31,Hyderabad,ed33e840-e27,1,4,1
b92df38f-6645-4f39-afaf-04dbf49bb42d,raksha87@upi,jasmitwali@upi,1030.84,2026-09-15T09:40:24,Mumbai,cd38bc87-080,0,9,0
04b09d94-37bf-49e6-a33b-6f59d7116c7a,yashica40@upi,soodyadavi@upi,2935.37,2026-09-17T12:24:25,Kolkata,4f00d0f2-cb4,0,12,0
689709fc-7f84-4120-adae-104de4b8e4c2,koshybalveer@upi,frederickkhurana@upi,1577.13,2026-08-07T00:01:06,Chennai,53981699-769,0,14,0
0c19013e-7d81-4c39-bbf1-6303eff390e7,daksh58@upi,ishakuruvilla@upi,4328.2,2026-08-09T08:18:32,Mumbai,b2da648a-195,0,8,0
ecfa5386-94ee-433a-90ef-50a4d607bb39,ekbalbhasin@upi,aishanibumb@upi,4135.29,2026-09-11T00:56:14,Delhi,e8c4512b-b01,0,11,0
6c4183d9-f7b4-4f42-8339-c64b25d4150d,janujapradhan@upi,urvashi66@upi,3505.37,2026-09-03T20:42:58,Pune,9c9396c8-258,0,20,0
da7b6787-a4e5-4b93-a79b-de89207ef1cb,osharaghavan@upi,thamanorinder@upi,3415.52,2026-09-03T10:43:19,Kolkata,ad326f07-fe5,0,10,0
67682319-b908-4d7c-b38d-7807c3ff7f8c,daksh45@upi,aishanibumb@upi,2695.73,2026-09-14T02:32:14,Pune,072ac257-0f0,0,22,0
9338868c-716a-40f2-a2ea-d72fb82f1045,gautammerchant@upi,droy@upi,4211.81,2026-07-23T03:03:37,Akola,c39bd9f0-2f5,0,17,0
37bd9f7e-9e69-4690-9445-2774f272baa4,sachdevanikita@upi,xiti28@upi,2523.44,2026-08-31T07:48:58,Kolkata,84a60f35-56b,0,7,0
5e7c3fcd-c376-4c22-a186-e1be2d3319e7,qpandya@upi,karnikekansh@upi,2312.56,2026-08-18T08:16:36,Chennai,420fdf64-228,0,8,0
af91b0d9-91ef-4e38-8704-fad31f5d3a58,baraldayamai@upi,pchhabra@upi,4597.48,2026-07-09T00:00:16,Delhi,3f9b0bda-4d2,0,11,0
595653d1-6f18-4080-99b9-224694f1d872,osharaghavan@upi,ansh98@upi,635.84,2026-07-19T03:11:29,Delhi,ad326f07-fe5,0,8,0
96c39a6d-d1d8-4f54-856d-e31f07494c35,bnayar@upi,theodore28@upi,4840.24,2026-07-02T22:48:10,Pune,9ae0f61e-249,0,22,0
a29ed3c8-64d1-44e4-ab96-3cc9c05edfd9,baraldayamai@upi,hritikpalla@upi,3812.85,2026-08-16T12:15:06,Kolkata,3f9b0bda-4d2,0,12,0
33f99010-0efd-479f-8d70-4a3dd49a1679,nandinibhargava@upi,nihalshere@upi,2410.92,2026-08-07T14:23:32,Mumbai,48e3bd88-2ee,0,14,0
7a6ae2f4-8751-4175-8e11-4f3e208f8ff1,theodore28@upi,baraldayamai@upi,71.47,2026-07-18T08:58:31,Mumbai,bf68b038-433,0,8,0
7a3c2cd8-a4c5-4926-87ed-97563aeddea0,jonathansolanki@upi,uaurora@upi,66.37,2026-07-20T19:57:29,Kolkata,2744506e-bbb,0,19,0
813d36d7-575c-45a8-ba0d-c9c65592596f,randhawaanvi@upi,lalpranav@upi,3585.09,2026-09-07T05:22:12,Akola,4e527681-5a1,0,14,0
79099783-0b7a-4fc4-8c79-b483fbf5a49a,aarnavmalhotra@upi,dugalnakul@upi,3383.07,2026-07-14T22:00:06,Hyderabad,de316df9-cc5,0,22,0
9cd0ad7f-a8ba-46f2-ae0d-bc9e019d3d79,bariaazaan@upi,suhani46@upi,2460.51,2026-08-07T06:07:35,Delhi,88c64c48-2d1,0,6,0
09064f2e-c6d1-4b84-8caf-87ee25b9bacd,soodyadavi@upi,qvyas@upi,3598.74,2026-09-12T23:33:26,Kolkata,82f6eeaf-083,0,23,0
63d34ef5-da16-4bc5-a7d2-3cd2faa6ad49,pchhabra@upi,harini14@upi,4935.78,2026-07-21T05:31:37,Kolkata,cecd6417-13d,0,7,0
68f298b5-51e6-4c36-8751-921b5a261d66,qpandya@upi,charan16@upi,788.63,2026-07-28T15:13:59,Chennai,420fdf64-228,0,15,0
a1212f80-68ec-4765-a5b7-2b6aa909160e,gauriganguly@upi,kashviedwin@upi,1717.2,2026-09-17T12:15:12,Akola,c72e7ae4-f85,0,12,0
2f1edeb0-9165-4fce-935a-d7f406654306,aarnavmalhotra@upi,ansh98@upi,1299.37,2026-09-21T19:11:50,Delhi,de316df9-cc5,0,19,0
9eaf049f-be42-4e3c-a05a-2c7251d30056,eyohannan@upi,grewalekapad@upi,4115.76,2026-07-02T18:10:04,Mumbai,0f358453-475,0,18,0
d043f37a-0acb-4e4d-a62b-01f449fde5ac,teerth77@upi,raksha87@upi,2630.61,2026-09-14T03:33:55,Bengaluru,195c66ab-c8b,0,7,0
449847a1-407b-4c91-b2b6-fac3c7bf134b,bhavani27@upi,yadavinarula@upi,973.59,2026-08-08T09:03:15,Mumbai,527b9e26-830,0,9,0
3bd9e656-9b2c-4753-9281-c0857d74e7f1,choudhuryjanani@upi,bnayar@upi,2981.52,2026-06-30T15:20:06,Bengaluru,4c93c7d1-a58,0,15,0
27e8b8c9-443e-4355-8fa1-25ebffba6a31,khatrinathan@upi,falak10@upi,3922.06,2026-07-29T06:36:49,Mumbai,67200f98-d64,0,6,0
e24858d3-bab9-4439-b170-150cbeb107f5,yashica40@upi,aarnavrege@upi,2459.68,2026-07-06T22:59:05,Hyderabad,4f00d0f2-cb4,0,22,0
711b4bdf-8c3a-444d-9165-425d51ae228a,anamikayohannan@upi,sahaupkaar@upi,607.76,2026-08-06T07:08:23,Bengaluru,588457f2-bbd,0,7,0
8ba93a59-c646-4757-88ee-63af4e3b9330,bhatvarenya@upi,pushtibal@upi,3548.59,2026-08-08T20:21:04,Bengaluru,e7b4cbd8-66d,0,20,0
9e06c75c-d40c-4fef-b480-8c1ca84a8455,cdatta@upi,koshybalveer@upi,356.91,2026-07-19T19:58:37,Kolkata,5549160f-884,0,19,0
d1b242a5-de12-4d26-858d-3443c7ddbc36,falak10@upi,yashodadeshpande@upi,2195.22,2026-08-07T02:25:20,Akola,ddebfabe-8b8,0,13,0
23b0117d-673b-4aca-a300-7b6498b836dc,shagaurang@upi,harini14@upi,4350.32,2026-07-12T17:51:44,Hyderabad,f2695b17-da3,0,17,0
3b9efcd0-5938-4748-8938-2a9ce6f1591e,yashica46@upi,finn70@upi,4735.67,2026-07-14T15:53:47,Hyderabad,44bc0387-f29,0,15,0
80b7fabc-8113-4cd0-9e62-ef219324385f,harrisonrai@upi,upmavenkataraman@upi,22801.31,2026-07-09T01:16:25,Bengaluru,eb283800-99f,1,1,1
633af1ef-4423-43a7-979e-33e5bbd7af73,owen10@upi,xiti28@upi,3153.32,2026-09-25T01:17:21,Pune,2a881e5f-0a3,0,13,0
76e97c29-6fd8-4c62-b7cc-ed1b23827f45,lakshmi51@upi,ikakar@upi,3217.14,2026-08-17T05:51:11,Kolkata,c26b652f-797,0,20,0
7d1369d5-80d0-4577-8a85-6d601ebcb0e3,trivenipathak@upi,bhattvamakshi@upi,3100.76,2026-07-08T18:40:04,Hyderabad,6011f78b-818,0,18,0
a7d21a8c-e6ef-42ba-8a0b-b6dd750316ec,saumyadey@upi,saumyadey@upi,1827.27,2026-07-02T06:28:22,Delhi,a9e6a037-41e,0,6,0
9d2a39e9-1a6f-40e6-b95d-b901f8989668,zdeol@upi,cdatta@upi,2623.7,2026-07-30T14:14:12,Delhi,500c5ea8-5e7,0,14,0
46245757-4847-4b94-b21d-1700ea57a541,eyohannan@upi,nattdominic@upi,2223.59,2026-08-19T20:05:51,Chennai,0f358453-475,0,20,0
e68fb447-1a36-4d99-a0dd-92f189cdfa4a,kgole@upi,osharamachandran@upi,2617.58,2026-09-13T12:59:52,Chennai,033b6f25-c1a,0,12,0
b8650d2c-4c76-4784-a0f5-415df0ce1b1a,hrattan@upi,vihaan13@upi,249.4,2026-08-23T15:34:09,Bengaluru,c3f5975c-ac9,0,15,0
93072b0b-9682-4492-ba49-d37460484c07,othakur@upi,priya51@upi,4799.4,2026-07-09T10:51:49,Pune,bba7a234-41e,0,10,0
138b1269-92d4-458b-9b06-1ab3fbb40b7f,michaelborra@upi,janujasankar@upi,3219.07,2026-09-27T02:25:27,Akola,b9b15ca7-23c,0,8,0
16e67cda-7c6a-4c71-bfaa-b93bca551ea5,pandeychanchal@upi,henry25@upi,1176.51,2026-09-08T08:00:52,Pune,864a2d04-55f,0,8,0
6e486e7a-94fe-4651-b709-d26ce4f94cd7,udantbajwa@upi,shivansh53@upi,4954.02,2026-07-04T00:02:11,Delhi,cce36fe7-c93,0,19,0
1ee0edde-3c10-4bdc-b6c0-f1ce96d89634,bhavnakaran@upi,vmerchant@upi,4277.51,2026-08-04T12:03:49,Hyderabad,acdecfc2-24d,0,12,0
4e624e4e-f3d8-4449-817a-2db02cfe1aa0,rajanranveer@upi,gautammerchant@upi,2849.48,2026-07-22T06:40:34,Akola,d345db24-261,0,6,0
6a5c4b37-9289-4b25-a76e-b971fd06c7fb,choudhuryjanani@upi,kalpit42@upi,313.13,2026-09-26T02:37:05,Hyderabad,4c93c7d1-a58,0,18,0
e3e0c469-8fcd-4527-8370-cdced6d0a2d3,teerth09@upi,ekarajbath@upi,4813.76,2026-07-24T15:47:52,Hyderabad,ffd45e2d-603,0,15,0
3bdbfb1c-2aea-4d07-9747-f0e90242581f,diya27@upi,tanvi51@upi,906.77,2026-07-20T21:19:18,Delhi,ddd946f9-d4c,0,21,0
e671eab8-3bd0-43e0-bb09-417ea38bef45,bhatvarenya@upi,khatrinathan@upi,1582.43,2026-08-20T12:50:06,Chennai,e7b4cbd8-66d,0,12,0
ec6bda66-2413-40dc-9c41-771a3b09f931,owen10@upi,mananbakshi@upi,876.75,2026-08-09T06:46:07,Mumbai,2a881e5f-0a3,0,6,0
f20b4b21-19a7-40f1-9b25-b2f5a8e44fa7,mkapadia@upi,aradhanaverma@upi,1350.87,2026-08-19T03:19:53,Mumbai,7e9eef66-f41,0,21,0
330d3c1c-4c72-484a-ab09-667a96b242ae,uaurora@upi,fsamra@upi,4512.31,2026-08-09T20:16:36,Hyderabad,ee6efdd6-203,0,20,0
92ce24a9-3dcd-4490-999c-85529f47a756,uaurora@upi,indira19@upi,4504.37,2026-07-08T05:40:48,Kolkata,ee6efdd6-203,0,7,0
9dc69350-ac67-45c1-bdb9-5008dc80b74d,qpandya@upi,rajanranveer@upi,3583.15,2026-07-16T05:50:21,Bengaluru,420fdf64-228,0,19,0
ee060e66-2f56-4d27-a0ae-7323f5fcb7d7,mangalwahab@upi,oseth@upi,1875.25,2026-07-29T06:24:09,Hyderabad,ddfc0db5-5e5,0,6,0
1a5a42d5-529b-45a3-87ca-979894d978f0,aryasunder@upi,alkadewan@upi,1522.24,2026-07-09T15:12:09,Bengaluru,4ceb4c19-40d,0,15,0
84df952c-16b2-4ec4-a6f0-3fbdcbafe069,hrattan@upi,cswaminathan@upi,829.18,2026-09-15T18:24:31,Hyderabad,c3f5975c-ac9,0,18,0
70c510af-2d7b-471f-89d2-5d1be111cf84,sudiksha89@upi,bhavnakaran@upi,877.9,2026-08-25T06:58:22,Mumbai,06dc236b-954,0,6,0
9537b474-77e5-4844-a3a1-5449234f1b71,pushtibal@upi,yadavinarula@upi,2708.9,2026-07-31T22:43:40,Delhi,ef54e936-8e0,0,22,0
bf4fd9f2-5cda-49c7-9e50-a391157048d8,twalia@upi,dhaliwalupkaar@upi,1663.14,2026-07-27T20:14:52,Hyderabad,a3de5c1a-f8a,0,20,0
aabb44ca-7f47-40e6-abaf-b956295eba20,farhanchada@upi,amblesamarth@upi,1202.41,2026-08-18T07:42:11,Bengaluru,d163c594-7f8,0,7,0
2fd8774c-6849-4702-9c75-f2bf1b5a1d42,soodyadavi@upi,maneupasna@upi,1790.1,2026-09-18T04:55:28,Chennai,82f6eeaf-083,0,17,0
56cb7b91-b5da-4e75-9c3e-72b403effab6,diya27@upi,bnayar@upi,1846.84,2026-07-16T14:52:57,Akola,ddd946f9-d4c,0,14,0
a78a3e51-a41d-4742-8b90-7657914177c6,indirakanda@upi,ssahni@upi,2313.26,2026-09-18T19:41:46,Delhi,0b3b9bf5-fe4,0,19,0
6e6d41bd-03e0-464a-bc4c-6b546b8fa6ac,beramax@upi,sahaupkaar@upi,4980.05,2026-09-17T20:51:21,Kolkata,66663ca1-cbd,0,20,0
16cc85b1-48f6-40eb-a30d-de45d4d0acc4,falak10@upi,upmavenkataraman@upi,76708.22,2026-09-25T00:34:56,Mumbai,de48c492-5d6,1,0,1
5c17a16a-5f9a-45b2-bd7d-737a9e08d1e0,diya27@upi,rajanranveer@upi,366.46,2026-09-22T20:07:21,Delhi,ddd946f9-d4c,0,20,0
3909c93b-ab68-4946-9098-2cf7f030ca8c,kgole@upi,jyoti29@upi,83.81,2026-09-19T09:48:09,Chennai,033b6f25-c1a,0,9,0
06f7f52f-29e5-4fce-8afe-5a48e540923b,fsarma@upi,qnayar@upi,2554.13,2026-09-03T14:18:38,Bengaluru,7033c9dc-e9c,0,14,0
bbfe0e8a-d521-4a7b-92d2-2bc3a1bf8521,urvibhavsar@upi,atharv13@upi,50201.64,2026-09-09T03:33:33,Bengaluru,b5c850a0-e53,1,3,1
cb2d1d31-11f5-4cba-99e3-d142c08e782e,zdeol@upi,lshere@upi,632.04,2026-09-05T01:36:59,Hyderabad,500c5ea8-5e7,0,15,0
72618402-174c-4a5d-a374-dbff4926a5a5,bhatvarenya@upi,fchaudhary@upi,4372.99,2026-08-11T10:05:46,Mumbai,e7b4cbd8-66d,0,10,0
fdca2a19-8573-4388-a27e-f213e0c71c1a,aishanibumb@upi,mray@upi,4490.88,2026-08-22T03:42:28,Akola,27a02a93-b8a,0,18,0
b1117d46-bbc3-4ff9-b523-ddb291095253,nandinibhargava@upi,sarinanirudh@upi,172.05,2026-08-03T13:31:56,Kolkata,48e3bd88-2ee,0,13,0
3cd0a4f1-2b83-411b-be31-9df81882dad5,jyoti29@upi,ikakar@upi,3315.35,2026-09-17T22:14:54,Mumbai,1b8449aa-325,0,22,0
f05bbbb9-aa5a-4d70-8878-3e96ff62bdd6,grewalekapad@upi,chandani64@upi,3906.89,2026-09-09T11:00:19,Pune,48f0b03d-9d3,0,11,0
a8b1a5a4-1e33-4c29-847d-280b52f6291c,zaidchauhan@upi,patrickvasa@upi,3093.87,2026-08-21T18:38:59,Mumbai,f25fae62-8b8,0,18,0
a6d4d5cb-1507-4258-8f91-dba16701091d,othakur@upi,modibhavini@upi,2972.94,2026-07-27T07:51:05,Mumbai,bba7a234-41e,0,7,0
f6325f79-0ac3-411a-9ccc-6b4fc98ed733,nathanielsami@upi,ekaraj45@upi,2561.16,2026-07-14T01:56:08,Bengaluru,dc6d5618-766,0,10,0
4db879fa-cd55-4797-83b7-cc4f736a068f,osachdeva@upi,esawhney@upi,4687.26,2026-07-07T07:02:39,Hyderabad,5fbc55ef-2de,0,7,0
12ef6bd9-e251-46e1-b9cd-79a7a3843c6a,cswaminathan@upi,harini14@upi,3835.21,2026-07-30T19:14:39,Bengaluru,46baf193-06b,0,19,0
cf89d9b0-335c-40bd-9cee-b87839c6e443,alkadewan@upi,sawhneyojas@upi,2512.7,2026-09-19T04:41:27,Bengaluru,a481934d-88c,0,8,0
9cf11662-fe96-46db-8582-b03a2385ef01,sachdevanikita@upi,timothy17@upi,2783.15,2026-07-03T08:48:17,Bengaluru,84a60f35-56b,0,8,0
f746ce3e-bb99-4e38-be42-8d10bff02751,hrattan@upi,ishakuruvilla@upi,4182.62,2026-07-25T18:09:41,Hyderabad,c3f5975c-ac9,0,18,0
03a74c65-983b-46d2-b354-fa0c250f95a6,onadig@upi,yashawinilanka@upi,4488.14,2026-07-10T15:12:23,Bengaluru,2edf66dc-30a,0,15,0
81078031-0ce9-4c91-9048-89f64b471e14,amblesamarth@upi,ekaraj45@upi,2959.68,2026-08-07T07:54:27,Delhi,8afd62cd-bcc,0,7,0
6968091a-c9c6-45c6-a3bd-ae57f3774987,isha34@upi,isha34@upi,2811.92,2026-08-22T05:17:40,Chennai,8fc07b5e-994,0,16,0
306a033e-2b0f-4da3-943b-8b839f5f04a5,suhani46@upi,hrattan@upi,1169.17,2026-09-11T20:59:12,Chennai,5d0c0d11-0c6,0,20,0
4cbf49fa-84fc-49b5-974d-c92751490341,ranbir39@upi,indirakanda@upi,2062.25,2026-07-19T04:27:59,Akola,06491864-379,0,9,0
54fe9af7-5f2d-428b-b538-9a35791a4416,kabirsoman@upi,triyagopal@upi,834.02,2026-08-28T20:16:13,Hyderabad,6ef910ee-e62,0,20,0
0f30d6f8-17f9-4187-9336-b307d29a7b55,kibeharsh@upi,yutika95@upi,2294.49,2026-09-27T02:42:37,Chennai,ff6d3c99-65e,0,21,0
bf72d0de-ae8a-4764-aa4a-b57cb3e840b3,vedamalhotra@upi,owen10@upi,3840.38,2026-07-10T21:54:34,Bengaluru,e558806d-c5f,0,21,0
e7cf1226-3c06-424c-9ebb-6999e248fa4d,oseth@upi,pandeychanchal@upi,1645.99,2026-09-20T08:30:50,Delhi,d85c553b-6f2,0,8,0
8d8c90f0-48f5-4ec6-91ec-9422d43cc397,vmerchant@upi,dhaliwalupkaar@upi,132.61,2026-09-07T08:16:51,Delhi,af2f2527-a1c,0,8,0
98340710-3816-4b00-b94e-df229a61ce7b,krishnanvanya@upi,othakur@upi,533.54,2026-09-01T03:05:29,Pune,8ff5ffba-9c3,0,9,0
206167f2-92dc-4535-b913-b4f74093b242,yutika95@upi,triyagopal@upi,945.2,2026-08-26T04:28:52,Akola,534764bd-7d8,0,19,0
bc690b33-fceb-49bd-a8d3-aa3750ae6c35,patrickvasa@upi,amaradutta@upi,4767.57,2026-08-28T18:26:23,Mumbai,5486ec5a-863,0,18,0
e40f980a-2203-4471-89ee-9f000490db5c,suhaninarain@upi,khatrinathan@upi,2034.2,2026-08-17T17:37:23,Hyderabad,eeef38f2-0d4,0,17,0
8814f5f1-bf02-4db1-9432-16aed318960b,sudiksha89@upi,janujasankar@upi,3643.7,2026-07-12T14:57:15,Bengaluru,06dc236b-954,0,14,0
76d56dad-d208-4952-9387-f30b900d9cb8,ssahni@upi,ekaraj45@upi,1193.3,2026-08-05T12:01:52,Bengaluru,5a5477fd-633,0,12,0
30d22676-9126-4e9a-a604-4849e4cb49f6,mananbakshi@upi,ikakar@upi,599.11,2026-08-17T00:42:20,Delhi,bbc34ec7-2f8,0,10,0
dce9dc42-95f8-41a2-85a7-1b36c4cab7b4,vedamalhotra@upi,raigunbir@upi,1649.7,2026-08-15T19:07:35,Mumbai,e558806d-c5f,0,19,0
111dc4f4-9e79-40ff-ba23-1d61ee3cfc23,fswamy@upi,borramanthan@upi,1061.89,2026-08-19T18:42:02,Pune,ffe1ecd3-cab,0,18,0
9a86a446-b1a5-42c2-a3d2-a29c46b5e19f,baldevika@upi,fchaudhary@upi,1251.28,2026-07-02T08:14:48,Bengaluru,d32ca56c-31d,0,8,0
507fc4ea-8247-4489-ba04-110607b527dd,falak10@upi,modibhavini@upi,1998.9,2026-09-14T00:56:35,Bengaluru,ddebfabe-8b8,0,21,0
0516cb79-02e4-4496-a3ab-4467fb8d0878,sudiksha89@upi,hyadav@upi,900.77,2026-09-03T18:30:35,Kolkata,06dc236b-954,0,18,0
ca9830eb-dea3-4d41-98ab-b5eef073eddd,rsathe@upi,charan16@upi,3449.93,2026-08-12T14:47:04,Pune,b4287f0f-ef4,0,14,0
84262f80-7aaf-4f50-b242-e75d27b0085a,ansh98@upi,tanvi51@upi,186.98,2026-08-05T17:14:01,Mumbai,996b3a25-6da,0,17,0
3b8ee3f3-a016-4ad3-8e79-a09bde7ffe8f,desaiaishani@upi,gauriganguly@upi,1557.83,2026-07-21T15:23:15,Chennai,3be7191f-103,0,15,0
232ba958-e7e2-4422-a4bf-c33e850b6202,dayamai55@upi,jyoti29@upi,4788.82,2026-08-26T09:13:11,Hyderabad,4e7f1479-d7f,0,9,0
f10c083e-44c7-49a3-8ca5-d928b6739008,yadavinarula@upi,teerth09@upi,4480.04,2026-09-06T03:30:16,Chennai,2dbf9870-7bf,0,17,0
caf6088e-b96b-408e-9c31-52744c91568a,karnikekansh@upi,aarnavrege@upi,856.39,2026-09-25T19:16:51,Pune,9ebe94a8-d7f,0,19,0
3d167ca1-ea54-474c-a70a-2bd07b92620d,pchhabra@upi,alkadewan@upi,3531.36,2026-07-14T19:47:46,Mumbai,cecd6417-13d,0,19,0
d407bdbe-0378-4a13-af7a-014b18d4c35b,kibeharsh@upi,zdeol@upi,1037.89,2026-07-26T05:23:27,Kolkata,ff6d3c99-65e,0,18,0
2ab13e2c-d1b0-41d3-88db-44fb22ec45b3,saumyadey@upi,ekbalbhasin@upi,302.06,2026-09-06T00:54:20,Mumbai,a9e6a037-41e,0,10,0
088afa37-b29c-4441-9c2c-8dad29e4b2bc,vamakshi82@upi,chanderwarjas@upi,2254.52,2026-08-26T13:36:36,Hyderabad,54f56fb8-041,0,13,0
d9b7fe69-9bf6-4eff-8f85-30bdea854277,cdatta@upi,xiti28@upi,411.63,2026-08-05T21:33:56,Mumbai,5549160f-884,0,21,0
ed03b661-9365-4a90-9bee-1a2cf7832548,rsathe@upi,triyagopal@upi,45583.49,2026-08-15T23:27:39,Pune,0fea74a8-4a1,1,23,1
61df68a8-9575-4a8e-aa59-7f8ea9ab2ec3,hrattan@upi,maneupasna@upi,3181.78,2026-08-26T09:41:06,Akola,c3f5975c-ac9,0,9,0
83cf3354-a718-4038-a3d4-efb70516e424,krishnanvanya@upi,aishanibumb@upi,197.13,2026-07-09T19:57:36,Mumbai,8ff5ffba-9c3,0,19,0
eee44d9c-4433-4b76-9db2-62d76827db7d,raksha87@upi,frederickkhurana@upi,191.43,2026-08-21T12:31:35,Akola,cd38bc87-080,0,12,0
00285b33-2493-4362-99ea-fbd3b739681a,ojasvi77@upi,dhaliwalupkaar@upi,4955.38,2026-09-19T20:54:34,Bengaluru,436c8c6f-1ee,0,20,0
88efbcc7-52df-42f4-8519-062ccfbbb72c,kabirsoman@upi,raksha87@upi,4487.79,2026-08-31T22:46:01,Mumbai,6ef910ee-e62,0,22,0
be23e996-2995-442d-8e29-dedc1b94e57c,ekbalbhasin@upi,pushti49@upi,272.14,2026-09-26T22:25:37,Pune,e8c4512b-b01,0,22,0
5ca6bf51-6283-45bd-afc7-be65fe9fe458,sudiksha89@upi,sahaupkaar@upi,3724.96,2026-08-17T13:35:55,Bengaluru,06dc236b-954,0,13,0
466ba17e-243f-417a-ac1f-0e3e71995e70,amaradeep@upi,devimatthew@upi,4955.87,2026-09-14T00:39:42,Kolkata,c542da04-786,0,9,0
147d37b2-81d8-4a1a-bb31-14312db4dc32,amblesamarth@upi,aishanibumb@upi,1075.64,2026-08-18T22:00:48,Pune,8afd62cd-bcc,0,22,0
190154c5-c715-4fa5-9aea-5133aa924cd4,vmerchant@upi,suhaninarain@upi,39264.79,2026-09-17T00:31:02,Pune,6ed6d705-c40,1,0,1
77ad59d6-9e5f-49d3-981d-db3b729789f6,amol24@upi,aryasunder@upi,2577.73,2026-07-22T08:07:00,Chennai,8937ded1-b0c,0,8,0
2776891f-58e1-4b50-870b-abc3bf722502,faqidsavant@upi,bhattvamakshi@upi,3711.29,2026-07-30T22:06:57,Akola,1ca35c16-a10,0,22,0
cc608eff-863f-4b5a-bad3-86fed1676e54,ishakuruvilla@upi,lalpranav@upi,394.56,2026-07-31T02:04:18,Delhi,6bc0dd84-3b8,0,19,0
b1df5bdd-ba29-442c-bbba-028cca50fbbf,nathanielsami@upi,patrickvasa@upi,780.48,2026-07-27T14:13:06,Mumbai,dc6d5618-766,0,14,0
3cdd7dd8-7cb0-4c3e-918f-ef55f3d7e7a3,ansh98@upi,bariaazaan@upi,1183.29,2026-07-07T16:30:45,Delhi,996b3a25-6da,0,16,0
1a643a5c-afd9-456d-a37f-8f0b3ccd7b8e,khatrinathan@upi,qvyas@upi,2652.19,2026-08-03T00:02:46,Chennai,67200f98-d64,0,9,0
9fc648f3-433e-499f-9519-c20eacbf2394,sahaupkaar@upi,khatrinathan@upi,86694.25,2026-09-21T03:41:23,Akola,e687e939-b18,1,3,1
27bcfab0-b49f-473d-8bb0-aa3ba202a231,henry25@upi,anshbedi@upi,4376.88,2026-08-24T17:42:55,Delhi,166aa591-ee1,0,17,0
f74d02ed-d75a-46d3-9387-a559912fac1d,atharv13@upi,nandinibhargava@upi,2990.33,2026-07-28T07:12:56,Kolkata,42f27329-005,0,7,0
4b3a0f95-2340-4cba-9944-f041afb858e4,henry25@upi,balangirik@upi,3319.12,2026-08-15T04:47:58,Bengaluru,166aa591-ee1,0,14,0
678ae8a1-1999-4d97-9a60-ab676c63f34e,karnikekansh@upi,bariaazaan@upi,236.98,2026-08-07T04:00:20,Hyderabad,9ebe94a8-d7f,0,10,0
867fc9ff-f66d-4cda-842a-12c2b13834f0,ansh98@upi,suhaninarain@upi,28788.35,2026-09-24T04:56:31,Pune,15d98d00-229,1,4,1
8f415ca6-b33a-4605-8a7c-7213ab49162f,desaiaishani@upi,alkadewan@upi,1663.63,2026-08-10T06:21:42,Kolkata,3be7191f-103,0,6,0
f70689d5-5ded-43b2-980e-e679b583bc80,sawhneyojas@upi,randhawaanvi@upi,982.35,2026-07-29T18:26:22,Kolkata,925a5673-7ea,0,18,0
33172752-440f-418a-9600-d312487578ea,uchandran@upi,lshere@upi,56003.7,2026-08-15T02:06:38,Mumbai,2951f902-0c6,1,2,1
c98089a3-f02e-4ea9-86ae-5db43fa69058,pushtibal@upi,pavani85@upi,1897.87,2026-08-15T02:17:23,Bengaluru,ef54e936-8e0,0,19,0
8a4ca127-27a8-4d81-ba85-724961c47b83,cdatta@upi,ikakar@upi,2918.36,2026-08-30T22:18:05,Bengaluru,5549160f-884,0,22,0
1cc2ca8e-7acf-4146-b038-c189355b9fa7,avarkey@upi,saumyadey@upi,2351.18,2026-09-16T17:24:12,Delhi,2060d1a2-7a7,0,17,0
7045080d-057f-447a-bfa9-5d6ec78444bc,koshybalveer@upi,vamakshi82@upi,4280.28,2026-07-21T08:38:48,Pune,53981699-769,0,8,0
a3c3207e-7313-4163-b6c8-436223a910fb,kalpit42@upi,kgole@upi,3038.44,2026-09-02T04:04:09,Mumbai,25b79fcc-aed,0,21,0
1adfc643-58e9-4cda-b0c9-e6811f4b2d21,mray@upi,aviramesh@upi,4955.55,2026-08-16T21:56:11,Hyderabad,4d9d1830-dbb,0,21,0
038f2334-80bb-4f0a-bb9c-683ed24a33aa,qvyas@upi,jasmitwali@upi,702.37,2026-07-12T23:32:00,Delhi,e316ffc2-72c,0,23,0
9021938e-6b29-410d-842d-01c2610c48e5,chakradevbarad@upi,pchhabra@upi,4389.88,2026-09-13T18:02:22,Mumbai,a0208131-c51,0,18,0
a2a011ab-51b9-4548-a1e0-b625cae590da,bcherian@upi,petersachar@upi,4594.2,2026-08-25T15:15:34,Kolkata,c441206e-dd2,0,15,0
45051d77-70c5-4f4c-9cdd-a213ec8a4d95,yauvanicomar@upi,teerth09@upi,61929.33,2026-08-21T01:48:46,Akola,5249268d-010,1,1,1
1908ef4a-f772-46a3-8ac8-875fa146df94,dugalnakul@upi,yutika95@upi,4479.22,2026-08-08T20:48:11,Mumbai,88e8aa3c-ec0,0,20,0
9c56f60f-6745-4ae3-9394-3d8e930f75bc,yashica46@upi,baldevika@upi,721.71,2026-09-14T19:39:36,Kolkata,44bc0387-f29,0,19,0
0a3c4237-4d44-4a4b-9bad-f3f6b9de603b,suhani46@upi,bhatvarenya@upi,4731.78,2026-07-30T18:48:43,Mumbai,5d0c0d11-0c6,0,18,0
99bbb748-bbea-4faa-b5b3-122bf5cd4241,othakur@upi,fchaudhary@upi,999.92,2026-06-30T21:51:34,Delhi,bba7a234-41e,0,21,0
3d59199b-9d80-49a5-bed4-949fc66ae43a,daksh58@upi,teerth77@upi,2340.42,2026-07-31T01:35:42,Mumbai,b2da648a-195,0,21,0
83636146-57d4-4f49-91e1-4207c6a63693,upai@upi,karnikekansh@upi,1983.56,2026-09-14T19:05:06,Hyderabad,eb6db7d5-b4b,0,19,0
228db19b-b87d-464f-85d7-f5ffdcab8856,pandeychanchal@upi,vinayakanda@upi,4255.46,2026-09-13T19:32:27,Mumbai,864a2d04-55f,0,19,0
ef2cea6a-21dc-451d-8f18-2589dec0cb72,baraldayamai@upi,vlanka@upi,1628.6,2026-09-09T06:11:06,Hyderabad,3f9b0bda-4d2,0,6,0
aa35bde7-11f6-435f-b4f7-66783e7a5ed3,soodyadavi@upi,vlanka@upi,2107.62,2026-09-22T02:25:31,Delhi,82f6eeaf-083,0,17,0
89277e2d-b54e-470b-9e25-952ab846933e,atharv13@upi,sarinanirudh@upi,3055.15,2026-08-20T22:47:59,Kolkata,42f27329-005,0,22,0
57cb8e13-9621-4f39-844b-789c71d8184c,ikakar@upi,mananbakshi@upi,327.77,2026-07-21T15:35:38,Mumbai,4e636d14-cda,0,15,0
2e11d56a-1056-4827-841c-b404fcd24469,zarnapathak@upi,ssahni@upi,23543.72,2026-09-01T00:43:10,Chennai,43a88524-84b,1,0,1
76265d2a-525c-4498-a828-9575bb411c02,pchhabra@upi,faqidsavant@upi,3406.63,2026-08-20T04:17:55,Bengaluru,cecd6417-13d,0,19,0
e4d6f336-108f-4d7c-9491-215ae49355cc,dharazaan@upi,bhatvarenya@upi,15732.31,2026-07-07T02:06:59,Delhi,b9d9f728-590,1,2,1
9766fbac-53db-435a-8090-394aba853de6,cswaminathan@upi,baraldayamai@upi,2501.16,2026-08-28T13:55:26,Kolkata,46baf193-06b,0,13,0
1cf372cf-4c42-48f0-aa4d-bc19fd0db1ae,vlanka@upi,priya51@upi,16501.91,2026-09-08T03:17:03,Akola,11d35378-49f,1,3,1
46833dc9-655a-4640-947b-106beb81d424,indirakanda@upi,hritikpalla@upi,4864.17,2026-08-05T02:17:53,Bengaluru,0b3b9bf5-fe4,0,15,0
3af1bde3-7ee4-434d-9906-caf3ff0ab376,pchhabra@upi,sidhudaksha@upi,2231.41,2026-06-30T15:02:33,Delhi,cecd6417-13d,0,15,0
9429ad60-65eb-4f4f-ba7e-204d3604c634,saumyadey@upi,lakshmi51@upi,979.33,2026-09-24T14:08:31,Pune,a9e6a037-41e,0,14,0
ef4d40c4-7da4-43c1-b24b-ac9a3ca6876b,triyagopal@upi,aarnavrege@upi,3263.44,2026-07-05T05:15:55,Bengaluru,6fa13b38-3c4,0,18,0
6049cd77-9878-4a03-be0d-9ecd461fccc7,saumyadey@upi,amaradeep@upi,77884.19,2026-08-24T23:03:03,Delhi,65310f45-83c,1,23,1
d2d3bada-23b0-44ce-8eb9-5723eff8b57b,yashodadeshpande@upi,kabirsoman@upi,3413.61,2026-08-11T05:07:33,Akola,976e20dc-d26,0,7,0
a4d8d9a4-2a28-4fee-9f4c-5fcc6176b859,henry25@upi,nathanielsami@upi,4672.41,2026-09-02T18:35:31,Kolkata,166aa591-ee1,0,18,0
3603a85b-09ba-44e8-aaa6-50075a1b2af4,yutika95@upi,charan16@upi,2524.3,2026-07-22T08:17:22,Chennai,534764bd-7d8,0,8,0
d6d61d80-e955-48b9-9662-45336f745d41,indirakanda@upi,sarinanirudh@upi,458.94,2026-09-18T15:18:18,Chennai,0b3b9bf5-fe4,0,15,0
bbe4b103-b709-48a4-bb5a-7c97af6653d2,sahaupkaar@upi,qpandya@upi,1425.77,2026-09-19T06:44:40,Chennai,651e1852-8a4,0,6,0
a61b1789-abaf-45ae-b134-2ebc5b967b54,anamikayohannan@upi,fswamy@upi,2284.88,2026-08-25T15:29:49,Bengaluru,588457f2-bbd,0,15,0
67c95c47-93c2-4de3-84cb-443b06a34141,bnayar@upi,bhavani27@upi,597.79,2026-08-07T21:42:59,Hyderabad,9ae0f61e-249,0,21,0
e9ed752b-e6ab-4b7c-a7a5-c227c5135bff,onadig@upi,jonathansolanki@upi,1158.91,2026-08-18T15:05:29,Hyderabad,2edf66dc-30a,0,15,0
a247b8e0-a859-4787-8a4d-8498c05db142,qnayar@upi,faqidsavant@upi,2473.63,2026-08-26T17:07:25,Chennai,4c2a3569-70e,0,17,0
7b3e32f4-19fd-48d3-b46b-ac173c7810a6,maneupasna@upi,pchhabra@upi,2622.54,2026-07-15T20:30:23,Kolkata,e7ceef85-245,0,20,0
506ff82e-820c-4a3c-b440-0c06aae8e092,daksh45@upi,udantdewan@upi,60.67,2026-09-03T09:46:51,Chennai,072ac257-0f0,0,9,0
6e1dd15a-fefd-4e35-a12f-e550ab7594d7,pavani85@upi,trivenipathak@upi,3778.21,2026-07-08T02:37:54,Pune,f45333eb-f0e,0,17,0
b9565fb8-f3e9-46bf-9080-93db5aba77d7,sarinanirudh@upi,udantdewan@upi,3282.64,2026-07-01T16:31:36,Bengaluru,6f6b6ab6-2ba,0,16,0
ff7456c4-e94d-4877-8c5c-eccb2c8763f3,baraldayamai@upi,bhattvamakshi@upi,921.88,2026-07-08T01:14:09,Hyderabad,3f9b0bda-4d2,0,22,0
aee7bab5-9440-43b4-b44f-3d7f41de88bd,amol24@upi,bhavnakaran@upi,3900.03,2026-07-15T07:26:21,Bengaluru,8937ded1-b0c,0,7,0
2c482484-92ae-4994-9bcf-18211a1963b0,upai@upi,dateanvi@upi,2031.7,2026-09-09T19:55:02,Akola,eb6db7d5-b4b,0,19,0
8c112d89-eafe-4518-a968-872196177ec6,onikannan@upi,avarkey@upi,315.7,2026-08-13T23:36:34,Delhi,3986b98f-c16,0,23,0
d54c71e9-b8c5-4619-9742-8e73fa184a5d,upmavenkataraman@upi,trivenipathak@upi,1978.03,2026-09-17T10:05:21,Delhi,38c9fa48-2f9,0,10,0
56e18aa6-6568-4db7-8474-5a0aca322ca4,aradhanaverma@upi,jasmitwali@upi,1486.43,2026-07-20T07:07:28,Bengaluru,256a1951-b19,0,7,0
ca42abbd-bf99-4092-aeb7-e229f7b6b882,bhavnakaran@upi,fsamra@upi,3787.44,2026-09-01T09:06:16,Kolkata,acdecfc2-24d,0,9,0
ee20d601-ce1b-4916-b374-e612dc586bab,rajanranveer@upi,qvyas@upi,511.39,2026-09-23T00:44:16,Hyderabad,d345db24-261,0,7,0
a13f8b44-ba2a-4a7a-8684-11be5fc93442,upai@upi,baraldayamai@upi,4536.2,2026-07-21T21:20:32,Hyderabad,eb6db7d5-b4b,0,21,0
a7c31f0e-65cd-4269-984c-88ab9ef947b5,mangalwahab@upi,udantdewan@upi,3639.12,2026-08-05T04:37:19,Hyderabad,ddfc0db5-5e5,0,20,0
4fc43fcd-05c7-4cbc-9957-97486253977a,aishanibumb@upi,urvibhavsar@upi,1431.51,2026-09-17T17:04:29,Chennai,27a02a93-b8a,0,17,0
b2313f56-a8df-45cc-a45e-ef41ad9d21cb,hritikpalla@upi,charan16@upi,3905.9,2026-07-19T08:48:01,Mumbai,72907c22-57a,0,8,0
21b8a6b7-9785-48b0-bc7e-8711f1438b09,kibeharsh@upi,raksha87@upi,1072.56,2026-07-25T19:53:51,Akola,ff6d3c99-65e,0,19,0
4342dd48-75a7-4955-b122-5c09bcfc036e,bhavnakaran@upi,shroffbhavna@upi,3575.39,2026-08-01T19:22:48,Chennai,acdecfc2-24d,0,19,0
ef46256e-2955-46b6-914c-310e81af144f,indirakanda@upi,udantbajwa@upi,374.02,2026-09-21T15:07:32,Mumbai,0b3b9bf5-fe4,0,15,0
c77db8ae-4a12-440d-89eb-1c35b506100e,sawhneyojas@upi,sawhneyojas@upi,2827.78,2026-09-19T19:56:26,Pune,925a5673-7ea,0,19,0
cdd3eedb-a90c-4308-97a5-e68997e3bd2a,twalia@upi,dharazaan@upi,493.71,2026-09-24T08:23:47,Mumbai,a3de5c1a-f8a,0,8,0
cef3a9d1-5ed9-441f-93df-1102ea0f9ce1,aarnavmalhotra@upi,pushtibal@upi,3200.48,2026-08-23T20:04:20,Kolkata,de316df9-cc5,0,20,0
304a39af-15fd-4db2-8829-accc78a1405b,hritikpalla@upi,onikannan@upi,758.24,2026-09-12T19:42:15,Akola,72907c22-57a,0,19,0
50fb4ed5-f071-41eb-ac0a-bc3b9c53d7cb,sarinanirudh@upi,zarnapathak@upi,944.33,2026-08-17T07:56:18,Chennai,6f6b6ab6-2ba,0,7,0
2d68b055-6b16-42e2-a346-e5f05542576a,urvibhavsar@upi,advika35@upi,2878.63,2026-08-06T11:20:11,Mumbai,2b85036e-d5d,0,11,0
2e9494f8-3f4f-4c59-b2cc-09d8e2f717ad,modibhavini@upi,pchhabra@upi,3773.72,2026-08-17T00:42:15,Mumbai,2ce18ffb-7ff,0,16,0
fb7e6d3f-e3ea-47f7-9e0c-de165a3fed89,twalia@upi,fsamra@upi,37864.01,2026-07-07T00:22:13,Delhi,692e9912-a6d,1,0,1
aca7cd8f-848b-43a2-85e6-35e2db12bd53,urvibhavsar@upi,upmavenkataraman@upi,600.37,2026-08-15T15:05:02,Hyderabad,2b85036e-d5d,0,15,0
9292dd60-0d22-44da-8a13-d976628f25a1,fsarma@upi,kalpit42@upi,3999.27,2026-08-22T13:00:31,Akola,7033c9dc-e9c,0,13,0
f8f1593b-5086-47e6-9b35-2b176de0d9d6,hyadav@upi,krishnanvanya@upi,4614.61,2026-08-13T05:19:30,Bengaluru,7662df68-57c,0,17,0
cc77d668-d1cb-44fe-a059-ba63049b96f7,othakur@upi,osachdeva@upi,4829.67,2026-09-12T06:12:47,Chennai,bba7a234-41e,0,6,0
23c9dd46-2ec1-4d6d-964b-efcc7f9faf0f,maneupasna@upi,shagaurang@upi,2951.1,2026-08-07T03:46:13,Mumbai,e7ceef85-245,0,9,0
0d890a93-3745-4e19-97a5-51b5cb2fae9b,yashica40@upi,yauvanicomar@upi,742.33,2026-09-01T18:18:25,Chennai,4f00d0f2-cb4,0,18,0
8cd23ccc-261e-4b1a-8284-bd0e59ab3888,sachdevanikita@upi,janujapradhan@upi,72359.67,2026-08-14T04:12:53,Hyderabad,7cb068e8-b79,1,4,1
38cdcded-2935-41e9-8b0f-477b5b06964c,aarnavrege@upi,timothy17@upi,3877.1,2026-07-06T14:46:59,Pune,33daedc4-9e0,0,14,0
3274caed-47a5-460e-a4c5-c50fd0605909,ranbir39@upi,ekapadjohal@upi,4657.7,2026-09-08T15:06:57,Mumbai,06491864-379,0,15,0
5c4aa786-54e2-40f5-a717-59d05bf23a7e,randhawaanvi@upi,fsarma@upi,517.7,2026-07-15T05:41:39,Hyderabad,4e527681-5a1,0,18,0
f22c72fd-9068-43da-8030-f033fa4a8887,kalpit42@upi,janujapradhan@upi,4770.28,2026-09-20T09:33:30,Kolkata,25b79fcc-aed,0,9,0
ba49f076-8382-4514-a52e-a8d218588dac,osachdeva@upi,nattdominic@upi,1612.47,2026-08-04T04:17:21,Mumbai,5fbc55ef-2de,0,7,0
7d7c3fb3-d00e-49e8-9d6e-587ba81513e3,theodore28@upi,hrattan@upi,3253.93,2026-07-09T15:57:28,Chennai,bf68b038-433,0,15,0
19dcbff9-5945-48e2-b176-2afc92013b82,indira19@upi,khatrinathan@upi,3565.77,2026-08-12T01:01:24,Chennai,068a185b-655,0,11,0
e7337097-effe-4622-a554-5203b01ced97,qwadhwa@upi,mangalwahab@upi,2867.06,2026-08-22T12:55:01,Kolkata,d7ea7a98-7ad,0,12,0
f86f6bc0-67bd-4a95-b8fb-ca7cf1e3ee3a,zdeol@upi,vinayakanda@upi,4329.8,2026-09-19T20:48:46,Bengaluru,500c5ea8-5e7,0,20,0
02e8c432-7b45-4731-bb31-3e984eee0856,yutika95@upi,tanvi51@upi,4184.21,2026-08-31T15:37:14,Bengaluru,534764bd-7d8,0,15,0
7e17c983-b7aa-47e4-aa65-aca7ef88cc7a,advika35@upi,amblesamarth@upi,480.79,2026-08-09T04:16:30,Chennai,c31a4817-673,0,17,0
9b9f741e-8d50-4794-90ea-296af6a1b53a,bhavani27@upi,lakshmi51@upi,2138.99,2026-07-11T09:09:36,Mumbai,527b9e26-830,0,9,0
13ffe5dc-c55e-4098-8678-74cb73a0e014,chakradevbarad@upi,krishnanvanya@upi,3649.05,2026-08-14T00:42:03,Delhi,a0208131-c51,0,20,0
d75ff5f4-7fa2-4be7-aaa3-77f6a6c73397,bhavani27@upi,mananbakshi@upi,3219.44,2026-08-26T09:24:38,Kolkata,527b9e26-830,0,9,0
79eb78a5-e100-4406-8ed0-2744b7f22dc3,bnayar@upi,falak10@upi,3178.5,2026-09-14T08:55:13,Hyderabad,9ae0f61e-249,0,8,0
6daafa27-639e-4215-b7ab-68db937459e5,choudhuryjanani@upi,cdatta@upi,2328.01,2026-08-20T17:51:29,Mumbai,4c93c7d1-a58,0,17,0
73454aa7-b6b4-4b29-9ef4-0fbe0f87d6d0,osharaghavan@upi,farhanchada@upi,3787.21,2026-08-27T05:43:31,Delhi,ad326f07-fe5,0,10,0
05cf30cc-533b-4e29-b5db-f871152ff5b0,kalpit42@upi,soodyadavi@upi,4306.81,2026-08-23T12:20:58,Delhi,25b79fcc-aed,0,12,0
6bc713e7-76db-4a00-8058-ebdb06757328,soodyadavi@upi,devimatthew@upi,779.67,2026-08-04T18:16:55,Hyderabad,82f6eeaf-083,0,18,0
3d42f5f6-932f-4d33-9b66-80c2ae451b92,patrickvasa@upi,osachdeva@upi,1461.06,2026-08-31T22:59:02,Bengaluru,5486ec5a-863,0,22,0
b2393ed2-7ee9-4511-b71b-880877332741,michaelborra@upi,lakshmi51@upi,1873.73,2026-08-02T14:17:34,Kolkata,b9b15ca7-23c,0,14,0
6bd9ffa0-43f1-4aa1-898d-f21177893d84,amaradutta@upi,saumyadey@upi,3590.22,2026-07-21T07:02:29,Mumbai,aa02a852-3bd,0,7,0
c5f089dc-9629-4073-888b-3a6038f45955,znori@upi,devimatthew@upi,4752.7,2026-09-11T09:58:08,Kolkata,575ce5f1-951,0,9,0
56f7f4b3-6095-4deb-8cbd-5450cb46b68f,pchhabra@upi,desaiaishani@upi,1780.54,2026-08-09T10:37:45,Pune,cecd6417-13d,0,10,0
b1ddfd72-cbc3-4b60-b522-41a1c68d5d9d,atharv13@upi,bhavani27@upi,3306.74,2026-08-13T01:30:20,Bengaluru,42f27329-005,0,9,0
7a8e6ece-8814-49a7-97a5-c2ce786d1c87,urvashi66@upi,karnikazad@upi,2589.57,2026-09-27T16:36:27,Bengaluru,f2baea33-475,0,16,0
d382b41a-42a1-4617-82f0-d9b7dc6c3792,udantbajwa@upi,choudhuryjanani@upi,2939.33,2026-09-15T19:07:02,Mumbai,cce36fe7-c93,0,19,0
49c475c6-d806-493d-8e97-a9d95459b6d0,pandeychanchal@upi,indirakanda@upi,2519.59,2026-08-20T05:53:37,Mumbai,864a2d04-55f,0,15,0
da04337b-ada7-42fa-9cf8-60e967aa96c1,ekbalbhasin@upi,urvibhavsar@upi,3202.67,2026-09-11T06:01:39,Delhi,e8c4512b-b01,0,6,0
a62f20d3-a2c2-4f1a-b8f8-6b117c0a8bb7,finn70@upi,karnikazad@upi,2038.33,2026-07-07T16:39:59,Chennai,7646228b-fd5,0,16,0
9196200f-e1b0-4c7b-a18e-312a3261e21e,ishakuruvilla@upi,bariaazaan@upi,3840.78,2026-06-30T05:58:38,Kolkata,6bc0dd84-3b8,0,14,0
f13827a0-fa1a-4ba2-a58d-4f00f9db2601,pavani85@upi,osharamachandran@upi,1563.94,2026-08-07T06:41:03,Hyderabad,f45333eb-f0e,0,6,0
f161031c-9f0c-4d4f-b1c9-8f5eec42685a,diya27@upi,lshere@upi,2421.15,2026-07-25T22:20:33,Bengaluru,ddd946f9-d4c,0,22,0
16182a6b-59a0-4ec3-b68c-1277d330ec93,rudra61@upi,nihalshere@upi,1713.04,2026-09-15T11:46:47,Akola,6ae81ea1-31b,0,11,0
018efc91-0fa9-4bd8-aac9-a42ade5d236c,urvashi66@upi,osachdeva@upi,250.08,2026-09-12T17:01:18,Kolkata,f2baea33-475,0,17,0
54eb594c-0aa6-4a7d-b11a-493ea2223490,khatrinathan@upi,ksehgal@upi,1518.24,2026-07-05T04:42:38,Bengaluru,67200f98-d64,0,19,0
ca3ebf69-9c65-47a8-b8dd-a5b892f778fa,uchandran@upi,chakradevbarad@upi,2841.36,2026-08-14T12:39:41,Kolkata,ea9893d5-713,0,12,0
2ba7465e-8da3-4931-bb75-78fa57233c37,dateanvi@upi,onadig@upi,2027.06,2026-07-29T10:01:02,Hyderabad,61876a84-17b,0,10,0
a2cb49df-ae6c-42bb-b1e3-ffc4c781856b,krishnarama@upi,kibeharsh@upi,1018.02,2026-09-20T03:41:42,Kolkata,12ee3893-8c0,0,10,0
6bd9dbbf-111c-4670-9e7a-cd7f5a71938a,anshbedi@upi,ekbalbhasin@upi,2642.9,2026-09-11T05:10:52,Chennai,a7b3a41a-177,0,12,0
387e6fb3-04e4-485a-8eb3-d3c7644c93e6,ekbalbhasin@upi,eyohannan@upi,4998.0,2026-08-25T09:01:53,Kolkata,e8c4512b-b01,0,9,0
fb077f9e-7245-4985-8e92-995e6879665e,shroffbhavna@upi,borramanthan@upi,60508.54,2026-08-15T01:45:25,Bengaluru,4d9337ee-224,1,1,1
cee500fc-13e3-4d4e-b542-c97b6375e071,gautammerchant@upi,yashica46@upi,2431.53,2026-07-22T16:56:44,Bengaluru,c39bd9f0-2f5,0,16,0
52553af1-6857-4b23-bc40-c1142fefe99f,dugalnakul@upi,hrattan@upi,418.08,2026-08-03T05:36:43,Hyderabad,88e8aa3c-ec0,0,15,0
2a853b25-05d0-4308-af3a-499c28e04b85,aradhanaverma@upi,dugalnakul@upi,4331.51,2026-08-21T11:05:40,Chennai,256a1951-b19,0,11,0
e69fa60e-3c6b-453b-b33f-f7f0ac551350,isha34@upi,qvyas@upi,267.5,2026-08-09T04:53:33,Pune,8fc07b5e-994,0,20,0
34063af1-2d30-4c30-b75f-3d1f25de44c7,jkohli@upi,twalia@upi,4757.76,2026-09-20T10:04:52,Pune,009786b3-cbb,0,10,0
54fd120d-4a56-4bdf-8791-77e620e3e63c,bariaazaan@upi,vedamalhotra@upi,4041.9,2026-07-04T00:49:13,Akola,88c64c48-2d1,0,12,0
c398930c-9e40-457c-91d0-9b93cbad6ead,nihalshere@upi,pchhabra@upi,1770.51,2026-08-31T15:33:09,Chennai,fed80d2e-7e6,0,15,0
60157fb2-f81d-4acb-bee5-555c986097fa,nandinibhargava@upi,hritikpalla@upi,4897.4,2026-07-02T08:27:37,Pune,48e3bd88-2ee,0,8,0
7310105f-6f1f-4f38-9f8a-68f87e8385fd,kibeharsh@upi,baldevika@upi,4456.47,2026-07-16T02:37:17,Bengaluru,ff6d3c99-65e,0,19,0
a2c9f533-d217-49f1-8e9b-ad967634cd24,triyagopal@upi,ekaraj45@upi,1925.67,2026-09-19T08:56:27,Delhi,6fa13b38-3c4,0,8,0
8ed7145f-bd10-4af6-840a-94afeeaaf0e9,dharazaan@upi,raksha87@upi,44868.04,2026-09-17T04:02:29,Bengaluru,b8b9def4-9fe,1,4,1
1a5b8a98-002d-4245-beef-7ea366712751,lshere@upi,pandeychanchal@upi,2424.3,2026-07-13T15:28:41,Delhi,39597721-7f3,0,15,0
396c46c0-3be8-4c78-a5ae-ddee56c1c398,desaiaishani@upi,pavani85@upi,3633.86,2026-07-09T06:36:17,Mumbai,3be7191f-103,0,6,0
a980c7be-7ac7-4217-931e-89682e696a05,upai@upi,znori@upi,4119.03,2026-08-23T02:17:02,Mumbai,eb6db7d5-b4b,0,15,0
5c3930c1-f71c-4946-8fa4-e13f43267b46,krishnanvanya@upi,rudra61@upi,3321.55,2026-07-23T19:26:02,Hyderabad,8ff5ffba-9c3,0,19,0
95eb9b81-4b16-4c4d-b0be-a9152c66b2f6,bhavnakaran@upi,fswamy@upi,40032.6,2026-07-26T00:37:28,Mumbai,2667bf4d-8c8,1,0,1
edb1f9e0-57a0-42f8-ae51-559c04dbcb3c,dugalnakul@upi,kabirsoman@upi,3056.5,2026-09-13T08:48:22,Bengaluru,88e8aa3c-ec0,0,8,0
5c748900-64f0-4946-a1cf-2f02fc12b8da,jyoti29@upi,aarnavrege@upi,709.42,2026-09-06T15:06:08,Pune,1b8449aa-325,0,15,0
b80bd0b0-6eef-4827-84f4-c8b1b897520a,fsarma@upi,twalia@upi,2341.26,2026-09-16T03:49:07,Akola,7033c9dc-e9c,0,11,0
9733db8d-b851-457e-808a-4b59d86474c5,ssahni@upi,rsathe@upi,4740.04,2026-08-14T10:17:16,Hyderabad,5a5477fd-633,0,10,0
39dea822-70ec-44e2-ace1-7d427581e9b5,hyadav@upi,nidhikohli@upi,4574.2,2026-07-02T23:58:47,Mumbai,7662df68-57c,0,23,0
9cd7704f-13e6-4e16-b5ca-b044eab4069e,bhavnakaran@upi,yadavinarula@upi,902.43,2026-07-04T04:45:45,Hyderabad,acdecfc2-24d,0,7,0
e6524dfd-6c59-453d-911c-c2abcb8d9bfb,vinayakanda@upi,pchhabra@upi,3718.16,2026-08-11T06:44:06,Pune,23fef535-1f4,0,6,0
a2df10a1-33b1-4a11-b4bd-0454cf8fb6df,chakradevbarad@upi,nandinibhargava@upi,951.3,2026-09-26T17:06:04,Akola,a0208131-c51,0,17,0
87b57808-5a07-4b47-b767-a514a27a0773,aarnavrege@upi,yashawinilanka@upi,2554.67,2026-07-12T01:24:44,Kolkata,33daedc4-9e0,0,11,0
c16ab005-2a9d-48d6-9c62-fa46ec03e98c,vamakshi82@upi,saumyadey@upi,4557.71,2026-08-22T11:43:39,Mumbai,54f56fb8-041,0,11,0
08eb6840-598c-4ec6-8751-990972a6bae6,eyohannan@upi,bhavani27@upi,2111.78,2026-07-18T20:57:27,Delhi,0f358453-475,0,20,0
53e9f26f-1844-4963-928a-60cec7c5d1f5,roak@upi,aarnavrege@upi,111.18,2026-08-17T20:11:04,Pune,caf157f1-769,0,20,0
cbf6a954-8d13-4861-8c2a-d0c8829cbf78,roak@upi,rajanranveer@upi,660.01,2026-08-21T05:20:35,Mumbai,caf157f1-769,0,19,0
ce6b7892-99da-4425-83f6-97257f10fa84,ssahni@upi,ekapadjohal@upi,43885.64,2026-07-15T00:24:40,Chennai,9d572366-70f,1,0,1
58c465ff-8ca9-490b-b923-f82ee058ca53,pandeychanchal@upi,ssahni@upi,57277.69,2026-07-15T23:28:22,Chennai,02edc0eb-0f3,1,23,1
c666c5a2-b0a3-44e1-bbae-8e4da9253900,sahaupkaar@upi,raksha87@upi,1579.01,2026-07-23T01:41:09,Delhi,651e1852-8a4,0,15,0
7a6556ba-809d-415e-a947-8598cc74f058,onadig@upi,nattdominic@upi,844.76,2026-08-23T11:30:22,Pune,2edf66dc-30a,0,11,0
79f439da-734c-4411-9ab2-93819171ab47,ekarajbath@upi,chandani64@upi,3857.64,2026-09-21T07:14:48,Mumbai,9134902d-876,0,7,0
6f02dc03-c230-41b7-9985-36ffbe3a2bf5,cdatta@upi,kibeharsh@upi,4636.1,2026-08-05T13:29:26,Chennai,5549160f-884,0,13,0
e9f4643d-c9a7-48e2-a365-30684bf146be,pushtibal@upi,amol24@upi,4938.24,2026-09-20T04:04:07,Hyderabad,ef54e936-8e0,0,11,0
f0005034-0a8c-472a-9bb9-b5e49ac06b69,aradhanaverma@upi,ansh98@upi,4377.79,2026-08-24T11:03:14,Delhi,256a1951-b19,0,11,0
09cdb8b9-4dbc-4e0f-8b25-c836fb8e809a,indira19@upi,chandani64@upi,1314.99,2026-07-15T21:20:17,Delhi,068a185b-655,0,21,0
51793836-f433-4277-b41d-fa590fbeba14,choudhuryjanani@upi,hritikpalla@upi,4886.06,2026-09-23T08:08:38,Pune,4c93c7d1-a58,0,8,0
156c6b18-a5e6-44ee-9b49-db509d565b08,koshybalveer@upi,mkapadia@upi,4095.32,2026-09-09T13:15:47,Akola,53981699-769,0,13,0
44cad654-ad58-4836-9124-a0abda6b2417,lshere@upi,ranbir39@upi,4007.54,2026-09-18T00:46:01,Bengaluru,39597721-7f3,0,18,0
eb89f993-6663-469f-b519-8107c39c9cf3,mananbakshi@upi,ansh98@upi,4748.45,2026-09-01T21:20:17,Mumbai,bbc34ec7-2f8,0,21,0
1a1a95f5-c9ec-4556-a399-50330f6ab283,uaurora@upi,mangalwahab@upi,2425.83,2026-07-28T08:05:29,Mumbai,ee6efdd6-203,0,8,0
8027fcd5-18aa-4a76-a800-fdc978b3795f,patrickvasa@upi,janujapradhan@upi,2280.7,2026-08-11T04:13:51,Hyderabad,5486ec5a-863,0,11,0
2daa7c43-f55b-430f-ae00-805abc5866fb,vlanka@upi,kibeharsh@upi,4514.82,2026-07-28T01:47:42,Mumbai,a07327ee-ec0,0,20,0
0982281e-ca36-4f69-9f32-09f0a02e6cdd,yashodadeshpande@upi,ksehgal@upi,1460.93,2026-07-10T01:29:25,Mumbai,976e20dc-d26,0,21,0
dbbf3dc2-90f3-4e93-bbcf-8770660e5e91,raigunbir@upi,suhaninarain@upi,4549.8,2026-09-06T14:36:17,Pune,81bf5faf-76e,0,14,0
a2b2d74c-b0f0-41f5-960d-6beaf42d63f7,hrattan@upi,janujapradhan@upi,2192.91,2026-09-13T11:07:34,Akola,c3f5975c-ac9,0,11,0
0ff7c697-bc09-4316-b050-ef984a74b9ef,choudhuryjanani@upi,rudra61@upi,3840.85,2026-07-19T20:52:56,Chennai,4c93c7d1-a58,0,20,0
10a70786-a42e-4fff-94bb-ea9da2fbbee3,tanvi51@upi,kalpit42@upi,3464.26,2026-08-01T12:19:23,Chennai,df69cfd2-a83,0,12,0
9844b857-a19a-4c38-ac90-41b8f4c052fd,qnayar@upi,jyoti29@upi,4470.48,2026-07-24T14:05:13,Delhi,4c2a3569-70e,0,14,0
5389f4e0-7737-409a-ab45-172c970bf30b,choudhuryjanani@upi,teerth77@upi,3542.23,2026-09-02T03:25:22,Kolkata,4c93c7d1-a58,0,15,0
f41ce52e-6470-42c2-ac7f-46f979dda6f3,ansh98@upi,gautammerchant@upi,4893.53,2026-07-30T04:50:15,Kolkata,996b3a25-6da,0,20,0
7fc948a3-6dbe-4f50-bc01-5283dc67500d,advika35@upi,kgole@upi,4890.65,2026-07-20T22:45:21,Kolkata,c31a4817-673,0,22,0
cf8ac3d2-d341-4186-8783-44988842fe4e,tanvi51@upi,vlanka@upi,2891.8,2026-07-13T05:20:51,Chennai,df69cfd2-a83,0,7,0
62e82896-9fb5-4c4a-bba3-f71d57f925ea,dharazaan@upi,aarnavmalhotra@upi,591.38,2026-07-12T18:26:58,Pune,f6dfa22f-783,0,18,0
2d3f63bf-198d-48e7-b7fa-c89ea91f8682,cswaminathan@upi,yashica40@upi,876.33,2026-07-21T12:26:53,Hyderabad,46baf193-06b,0,12,0
f0fdd998-d809-4ae4-a50f-9c2fba1eac6d,teerth77@upi,faqidsavant@upi,964.67,2026-08-04T13:23:08,Akola,195c66ab-c8b,0,13,0
780ef10b-9b95-4020-b55b-314a3d4888af,balangirik@upi,aradhanaverma@upi,4202.14,2026-08-19T20:28:21,Kolkata,1960d8de-cb3,0,20,0
23373976-48df-4a9a-908f-9dbf3f924f34,bhavnakaran@upi,pandeychanchal@upi,4929.54,2026-07-25T01:53:39,Chennai,acdecfc2-24d,0,19,0
e3daeba9-3d5d-49f9-bf98-990b610518be,beramax@upi,znori@upi,654.84,2026-09-08T08:16:30,Kolkata,66663ca1-cbd,0,8,0
8604c316-7ef6-4ba3-adb2-016af74f3e1a,kgole@upi,upai@upi,2064.19,2026-09-15T02:18:51,Kolkata,033b6f25-c1a,0,22,0
67914bc5-2239-492e-9e70-91d0f5bb116f,vmerchant@upi,aarnavmalhotra@upi,2906.93,2026-07-24T22:14:55,Kolkata,af2f2527-a1c,0,22,0
ab5e9fe2-7efd-4fc6-acf5-500e6d58dd00,udantdewan@upi,daksh58@upi,4540.54,2026-09-04T18:40:02,Mumbai,66e63f8b-6eb,0,18,0
6c06800c-76ad-45c2-9d60-1582b73362d9,bariaazaan@upi,bhagatbrinda@upi,1481.99,2026-08-12T12:56:26,Kolkata,88c64c48-2d1,0,12,0
402a84f3-ce01-4519-9c92-b167c64259bd,sawhneyojas@upi,gautammerchant@upi,2407.45,2026-08-24T08:32:36,Kolkata,925a5673-7ea,0,8,0
a707383d-4a18-4543-a2f1-4b8ea3a073ae,gauriganguly@upi,qpandya@upi,68172.13,2026-09-26T04:36:30,Chennai,f99bffa6-7ad,1,4,1
99255819-fa5a-4498-a808-cb1cd31e1956,bhagatbrinda@upi,dugalnakul@upi,2277.85,2026-08-12T07:03:29,Pune,d766091e-4d5,0,7,0
a994b236-ddce-4fa8-8653-1e6401aa6e53,indali23@upi,daksh45@upi,570.87,2026-07-12T02:29:05,Pune,56169905-4e3,0,18,0
66e7227e-2d3b-4d75-a4f7-52167a798c25,mray@upi,priya51@upi,2402.91,2026-09-22T02:26:35,Akola,4d9d1830-dbb,0,22,0
cd0be418-ab21-450e-be6b-666df35b6e93,osharamachandran@upi,koshybalveer@upi,368.1,2026-08-14T18:28:05,Mumbai,29194246-377,0,18,0
5aec45db-606c-48ed-aaee-328b561abfa6,khatrinathan@upi,ojasvi77@upi,1448.85,2026-08-19T06:50:32,Akola,67200f98-d64,0,6,0
cfdeb39b-180f-4d20-bce3-4ecdcc6c259e,faqidsavant@upi,fswamy@upi,3740.89,2026-07-03T14:39:44,Pune,1ca35c16-a10,0,14,0
b882b3e4-4b33-4461-9c09-1e87f2cabd5e,baldevika@upi,kashviedwin@upi,1199.33,2026-08-28T10:26:56,Hyderabad,d32ca56c-31d,0,10,0
be6cd607-a222-4915-bae7-fc57bafee6bc,znori@upi,rudra61@upi,4165.92,2026-09-08T21:13:28,Pune,575ce5f1-951,0,21,0
6ae3afc7-887c-4730-8919-64b4651cbb81,suhaninarain@upi,shroffbhavna@upi,540.57,2026-07-29T05:54:05,Mumbai,eeef38f2-0d4,0,13,0
84114b5c-f12f-45cc-8fd6-6cbc2727a9ac,ekapadjohal@upi,shagaurang@upi,1867.06,2026-09-16T06:13:06,Pune,057e37c4-ccf,0,6,0
d1031167-e0c2-481f-aa6f-28ea61cc4beb,aishanibumb@upi,janujapradhan@upi,4793.37,2026-09-01T15:06:52,Delhi,27a02a93-b8a,0,15,0
cbf1c968-9868-4a26-b9c2-c4942dc18ca1,grewalekapad@upi,pavani85@upi,4891.02,2026-09-19T17:24:06,Bengaluru,48f0b03d-9d3,0,17,0
f6240db6-69f1-44f9-b4fb-41c86d749b7d,daksh58@upi,xiti28@upi,3452.47,2026-09-04T07:37:54,Pune,b2da648a-195,0,7,0
824547bf-ac27-4746-a52c-bb43b53c70b7,udantdewan@upi,rudra61@upi,3859.92,2026-09-06T06:48:48,Bengaluru,66e63f8b-6eb,0,6,0
212c9539-ab75-4609-9e18-736e875a7f38,sarinanirudh@upi,janujapradhan@upi,2953.0,2026-09-05T17:22:12,Akola,6f6b6ab6-2ba,0,17,0
b09dc126-40a2-47d4-9a23-4bdfea1b9e71,aishanibumb@upi,henry25@upi,3106.42,2026-09-07T10:01:00,Pune,27a02a93-b8a,0,10,0
566cc323-5d7d-40bd-a9c2-9bdd563fc6bc,pandeychanchal@upi,jonathansolanki@upi,51915.66,2026-09-11T01:06:04,Akola,8b4d933d-af9,1,1,1
fc7d3808-b33e-4d7a-8f62-11d19744f871,qvyas@upi,bhavani27@upi,4795.76,2026-07-08T18:20:02,Pune,e316ffc2-72c,0,18,0
b0d3605d-05de-48a9-ab2e-c1ec10afdfab,koshybalveer@upi,amaradutta@upi,82255.51,2026-07-26T23:01:55,Kolkata,28071be6-2a6,1,23,1
e9d3e47c-782d-453d-a6ea-d8abe1ad9292,vmerchant@upi,chakradevbarad@upi,4334.34,2026-08-12T02:42:37,Mumbai,af2f2527-a1c,0,22,0
d30278be-6d6c-468e-b5d3-1e29d703012f,vedamalhotra@upi,qnayar@upi,2990.02,2026-09-03T08:37:44,Kolkata,e558806d-c5f,0,8,0
32dffb7d-bf0f-448a-ae5c-c98daf17ce5f,sachdevanikita@upi,desaiaishani@upi,4331.31,2026-07-31T23:10:54,Mumbai,84a60f35-56b,0,23,0
19994f58-25a9-43f2-b546-a197e17ca847,pushti49@upi,kibeharsh@upi,3424.48,2026-07-28T17:02:43,Mumbai,d8857b1b-100,0,17,0
55f95b46-ceb2-4919-a389-3407464920af,dayamai55@upi,shagaurang@upi,2670.69,2026-09-24T01:21:28,Pune,4e7f1479-d7f,0,12,0
23f0abd8-8fe0-424e-80e8-c43d354350f6,jkohli@upi,daksh58@upi,3520.67,2026-09-08T23:09:40,Bengaluru,009786b3-cbb,0,23,0
0e0a6b44-3965-47da-8c47-672d00515f05,priya51@upi,karnikekansh@upi,4492.09,2026-06-30T10:49:23,Akola,5f36b3fa-a9d,0,10,0
7030a871-37b9-44d8-ba43-098327a2590f,aishanibumb@upi,urvibhavsar@upi,3244.51,2026-07-03T21:11:01,Akola,27a02a93-b8a,0,21,0
e8e38758-b1b5-4aa0-98a4-8f3bf9080e1c,frederickkhurana@upi,harini14@upi,93324.53,2026-08-03T03:03:14,Hyderabad,29bd238a-24b,1,3,1
d2376f31-9969-4a88-acdc-d874fa8c900b,nidhikohli@upi,dayamai55@upi,1378.61,2026-09-26T09:43:14,Bengaluru,1cd764a8-258,0,9,0
86198718-4ffa-4037-a791-a42dfae0b7fe,sahaupkaar@upi,chanderwarjas@upi,989.85,2026-09-06T17:58:35,Kolkata,651e1852-8a4,0,17,0
f7fc01f8-39e6-442e-abd2-492ccd084111,theodore28@upi,amaradutta@upi,4828.99,2026-07-20T20:11:11,Kolkata,bf68b038-433,0,20,0
5faddfbd-a10c-46a9-95f5-fab94bd8ebaf,choudhuryjanani@upi,suhaninarain@upi,620.94,2026-07-08T15:26:57,Hyderabad,4c93c7d1-a58,0,15,0
5b8902ce-cb5f-42ea-9b77-cb81c347e59b,kibeharsh@upi,randhawaanvi@upi,85029.16,2026-07-02T03:25:47,Akola,3c4a5ad7-ae4,1,3,1
ea8ea77f-df47-422c-bd26-b0042330ce57,isha34@upi,yashica40@upi,113.11,2026-09-07T16:11:36,Delhi,8fc07b5e-994,0,16,0
7f5b1013-11d5-44db-b4a0-661b68bf8086,bhatvarenya@upi,baraldayamai@upi,3982.23,2026-07-20T05:51:02,Pune,e7b4cbd8-66d,0,19,0
0f534a3b-0449-4924-85c8-6590a10bb71b,hritikpalla@upi,pushtibal@upi,2257.56,2026-08-03T16:53:27,Delhi,72907c22-57a,0,16,0
f71841da-b2ad-44cb-839c-9150f0a45883,onikannan@upi,indirakanda@upi,1297.1,2026-07-17T23:39:48,Delhi,3986b98f-c16,0,23,0
7606441a-abf1-4f27-ba6a-8552b1446aaf,uaurora@upi,sudiksha89@upi,3381.24,2026-07-27T08:49:04,Bengaluru,ee6efdd6-203,0,8,0
92666bdb-eca1-48d0-ac43-b6b14f7c540e,raksha87@upi,harini14@upi,2198.66,2026-07-15T00:45:08,Chennai,cd38bc87-080,0,8,0
1cd8ad96-0071-43d7-89ab-362bc31f7dce,rsathe@upi,mkapadia@upi,4790.2,2026-07-14T05:16:24,Delhi,b4287f0f-ef4,0,8,0
5f9ae1c5-c9de-44fe-9572-71bf7b38c579,zdeol@upi,uaurora@upi,2833.29,2026-07-28T20:43:58,Chennai,500c5ea8-5e7,0,20,0
4676d02b-e338-469a-bb10-84bfa3dd43ff,qnayar@upi,jkohli@upi,94.2,2026-09-27T02:46:21,Mumbai,4c2a3569-70e,0,22,0
22327de7-9b57-45e3-91e8-615edccb39dd,ansh98@upi,sudiksha89@upi,1732.78,2026-07-04T09:56:00,Bengaluru,996b3a25-6da,0,9,0
3d351712-b59d-476c-9aad-a2ae7085b577,harini14@upi,osharaghavan@upi,2035.77,2026-07-31T15:08:49,Delhi,5f85b4a0-39c,0,15,0
84a26b52-5b0d-47f9-9ddc-07c44c5e8877,upai@upi,borramanthan@upi,1602.91,2026-07-10T17:10:57,Hyderabad,eb6db7d5-b4b,0,17,0
f7eaee92-3cac-4ed8-8029-3c86699a777a,janujapradhan@upi,uaurora@upi,2081.37,2026-07-31T13:57:24,Kolkata,9c9396c8-258,0,13,0
ca7ee335-e254-416d-9235-d613f3c0ea96,sachdevanikita@upi,koshybalveer@upi,3262.74,2026-07-23T11:25:13,Pune,84a60f35-56b,0,11,0
9156d3e2-8376-4fb9-8253-83512a5ddb99,theodore28@upi,mangalwahab@upi,1095.39,2026-09-18T15:37:02,Mumbai,bf68b038-433,0,15,0
60d0a001-074c-4679-abe8-5f0e5595fdb9,falak10@upi,finn70@upi,4862.22,2026-09-15T23:20:09,Pune,ddebfabe-8b8,0,23,0
c7bd65fc-374c-415a-829f-e958f5c70c7a,pchhabra@upi,droy@upi,3106.73,2026-08-18T07:56:57,Pune,cecd6417-13d,0,7,0
1be87335-7433-4095-b9a0-e4a7dc42b0c7,yashica46@upi,jyoti29@upi,2507.43,2026-09-20T21:42:06,Delhi,44bc0387-f29,0,21,0
73023a11-1031-47c9-ad7a-c05a765de80b,beramax@upi,koshybalveer@upi,317.93,2026-07-25T05:04:08,Mumbai,66663ca1-cbd,0,17,0
bdc35b31-5bb4-4ce7-beb6-d60185ef0cc4,fsarma@upi,atharv13@upi,3900.07,2026-07-13T16:17:57,Bengaluru,7033c9dc-e9c,0,16,0
0c3ac72b-19c3-4a50-ba22-971b082b280b,qvyas@upi,thamanorinder@upi,992.92,2026-09-03T03:19:01,Akola,e316ffc2-72c,0,7,0
53fc3cbb-34ba-4686-aefe-e3fc26a2139c,jonathansolanki@upi,eyohannan@upi,2450.35,2026-07-08T23:32:07,Mumbai,2744506e-bbb,0,23,0
143e4e60-7c2d-4b12-bdfe-bec9c1e9da94,ksehgal@upi,devimatthew@upi,4524.67,2026-09-21T14:29:49,Pune,c2d55ab7-5eb,0,14,0
c788fd4b-8abf-445f-a307-8e16b024738d,choudhuryjanani@upi,soodyadavi@upi,2794.65,2026-09-08T14:47:09,Chennai,4c93c7d1-a58,0,14,0
c33036fb-ac3d-4f72-99c4-1c07059782c7,kibeharsh@upi,yashica40@upi,1941.26,2026-07-11T15:15:05,Chennai,ff6d3c99-65e,0,15,0
f0545c7e-69d1-4558-a1ee-7ad36d2744ec,daksh58@upi,baraldayamai@upi,233.07,2026-07-30T17:48:08,Pune,b2da648a-195,0,17,0
cf5a079c-339d-4562-a716-17423669abf7,dharazaan@upi,choudhuryjanani@upi,3036.3,2026-07-09T13:02:30,Chennai,f6dfa22f-783,0,13,0
5d9aac9c-ae81-4f51-a613-021f29ea1ed1,urvashi66@upi,onikannan@upi,1333.79,2026-09-21T16:28:31,Chennai,f2baea33-475,0,16,0
ba8075e8-208c-4efb-b34a-5f04f4f97688,indali23@upi,trivenipathak@upi,2095.16,2026-08-15T14:35:59,Kolkata,56169905-4e3,0,14,0
fb529243-42ea-42b2-a60d-59cd491ed265,bcherian@upi,vmerchant@upi,1344.98,2026-07-20T23:23:42,Akola,c441206e-dd2,0,23,0
8e7ca63e-2350-44c1-84da-ffc1ef029090,kakardivya@upi,kgole@upi,3172.23,2026-07-10T16:41:18,Mumbai,5f331193-cf1,0,16,0
c70221f8-9a96-41b8-ae31-afc901d5b9c3,cdatta@upi,falak10@upi,2765.3,2026-09-05T20:40:03,Bengaluru,5549160f-884,0,20,0
c2c146e7-855c-40ea-b3c8-7d7b878c243c,beramax@upi,frederickkhurana@upi,4783.76,2026-09-08T13:11:27,Delhi,66663ca1-cbd,0,13,0
87b43d10-e03d-4a40-97cd-f6bde71c89d4,ksehgal@upi,jkohli@upi,3706.97,2026-08-03T13:46:01,Kolkata,c2d55ab7-5eb,0,13,0
83864735-bad5-4ed5-afc5-cff0c51b20f3,harrisonrai@upi,ekbalbhasin@upi,4160.05,2026-07-19T15:52:44,Kolkata,e7816626-028,0,15,0
23373a35-ce21-4b13-bed0-634fe407fb01,ojasvi77@upi,znori@upi,2497.17,2026-07-03T10:59:38,Pune,436c8c6f-1ee,0,10,0
f484fcf5-0da6-4d22-9151-19e571c78f88,nathanielsami@upi,kgole@upi,1170.16,2026-08-05T14:56:56,Pune,dc6d5618-766,0,14,0
b7e2cdee-7494-4553-abe7-87eb19a09866,znori@upi,utkarsh52@upi,2787.54,2026-08-15T02:16:36,Chennai,575ce5f1-951,0,20,0
fe698a8e-6d65-4b48-aa13-efa3903bd39f,atharv13@upi,sachdevanikita@upi,2805.5,2026-09-24T20:34:21,Hyderabad,42f27329-005,0,20,0
2e4effe8-a1cc-4026-9125-9549e7e1f0b9,nandinibhargava@upi,osachdeva@upi,3942.52,2026-07-30T04:01:33,Bengaluru,48e3bd88-2ee,0,11,0
e7fed307-974a-4345-a3e0-e344dd949749,bhavyamandal@upi,anamikayohannan@upi,1795.92,2026-09-27T12:16:48,Hyderabad,dc1c0b6c-2bd,0,12,0
0844dd5a-c646-4ae7-84de-88741676390f,theodore28@upi,vedamalhotra@upi,3989.61,2026-09-07T22:10:46,Pune,bf68b038-433,0,22,0
ba748f8b-6202-4a4f-b3a2-5e22bc29a6bd,vihaan13@upi,ekapadjohal@upi,2476.83,2026-07-08T06:18:30,Kolkata,dda8abfe-645,0,6,0
06405b17-dc0d-4157-ba8b-eb8136d6d2f9,esawhney@upi,ssahni@upi,1305.6,2026-07-16T12:24:40,Chennai,23e5b872-dee,0,12,0
a3d3ac5e-b606-4e73-bfcd-0e5995e39704,sahaupkaar@upi,patrickvasa@upi,74550.27,2026-08-18T03:46:02,Akola,c35dc51e-b17,1,3,1
01eedb33-9ac1-4105-af1a-2f0ba68c00c5,vmerchant@upi,karnikazad@upi,4223.0,2026-09-17T01:43:49,Hyderabad,af2f2527-a1c,0,12,0
7642b324-dbd2-4008-bef1-ee5e10af92c1,pandeychanchal@upi,kashviedwin@upi,1985.97,2026-08-25T19:43:38,Delhi,864a2d04-55f,0,19,0
29e64366-386e-4eae-acb3-c37c2f1dce34,droy@upi,nidhikohli@upi,575.85,2026-09-02T19:44:08,Pune,554ccb59-53a,0,19,0
9a8c7f95-29d2-42ae-97f2-5c7466c8ebaf,ojasvi77@upi,jkohli@upi,2638.88,2026-09-03T01:24:12,Hyderabad,436c8c6f-1ee,0,12,0
5d83230a-7acb-472e-82d7-1c5819fc5cd3,devimatthew@upi,pandeychanchal@upi,3814.24,2026-07-11T16:43:06,Hyderabad,a1b0f18a-d9c,0,16,0
3b1621d1-4f0e-4611-8c9d-e145246b560e,triyagopal@upi,darsh64@upi,2650.06,2026-07-09T16:24:50,Kolkata,6fa13b38-3c4,0,16,0
8eb95f39-d2f6-4b1e-99a7-c10362e42871,beramax@upi,desaiaishani@upi,2938.44,2026-08-13T02:36:05,Bengaluru,66663ca1-cbd,0,19,0
260b4451-86de-4567-8cf9-c60e81986708,chandani64@upi,roak@upi,4395.53,2026-08-28T08:09:03,Kolkata,0a20b114-3c9,0,8,0
b98a635e-b585-40e9-920b-91386216c108,lshere@upi,raksha87@upi,3453.11,2026-07-15T11:21:50,Hyderabad,39597721-7f3,0,11,0
380751be-624e-4d86-b930-c21dd092d63d,sawhneyojas@upi,avarkey@upi,4468.73,2026-08-31T14:00:33,Akola,925a5673-7ea,0,14,0
7bf411f3-3b18-4f23-9031-79e853e3b87b,priya51@upi,yauvanicomar@upi,2067.09,2026-08-24T20:42:30,Pune,5f36b3fa-a9d,0,20,0
5f51cb8c-7ef7-44bd-a45f-4e6dd552cfa5,vinayakanda@upi,indali23@upi,1141.81,2026-09-04T05:33:45,Delhi,23fef535-1f4,0,12,0
9f6edc08-cde1-49ce-bbe2-e196350e420b,modibhavini@upi,bhattvamakshi@upi,3111.47,2026-08-12T07:33:22,Bengaluru,2ce18ffb-7ff,0,7,0
ff92e7b3-aaca-48ef-b8c8-a87fa9e870fa,karnikazad@upi,teerth09@upi,2268.96,2026-07-12T22:00:40,Akola,6f0a5b17-392,0,22,0
a129b398-b4be-4992-a138-cb964eab29f7,ekantika31@upi,pavani85@upi,1335.79,2026-09-16T19:33:27,Akola,c10de943-186,0,19,0
d549f1c9-03fd-4f1e-a27c-6c2f04562434,beramax@upi,utkarsh52@upi,2705.32,2026-07-12T07:16:45,Hyderabad,66663ca1-cbd,0,7,0
8fba62d4-3bb7-47da-9ac4-72dcaa0567a3,uchandran@upi,urvashi66@upi,4676.18,2026-09-06T06:18:59,Delhi,ea9893d5-713,0,6,0
